data_inicio_semana_epidemi,precip_total_mm,precip_max_dia_mm,precip_media_dia_mm,dias_de_chuva,temp_media,temp_min,temp_max,temp_amplitude_media,orvalho_min,orvalho_media,orvalho_max,umid_min,umid_media,umid_max,pressao_min,pressao_media,pressao_max,radiacao_min,radiacao_media,radiacao_max,vento_media,vento_max
2018-12-30,20.72,13.13,2.96,3,25.84857142857143,18.14,35.91,9.628571428571426,17.91,21.87142857142857,24.47,75.56,79.91285714285713,86.06,100.29,100.60571428571428,100.93,9.36,20.837142857142858,28.12,3.5357142857142856,4.96
2019-01-06,17.34,5.03,2.4771428571428573,5,25.617142857142856,21.15,32.27,7.478571428571428,21.09,22.595714285714283,24.14,79.57,84.03999999999999,85.84,100.04,100.67857142857143,101.16,10.08,15.892857142857142,28.11,3.7971428571428576,4.99
2019-01-13,60.589999999999996,18.8,8.655714285714286,7,25.478571428571428,18.63,31.31,6.65285714285714,18.46,22.8,24.66,82.09,85.84,90.33,100.48,100.73714285714286,101.01,9.35,17.654285714285713,26.1,3.802857142857143,6.42
2019-01-20,4.02,1.92,0.5742857142857142,1,24.80857142857143,18.38,32.16,9.14714285714286,18.95,21.428571428571427,22.92,78.52,82.71285714285715,85.23,100.88,100.99142857142859,101.13,19.28,25.187142857142856,30.15,3.7914285714285714,5.74
2019-01-27,27.4,12.12,3.914285714285714,4,28.71857142857143,21.96,36.55,10.962857142857143,22.61,23.482857142857142,24.37,70.12,75.46714285714286,81.39,100.6,100.78571428571429,100.92,13.61,23.66571428571428,29.06,3.0714285714285716,4.27
2019-02-03,2.78,2.69,0.39714285714285713,1,23.841428571428573,16.19,35.21,11.057142857142853,15.43,17.75857142857143,21.16,67.9,71.22857142857143,74.45,100.44,100.99714285714286,101.5,20.43,25.752857142857142,28.88,3.2285714285714286,4.83
2019-02-10,30.57,9.76,4.367142857142857,5,24.224285714285713,17.92,32.99,8.334285714285716,14.87,19.50857142857143,23.31,65.56,76.26142857142858,82.81,100.24,100.77857142857144,101.39,7.55,17.60142857142857,25.69,4.107142857142857,5.71
2019-02-17,1.0599999999999998,0.57,0.1514285714285714,0,26.07857142857143,17.77,36.21,12.495714285714282,18.3,19.81142857142857,21.13,64.66,71.99714285714286,79.05,100.25,100.64,100.96,20.85,25.568571428571428,28.29,3.1157142857142857,5.24
2019-02-24,28.009999999999998,17.84,4.001428571428571,2,23.165714285714284,15.72,35.47,10.457142857142859,15.98,17.21,20.79,67.4,71.98714285714286,80.65,99.93,100.74,101.07,5.01,19.207142857142856,26.76,2.998571428571428,5.27
2019-03-03,73.03,31.09,10.432857142857143,4,25.42142857142857,19.39,35.19,9.454285714285717,18.3,20.95,22.66,70.3,78.65714285714286,86.61,100.64,100.89,101.26,7.39,16.63142857142857,23.4,3.257142857142857,6.52
2019-03-10,3.6500000000000004,1.09,0.5214285714285715,1,22.485714285714288,16.64,28.97,9.292857142857141,16.23,18.55857142857143,20.55,76.16,79.8157142857143,85.78,100.51,101.03285714285714,101.62,16.3,19.047142857142855,23.39,3.9299999999999997,5.35
2019-03-17,17.51,7.88,2.501428571428572,4,21.24142857142857,12.9,29.63,8.92285714285714,12.57,17.17142857142857,22.2,70.92,79.14,87.23,100.26,100.97285714285714,101.47,5.89,15.574285714285717,21.93,3.317142857142857,3.94
2019-03-24,1.16,0.87,0.1657142857142857,0,21.545714285714286,14.74,31.31,11.311428571428568,12.58,16.162857142857142,18.28,64.41,73.93857142857142,79.37,100.92,101.44142857142857,101.98,12.22,18.462857142857143,22.88,3.7914285714285714,5.8
2019-03-31,40.53,18.99,5.79,3,24.24285714285714,17.9,32.82,9.431428571428572,18.11,20.018571428571427,22.19,73.08,79.32000000000001,86.53,100.06,100.70857142857143,101.23,8.66,14.598571428571429,19.78,3.0171428571428573,4.99
2019-04-07,6.76,4.13,0.9657142857142856,2,20.849999999999998,12.88,29.26,10.447142857142858,14.79,17.262857142857143,19.36,78.68,81.6842857142857,88.53,100.86,101.16285714285713,101.41,8.99,15.871428571428568,20.33,3.0614285714285714,3.76
2019-04-14,48.84,46.53,6.977142857142858,2,21.73,14.78,30.3,9.02714285714286,17.32,18.222857142857144,20.03,75.43,81.80857142857143,91.0,100.72,100.94142857142857,101.29,5.46,12.882857142857143,16.28,3.192857142857143,6.58
2019-04-21,78.49,56.08,11.212857142857143,3,21.59,14.87,29.49,7.617142857142856,13.79,18.82,22.07,75.06,85.2042857142857,94.48,100.56,101.1542857142857,101.48,4.16,7.5914285714285725,12.9,3.5785714285714287,4.8
2019-04-28,35.44,30.48,5.062857142857142,2,20.24142857142857,12.94,28.22,8.644285714285715,15.19,17.735714285714288,22.38,82.75,86.09714285714286,92.85,100.62,100.89285714285714,101.14,5.28,12.424285714285714,16.82,2.3185714285714285,3.34
2019-05-05,55.949999999999996,15.7,7.992857142857142,5,20.127142857142854,13.02,26.84,6.578571428571426,14.49,18.178571428571427,22.06,82.13,88.91857142857143,92.97,100.3,101.02142857142857,101.53,4.11,8.485714285714284,14.26,3.1614285714285715,4.62
2019-05-12,20.08,7.93,2.8685714285714283,3,17.697142857142858,11.67,24.99,8.331428571428575,13.88,15.631428571428572,17.36,84.65,88.26714285714286,93.27,101.36,101.71428571428571,102.09,3.85,10.87142857142857,15.0,3.394285714285714,4.43
2019-05-19,46.62,19.81,6.659999999999999,5,18.244285714285716,12.55,24.73,6.202857142857141,12.12,16.41857142857143,18.13,80.39,89.55142857142857,94.12,100.81,101.06142857142858,101.32,5.74,8.977142857142857,13.73,3.1999999999999997,5.12
2019-05-26,66.28,28.59,9.468571428571428,5,16.288571428571426,10.43,20.35,5.571428571428571,13.45,14.91,16.32,88.18,91.53428571428572,93.82,100.71,101.03142857142858,101.34,3.08,7.207142857142856,12.48,3.565714285714286,5.71
2019-06-02,4.73,2.1,0.6757142857142858,2,15.827142857142857,7.86,23.25,9.23571428571429,11.27,13.824285714285713,15.54,82.96,88.01142857142857,91.08,101.23,101.71857142857142,102.24,4.85,10.007142857142856,11.97,2.654285714285714,3.65
2019-06-09,0.52,0.48,0.07428571428571429,0,19.71142857142857,11.04,26.98,9.551428571428572,15.46,17.7,19.37,86.43,88.51428571428572,93.37,101.18,101.35571428571428,101.69,7.0,8.828571428571427,10.85,2.722857142857143,3.53
2019-06-16,6.72,6.5,0.96,1,17.52,8.26,26.94,10.10142857142857,9.16,14.888571428571428,18.53,78.06,84.97142857142856,90.66,101.12,101.62857142857142,101.96,6.85,10.771428571428572,12.86,2.988571428571429,4.59
2019-06-23,20.23,10.68,2.89,3,16.64,4.32,27.57,10.238571428571428,3.67,13.614285714285714,19.5,69.19,82.5442857142857,94.19,100.28,100.92142857142858,101.44,2.67,8.955714285714286,12.77,3.7057142857142855,5.71
2019-06-30,30.95,29.68,4.421428571428572,2,10.088571428571429,2.05,22.06,8.620000000000001,2.08,6.29,16.95,74.22,78.98142857142857,88.4,100.62,101.27142857142857,102.35,3.9,10.84142857142857,13.4,3.9,6.81
2019-07-07,13.66,12.23,1.9514285714285715,2,12.505714285714287,0.87,22.8,12.144285714285711,2.34,9.995714285714286,15.1,79.28,85.01857142857143,92.49,100.89,101.58857142857143,102.49,2.76,10.0,13.28,2.4200000000000004,3.19
2019-07-14,2.89,2.49,0.41285714285714287,1,13.021428571428572,6.35,24.3,9.881428571428573,7.95,11.358571428571429,15.35,87.21,88.98428571428572,91.19,101.3,101.72,102.18,5.69,10.400000000000002,13.75,2.4314285714285715,2.96
2019-07-21,86.38,39.8,12.34,5,16.615714285714287,6.91,25.45,7.245714285714284,8.41,15.005714285714285,18.16,84.15,90.56857142857143,95.23,100.88,101.45285714285714,102.28,1.52,4.727142857142857,12.99,3.3957142857142855,5.71
2019-07-28,23.57,9.21,3.367142857142857,4,13.77,4.82,25.6,10.585714285714287,5.18,11.295714285714284,14.85,78.44,85.79142857142857,92.67,100.63,101.49285714285715,102.22,6.27,11.721428571428572,15.92,3.4514285714285715,5.28
2019-08-04,21.64,10.41,3.0914285714285716,3,15.384285714285713,3.56,25.89,11.321428571428571,5.24,13.067142857142857,18.16,81.27,86.78428571428572,91.21,101.09,101.79142857142857,102.7,3.61,12.227142857142855,16.66,3.077142857142857,5.76
2019-08-11,19.330000000000002,18.6,2.7614285714285716,1,13.352857142857143,3.21,26.14,11.53857142857143,5.81,10.99,16.67,80.53,85.95,94.06,100.61,101.75142857142858,102.9,3.03,12.665714285714285,16.25,3.0985714285714283,4.74
2019-08-18,0.12,0.05,0.017142857142857144,0,11.754285714285714,4.87,19.5,9.832857142857144,6.58,9.13,10.96,82.06,84.07142857142857,86.24,101.37,102.05571428571429,102.34,13.13,14.245714285714286,16.06,3.3128571428571427,4.51
2019-08-25,30.41,24.88,4.344285714285714,2,17.472857142857144,7.92,28.11,11.372857142857141,11.25,14.872857142857143,17.88,82.51,85.42428571428572,92.04,100.63,101.35285714285715,101.9,7.74,14.767142857142856,18.47,3.0100000000000002,3.92
2019-09-01,12.18,12.04,1.74,1,13.239999999999998,5.25,25.62,10.07857142857143,4.99,9.587142857142856,17.16,73.94,80.18999999999998,89.32,101.01,101.67,102.49,4.32,15.538571428571426,21.1,2.7642857142857147,4.33
2019-09-08,36.17,14.85,5.167142857142857,4,18.987142857142857,11.88,30.69,8.914285714285715,12.03,16.731428571428573,21.06,81.76,87.42,91.53,100.39,101.04857142857142,101.86,3.12,10.008571428571429,19.59,3.755714285714286,4.97
2019-09-15,32.72,27.49,4.674285714285714,4,17.181428571428572,8.92,30.35,10.162857142857145,9.01,14.264285714285714,19.96,76.57,83.96857142857142,90.38,100.27,100.87571428571428,101.76,5.76,15.629999999999999,23.46,3.2357142857142853,5.56
2019-09-22,0.03,0.03,0.004285714285714286,0,15.205714285714285,5.8,24.26,12.180000000000001,8.73,11.802857142857144,14.33,77.4,80.73857142857143,84.06,101.48,101.81142857142858,102.28,18.62,22.514285714285712,24.28,3.3214285714285716,4.45
2019-09-29,106.3,45.37,15.185714285714285,4,20.585714285714285,12.05,31.49,10.318571428571431,15.24,17.83857142857143,19.43,77.82,84.85714285714286,91.3,100.08,100.79142857142857,101.48,4.79,13.180000000000001,24.23,3.9514285714285715,6.01
2019-10-06,3.7399999999999998,3.67,0.5342857142857143,1,21.041428571428575,13.6,33.99,12.035714285714286,14.61,17.501428571428573,22.05,75.6,81.50999999999999,89.04,100.49,101.09571428571428,101.6,10.62,22.24142857142857,25.3,2.8085714285714287,3.79
2019-10-13,67.32000000000001,21.6,9.617142857142857,6,19.448571428571427,12.93,30.56,8.047142857142857,13.29,16.704285714285714,20.26,77.41,84.89999999999999,89.66,100.61,101.32714285714285,101.93,4.05,12.492857142857144,28.14,4.888571428571429,7.31
2019-10-20,10.61,9.2,1.5157142857142856,2,17.84,10.93,27.31,10.50857142857143,12.35,14.352857142857143,16.84,78.59,81.32714285714285,86.86,100.78,101.10000000000001,101.35,5.44,21.86285714285714,29.55,3.174285714285714,4.51
2019-10-27,98.15,32.81,14.021428571428572,6,23.327142857142857,17.2,31.97,9.132857142857144,18.27,20.830000000000002,23.04,82.55,86.59714285714287,92.2,100.14,100.63571428571429,101.25,2.02,10.117142857142856,20.46,3.827142857142857,5.8
2019-11-03,67.96,33.91,9.708571428571428,5,20.654285714285713,13.14,27.28,9.394285714285713,14.22,18.03,19.6,77.76,85.73142857142857,92.36,100.17,100.76428571428572,101.28,3.94,19.19857142857143,31.03,3.468571428571429,4.15
2019-11-10,16.89,7.05,2.412857142857143,4,21.298571428571428,15.04,28.08,8.372857142857146,14.61,18.044285714285714,20.18,75.33,82.71000000000001,88.1,100.29,100.88285714285715,101.5,12.33,21.67571428571429,30.95,4.051428571428572,6.89
2019-11-17,11.09,5.76,1.5842857142857143,2,22.277142857142856,11.97,31.86,12.482857142857142,14.98,18.475714285714286,22.6,77.3,80.58142857142856,84.62,100.47,100.91571428571429,101.22,17.29,27.474285714285713,30.95,3.152857142857143,5.68
2019-11-24,6.18,3.52,0.8828571428571428,2,21.147142857142857,12.65,31.68,12.001428571428571,12.73,16.59857142857143,21.52,69.64,76.56428571428572,85.06,100.38,100.74285714285715,101.33,11.7,24.365714285714287,32.67,3.75,5.26
2019-12-01,10.02,9.83,1.4314285714285713,1,20.815714285714286,12.42,30.19,11.01142857142857,12.49,15.695714285714287,19.43,70.64,74.30857142857143,79.86,100.41,100.79285714285713,101.28,25.66,30.291428571428572,33.14,3.232857142857143,4.13
2019-12-08,0.5,0.32,0.07142857142857142,0,22.705714285714286,14.5,32.14,12.620000000000001,14.0,17.61857142857143,20.61,69.74,75.14857142857143,79.0,100.17,100.73,101.19,19.29,28.63285714285714,32.96,3.025714285714286,4.3
2019-12-15,19.88,6.9,2.84,4,22.865714285714287,14.36,33.06,9.854285714285712,15.8,18.88714285714286,22.41,75.7,79.48571428571428,82.37,100.05,100.61857142857143,101.17,15.65,25.53142857142857,33.08,4.105714285714286,5.4
2019-12-22,0.02,0.02,0.002857142857142857,0,24.014285714285712,13.17,33.9,13.032857142857146,13.69,18.164285714285715,21.83,66.32,72.48285714285714,78.17,100.65,100.80571428571429,100.97,25.69,30.852857142857143,34.55,3.46,5.13
2019-12-29,14.84,6.14,2.12,5,25.608571428571427,19.08,35.13,9.957142857142856,18.2,20.698571428571427,22.92,69.63,76.25285714285714,80.38,100.11,100.60285714285715,101.17,20.71,25.408571428571427,30.64,4.174285714285714,6.45
2020-01-05,26.16,22.25,3.737142857142857,2,26.235714285714288,18.19,35.91,12.11714285714286,18.78,20.642857142857142,23.83,67.66,74.14285714285714,81.68,99.92,100.35000000000001,100.61,17.76,26.36285714285714,30.78,3.4414285714285713,4.72
2020-01-12,16.380000000000003,11.28,2.3400000000000003,2,23.935714285714287,14.93,33.93,11.397142857142857,12.74,17.93,22.62,64.88,71.29571428571428,74.79,100.27,101.02428571428571,101.67,18.76,27.13,30.93,3.674285714285714,5.3
2020-01-19,17.67,11.97,2.5242857142857145,4,24.372857142857146,16.61,34.19,10.894285714285711,17.66,19.21142857142857,21.51,69.67,75.38285714285715,82.08,100.4,100.67285714285715,101.0,15.62,24.005714285714287,28.92,3.8414285714285716,6.16
2020-01-26,26.03,9.08,3.718571428571429,6,25.617142857142856,19.06,33.54,10.228571428571428,18.64,20.25,21.53,65.2,74.4557142857143,80.0,100.39,100.61142857142856,100.97,13.31,21.33571428571429,26.97,2.988571428571429,4.8
2020-02-02,10.66,9.09,1.522857142857143,1,26.774285714285714,19.28,35.88,12.09,19.63,20.648571428571426,21.94,68.89,71.89571428571428,74.84,100.47,100.90142857142857,101.1,23.2,26.572857142857142,28.69,4.5600000000000005,5.65
2020-02-09,11.56,10.63,1.6514285714285715,1,24.427142857142858,16.27,34.67,10.908571428571427,15.16,17.537142857142857,20.07,61.98,68.04142857142857,75.79,100.55,100.99857142857142,101.42,15.04,21.902857142857147,26.87,4.0,5.45
2020-02-16,17.53,10.5,2.5042857142857144,3,25.012857142857143,13.56,36.97,11.534285714285716,10.84,18.002857142857145,23.92,54.02,68.41142857142857,81.65,100.26,100.72857142857143,101.54,10.72,21.918571428571425,26.4,3.4642857142857144,5.19
2020-02-23,21.84,15.57,3.12,3,22.842857142857145,14.57,33.66,13.054285714285712,13.39,15.678571428571429,20.35,63.34,67.90428571428572,74.19,100.28,100.94857142857143,101.44,22.03,24.71142857142857,27.1,3.1485714285714286,5.19
2020-03-01,1.88,0.38,0.26857142857142857,0,22.617142857142856,15.83,31.52,12.665714285714287,14.43,16.23857142857143,17.09,66.71,70.67142857142856,73.16,100.81,101.32000000000001,101.64,22.29,24.24285714285714,26.73,4.188571428571429,5.1
2020-03-08,2.42,0.54,0.3457142857142857,0,26.617142857142856,18.3,38.86,15.997142857142862,17.08,18.28857142857143,19.42,63.52,66.08285714285714,71.79,100.73,100.91428571428571,101.14,16.7,22.39428571428571,24.4,3.044285714285714,3.79
2020-03-15,19.78,7.65,2.825714285714286,4,24.255714285714284,17.56,34.2,10.447142857142858,15.98,19.08142857142857,21.44,68.33,75.49571428571429,84.77,100.32,100.74428571428572,101.0,6.15,15.098571428571429,22.28,3.6714285714285713,4.59
2020-03-22,0.34,0.23,0.04857142857142858,0,24.49142857142857,17.06,34.29,13.739999999999998,16.02,16.78,17.66,59.99,66.61142857142858,71.52,100.91,101.12,101.4,19.76,21.724285714285713,23.39,3.7271428571428573,4.44
2020-03-29,12.04,8.73,1.72,3,23.56857142857143,14.0,33.46,11.12142857142857,12.11,17.177142857142858,19.92,64.51,70.25428571428571,75.08,100.42,100.87428571428572,101.07,14.03,16.32857142857143,19.36,4.137142857142857,6.75
2020-04-05,11.05,7.36,1.5785714285714287,2,18.454285714285714,9.83,30.04,10.34,8.26,12.74,17.84,58.38,72.94285714285715,83.9,100.86,101.29142857142857,101.6,12.74,17.224285714285713,21.23,3.0942857142857143,4.51
2020-04-12,3.74,1.78,0.5342857142857144,2,18.764285714285712,11.1,29.25,12.334285714285715,6.29,12.394285714285715,14.94,51.53,69.98,81.32,100.37,101.25999999999999,101.95,11.19,14.707142857142857,18.23,4.305714285714286,6.95
2020-04-19,1.18,0.31,0.16857142857142857,0,21.135714285714283,13.58,32.62,15.940000000000003,13.41,13.888571428571428,15.12,61.79,69.09,74.38,101.06,101.27142857142857,101.69,15.31,17.16857142857143,18.5,2.685714285714286,3.13
2020-04-26,2.6,1.24,0.37142857142857144,1,20.59714285714286,11.51,32.4,11.934285714285718,8.15,13.778571428571428,17.59,57.09,68.38857142857144,78.92,101.11,101.4557142857143,101.84,7.6,12.505714285714285,17.13,3.698571428571429,5.83
2020-05-03,6.029999999999999,5.14,0.8614285714285713,1,16.695714285714285,7.68,27.41,12.964285714285717,7.66,9.775714285714285,14.79,61.0,67.81,77.05,100.57,101.38142857142857,101.92,5.64,12.902857142857142,15.82,2.9085714285714284,4.92
2020-05-10,46.62,22.39,6.659999999999999,3,16.715714285714284,7.66,30.81,11.621428571428572,8.02,11.835714285714285,18.06,62.03,76.28,96.22,100.91,101.2057142857143,101.64,2.42,10.969999999999999,15.06,3.1357142857142857,4.26
2020-05-17,67.79,31.45,9.684285714285716,3,18.44,9.44,28.46,11.294285714285712,10.35,14.20142857142857,18.58,70.74,78.66714285714285,94.98,100.29,101.05285714285715,101.63,1.72,9.95857142857143,14.65,3.537142857142857,5.96
2020-05-24,1.63,1.47,0.23285714285714285,1,14.478571428571428,7.28,23.62,10.744285714285715,8.66,10.108571428571429,11.91,70.93,76.63571428571429,85.23,100.67,101.1842857142857,101.45,8.02,12.510000000000002,14.0,3.7842857142857143,7.1
2020-05-31,32.25,27.44,4.607142857142857,3,14.078571428571427,6.89,21.78,8.448571428571425,7.69,11.450000000000001,16.0,78.11,84.79285714285713,96.18,100.99,101.41142857142857,101.78,2.17,7.86,13.4,3.7028571428571433,5.27
2020-06-07,43.879999999999995,29.22,6.268571428571428,4,17.19142857142857,9.69,28.34,9.254285714285713,11.6,14.415714285714285,19.01,74.69,84.7942857142857,89.81,100.25,100.92857142857143,101.36,4.58,6.845714285714286,11.12,3.1771428571428575,4.74
2020-06-14,3.17,2.43,0.45285714285714285,1,16.419999999999998,4.21,26.25,9.438571428571427,3.83,14.147142857142857,18.82,74.49,86.98428571428572,92.22,100.67,101.45142857142856,102.42,4.76,9.56142857142857,13.28,2.7542857142857144,4.82
2020-06-21,24.58,23.13,3.511428571428571,2,16.93857142857143,6.75,26.87,8.894285714285715,5.54,13.267142857142858,17.55,73.71,80.17571428571429,89.71,100.28,101.00714285714285,101.78,3.08,8.952857142857143,12.24,3.5614285714285714,4.43
2020-06-28,107.15,86.61,15.307142857142859,3,10.494285714285713,2.71,17.7,9.002857142857142,3.81,7.932857142857143,13.85,78.06,85.01857142857143,94.88,99.85,101.16285714285713,101.95,1.72,8.714285714285714,12.84,3.8771428571428572,7.93
2020-07-05,140.21,93.58,20.03,5,11.998571428571427,3.36,18.95,6.917142857142856,6.48,10.445714285714287,12.8,82.51,90.54142857142857,94.51,100.71,101.17999999999999,101.66,1.05,7.7057142857142855,13.32,3.96,7.55
2020-07-12,29.490000000000002,17.12,4.2128571428571435,2,11.15,1.1,26.72,10.785714285714286,1.52,8.614285714285714,18.39,72.94,85.59,92.99,100.63,101.49714285714286,102.1,1.71,9.51142857142857,14.5,2.795714285714286,3.59
2020-07-19,7.78,6.46,1.1114285714285714,2,18.167142857142856,6.37,26.77,10.625714285714286,6.33,15.37142857142857,18.24,79.96,84.5657142857143,89.08,100.85,101.11428571428571,101.77,6.16,10.987142857142857,12.79,3.692857142857143,5.45
2020-07-26,45.72,30.48,6.531428571428571,3,11.049999999999999,2.19,22.28,11.192857142857143,3.98,8.631428571428572,13.64,78.27,86.02285714285713,93.11,101.19,101.91571428571429,102.41,7.1,12.858571428571429,15.53,2.6814285714285715,3.83
2020-08-02,0.56,0.15,0.08,0,17.204285714285714,9.35,25.72,13.092857142857143,14.1,14.474285714285713,15.09,78.14,84.44428571428571,87.65,101.79,101.91142857142857,102.05,9.33,13.647142857142857,15.98,2.255714285714286,2.89
2020-08-09,49.910000000000004,25.77,7.130000000000001,5,15.23857142857143,6.71,26.44,9.799999999999997,9.4,12.79857142857143,15.1,78.24,85.90142857142857,92.05,100.4,100.94285714285715,101.47,3.09,8.842857142857143,15.33,3.39,4.38
2020-08-16,11.690000000000001,8.77,1.6700000000000002,2,11.834285714285715,2.17,23.92,10.957142857142857,1.63,7.9957142857142856,15.52,67.0,79.22428571428573,89.44,100.46,101.57857142857142,102.53,12.42,16.162857142857142,18.93,2.6814285714285715,3.85
2020-08-23,5.790000000000001,3.97,0.8271428571428573,2,17.30142857142857,4.99,28.6,12.350000000000001,9.26,14.677142857142856,19.33,83.42,85.36857142857143,89.07,100.54,101.15857142857143,101.99,2.97,13.717142857142857,19.18,3.1242857142857146,3.57
2020-08-30,52.74,23.03,7.534285714285715,6,14.772857142857143,9.35,26.53,6.932857142857143,8.25,12.498571428571429,16.65,79.97,86.82428571428571,92.21,100.98,101.59571428571428,102.21,3.51,8.272857142857143,15.53,4.638571428571429,7.3
2020-09-06,63.89,22.07,9.127142857142857,6,17.56714285714286,11.75,26.63,7.90285714285714,14.14,15.928571428571429,18.14,86.88,90.36857142857143,93.26,100.65,101.16857142857143,101.52,2.27,8.854285714285714,18.31,4.497142857142857,6.98
2020-09-13,44.32,25.94,6.331428571428572,5,16.935714285714287,7.82,25.33,9.362857142857145,10.26,14.447142857142856,17.91,78.58,85.76857142857143,94.29,100.68,101.15428571428572,101.79,3.04,11.272857142857143,21.77,3.0957142857142856,4.47
2020-09-20,1.4300000000000002,1.35,0.20428571428571432,1,15.985714285714284,4.74,27.73,12.651428571428573,5.87,12.225714285714288,18.21,70.55,80.06714285714285,86.89,100.43,101.48428571428572,102.0,11.53,21.05142857142857,24.7,2.954285714285714,3.68
2020-09-27,71.81,26.96,10.258571428571429,6,19.63,11.72,32.94,9.07,12.57,17.18857142857143,22.98,81.06,86.66142857142857,90.73,99.87,100.66857142857143,101.85,2.24,9.874285714285715,21.62,4.43,6.78
2020-10-04,6.800000000000001,6.11,0.9714285714285715,1,16.661428571428573,10.52,24.49,9.247142857142856,10.68,13.815714285714284,17.02,76.39,84.30571428571429,90.17,100.72,101.05999999999999,101.51,7.08,18.285714285714285,27.36,3.7414285714285715,7.16
2020-10-11,0.33,0.09,0.047142857142857146,0,17.747142857142858,8.35,25.59,12.41,12.83,14.664285714285715,15.74,80.72,82.85428571428572,85.29,100.93,101.28,101.72,18.33,24.111428571428572,27.21,3.3114285714285714,5.13
2020-10-18,2.0,0.92,0.2857142857142857,0,21.27,14.87,29.9,10.008571428571432,16.32,18.225714285714286,19.99,78.2,84.02,87.94,100.67,101.07142857142857,101.64,7.91,17.747142857142858,27.78,3.9699999999999998,7.05
2020-10-25,32.91,16.14,4.701428571428571,3,19.16,10.66,28.77,9.654285714285715,11.97,15.671428571428573,20.41,76.11,81.14285714285714,85.34,100.05,100.76285714285714,101.82,9.12,17.264285714285712,26.22,4.1257142857142854,5.46
2020-11-01,2.93,1.92,0.4185714285714286,1,17.492857142857144,11.29,26.59,10.612857142857145,10.77,13.695714285714287,17.4,73.75,79.84285714285714,83.3,101.26,101.41428571428571,101.68,21.34,24.442857142857147,27.46,4.1899999999999995,5.22
2020-11-08,6.7,4.7,0.9571428571428572,1,21.784285714285716,16.77,30.21,9.010000000000002,17.96,19.122857142857146,20.09,82.74,85.63142857142859,89.56,100.45,100.84285714285714,101.25,6.83,20.495714285714286,28.73,3.7857142857142856,6.5
2020-11-15,19.180000000000003,16.67,2.7400000000000007,2,19.574285714285715,13.0,27.56,9.454285714285714,13.88,15.825714285714286,21.06,75.97,80.38,88.23,100.38,100.89,101.24,11.37,23.06,30.34,3.4928571428571433,4.28
2020-11-22,7.640000000000001,3.58,1.0914285714285714,3,22.665714285714284,13.15,34.98,11.07142857142857,14.87,19.03,21.61,70.99,81.62285714285714,89.33,100.59,101.0657142857143,101.42,11.95,23.785714285714285,32.29,3.778571428571429,5.28
2020-11-29,30.41,16.41,4.344285714285714,3,22.731428571428573,17.16,29.69,8.164285714285715,14.2,18.85571428571429,22.64,72.6,79.6842857142857,84.93,99.9,100.79714285714286,101.67,13.8,22.28714285714286,29.9,4.347142857142857,5.77
2020-12-06,7.69,5.17,1.0985714285714285,2,22.747142857142855,16.16,34.7,9.641428571428573,15.89,18.934285714285714,21.6,72.92,80.59714285714286,85.88,100.31,100.84714285714286,101.44,8.71,23.045714285714286,32.88,3.2214285714285715,5.39
2020-12-13,29.77,14.11,4.252857142857143,5,24.610000000000003,17.18,32.98,9.774285714285714,18.07,20.951428571428572,23.16,77.96,81.38,86.08,99.85,100.48857142857142,100.81,11.45,22.44571428571428,31.68,3.6114285714285717,5.29
2020-12-20,0.25,0.15,0.03571428571428571,0,22.961428571428574,14.8,30.39,10.669999999999998,14.0,17.31142857142857,20.07,68.02,72.54285714285713,76.22,100.37,100.83428571428571,101.1,23.64,28.524285714285718,32.99,4.285714285714286,5.45
2020-12-27,12.37,6.02,1.7671428571428571,2,24.738571428571426,15.96,35.49,11.635714285714283,13.39,18.205714285714286,21.65,59.68,70.38,78.42,100.03,100.69714285714285,101.1,23.44,27.919999999999998,32.97,3.75,4.78
2021-01-03,11.03,9.1,1.5757142857142856,2,26.102857142857143,17.66,35.58,12.340000000000003,16.31,18.681428571428572,21.42,55.99,67.46142857142857,78.25,100.35,100.53142857142858,100.85,12.57,26.015714285714285,32.16,3.427142857142857,4.66
2021-01-10,32.37,22.02,4.624285714285714,3,25.934285714285714,17.95,36.21,9.805714285714284,16.12,19.915714285714284,22.55,66.28,71.65,84.19,100.1,100.75142857142858,101.4,8.54,20.779999999999998,28.63,4.327142857142857,6.64
2021-01-17,12.05,9.84,1.7214285714285715,2,23.818571428571428,16.9,31.29,9.534285714285712,16.56,19.46142857142857,23.16,72.13,78.37428571428572,90.28,100.01,101.0457142857143,101.47,16.62,24.065714285714286,30.08,4.397142857142858,6.13
2021-01-24,63.739999999999995,16.14,9.105714285714285,7,25.712857142857143,20.8,33.08,8.868571428571432,20.62,22.302857142857142,23.77,79.06,82.87142857142858,87.8,99.98,100.28999999999999,100.69,9.17,18.985714285714288,26.73,2.79,3.91
2021-01-31,28.07,12.07,4.01,4,24.594285714285714,15.48,32.95,8.575714285714291,15.8,20.849999999999998,24.73,74.05,80.9057142857143,89.81,100.29,100.49714285714286,100.77,4.96,20.349999999999998,28.83,3.172857142857143,6.08
2021-02-07,5.7299999999999995,3.8,0.8185714285714285,2,24.048571428571428,16.51,30.77,10.924285714285713,17.49,19.108571428571427,20.66,73.69,76.22142857142856,80.36,100.56,100.88571428571427,100.99,15.94,24.357142857142858,29.04,3.4385714285714286,4.83
2021-02-14,5.3999999999999995,2.8,0.7714285714285714,2,24.534285714285716,17.96,32.54,10.874285714285715,16.16,18.27285714285714,20.57,65.47,71.06285714285714,79.91,100.13,100.38571428571429,100.96,12.3,21.330000000000002,27.07,3.222857142857143,4.55
2021-02-21,10.7,5.28,1.5285714285714285,2,25.184285714285714,17.12,35.34,12.66,16.2,18.448571428571427,21.7,65.44,69.80142857142857,76.65,100.6,100.95571428571428,101.41,14.75,24.444285714285716,27.66,4.071428571428571,6.06
2021-02-28,15.0,7.49,2.142857142857143,3,24.65857142857143,19.34,31.25,8.844285714285718,17.22,20.368571428571432,22.32,73.34,79.07000000000001,89.05,100.11,100.67142857142858,101.25,7.42,17.474285714285717,24.24,3.5185714285714282,6.86
2021-03-07,5.6000000000000005,4.74,0.8,1,23.490000000000002,17.22,31.85,11.331428571428571,15.28,16.892857142857142,18.92,64.84,70.23857142857143,79.59,100.71,100.7942857142857,100.94,21.4,22.717142857142857,24.15,2.7142857142857144,4.29
2021-03-14,19.28,11.74,2.7542857142857144,2,24.504285714285714,17.43,33.7,11.5,17.51,19.03,21.58,69.79,74.19285714285715,80.13,100.31,100.84714285714286,101.13,14.14,18.674285714285713,21.16,3.674285714285714,4.41
2021-03-21,29.82,10.13,4.26,5,23.78857142857143,19.46,31.89,7.377142857142854,19.56,20.917142857142856,23.0,78.99,84.96571428571428,90.51,100.68,100.99714285714286,101.26,6.15,12.024285714285716,21.62,3.277142857142857,4.17
2021-03-28,10.74,6.67,1.5342857142857143,2,21.294285714285714,15.13,28.03,9.202857142857141,14.97,16.694285714285716,20.27,73.35,77.13714285714286,81.1,100.59,100.99857142857142,101.37,14.55,16.834285714285716,19.01,3.6,4.43
2021-04-04,0.05,0.02,0.0071428571428571435,0,24.532857142857143,17.44,34.88,12.954285714285714,17.31,17.830000000000002,18.41,61.77,69.79857142857142,74.3,100.69,101.15857142857143,101.37,14.95,18.678571428571427,20.48,3.3428571428571425,4.17
2021-04-11,1.78,0.79,0.2542857142857143,0,22.65142857142857,15.34,35.58,10.875714285714285,14.29,16.034285714285712,18.76,60.35,69.31428571428572,82.48,100.42,101.10714285714286,101.54,11.83,14.030000000000001,19.37,3.3042857142857143,5.66
2021-04-18,2.54,1.39,0.3628571428571429,1,21.178571428571427,14.93,30.16,11.505714285714284,14.01,15.534285714285714,17.81,68.49,73.61857142857143,81.08,100.81,101.33142857142857,101.55,10.42,15.127142857142855,17.25,4.174285714285714,5.84
2021-04-25,11.530000000000001,10.99,1.6471428571428572,1,17.955714285714286,10.24,27.62,12.284285714285712,10.27,12.59142857142857,17.12,71.13,74.72285714285714,82.24,100.83,101.43285714285715,101.88,8.95,15.071428571428571,17.51,2.792857142857143,3.8
2021-05-02,28.34,20.76,4.048571428571429,3,18.25,8.18,32.93,11.827142857142855,9.36,13.061428571428573,16.12,65.03,75.09571428571428,88.99,100.94,101.47714285714287,102.18,3.04,11.120000000000001,15.63,3.07,4.97
2021-05-09,14.309999999999999,8.86,2.044285714285714,2,15.081428571428571,6.59,26.4,11.942857142857143,7.32,10.767142857142858,14.94,72.55,77.81142857142858,81.43,101.34,101.62714285714286,101.9,10.22,13.299999999999999,15.57,2.455714285714286,3.36
2021-05-16,54.790000000000006,47.11,7.827142857142858,3,15.018571428571429,8.69,22.67,9.494285714285713,8.46,11.522857142857143,14.74,74.61,81.42285714285715,93.83,100.19,101.06571428571428,101.46,3.01,10.22,14.69,2.672857142857143,5.05
2021-05-23,53.269999999999996,50.16,7.609999999999999,2,13.772857142857143,6.4,21.62,10.732857142857148,7.92,9.842857142857143,15.07,69.69,78.88571428571429,94.15,100.03,100.88142857142857,101.46,1.11,10.774285714285714,14.32,4.515714285714286,9.5
2021-05-30,4.16,3.54,0.5942857142857143,1,14.631428571428572,3.35,28.2,12.429999999999998,4.66,10.918571428571429,17.12,74.31,80.11142857142856,86.23,100.76,101.19285714285715,101.64,8.41,11.975714285714288,13.97,3.1114285714285717,4.69
2021-06-06,34.49,13.67,4.927142857142857,4,15.258571428571429,6.6,21.37,6.347142857142858,7.3,13.351428571428572,16.73,77.79,89.00142857142858,96.48,101.15,101.43571428571428,101.57,2.41,7.2128571428571435,12.69,3.724285714285714,5.2
2021-06-13,3.48,2.64,0.49714285714285716,1,12.437142857142858,7.06,22.0,9.162857142857144,7.21,10.137142857142857,12.25,79.84,85.73,92.38,101.49,101.80857142857143,102.05,4.43,9.178571428571429,12.94,2.617142857142857,3.43
2021-06-20,89.50999999999999,79.55,12.787142857142856,2,14.69,10.32,21.41,8.56,10.49,12.852857142857143,14.53,82.38,88.65857142857143,94.68,100.46,101.27285714285713,101.79,0.94,5.992857142857142,12.66,3.392857142857143,4.7
2021-06-27,10.78,10.09,1.5399999999999998,1,10.15,5.32,18.83,8.462857142857143,3.05,7.501428571428571,10.89,72.44,83.62571428571428,90.99,101.16,101.89571428571428,102.28,5.63,9.405714285714286,12.97,4.378571428571428,8.61
2021-07-04,0.67,0.14,0.09571428571428572,0,13.874285714285715,6.45,22.8,12.059999999999997,8.86,11.975714285714286,13.16,82.5,87.21857142857142,90.4,101.29,101.71000000000001,102.03,10.23,11.59142857142857,12.9,2.337142857142857,3.28
2021-07-11,9.2,8.07,1.3142857142857143,1,14.984285714285715,7.85,23.41,8.587142857142855,9.82,13.042857142857143,15.31,84.5,88.27857142857144,94.84,100.9,101.23428571428572,101.5,5.47,9.570000000000002,12.28,2.5685714285714285,4.2
2021-07-18,1.13,0.61,0.16142857142857142,0,11.518571428571429,3.59,26.59,13.177142857142858,3.43,7.365714285714286,12.33,69.15,77.16571428571429,83.39,101.24,101.76142857142858,102.14,8.86,13.354285714285714,14.66,4.1242857142857146,8.66
2021-07-25,25.29,18.32,3.6128571428571425,3,11.382857142857144,0.8,26.98,11.837142857142858,2.06,7.284285714285715,16.78,72.6,77.67285714285715,82.28,100.52,101.60142857142857,102.45,1.01,11.560000000000002,15.82,4.14,6.99
2021-08-01,1.3599999999999999,0.47,0.19428571428571426,0,13.745714285714286,5.85,26.42,11.578571428571427,8.66,11.582857142857142,15.05,81.34,86.34285714285714,90.38,101.5,102.20857142857143,102.5,8.74,11.95142857142857,15.19,2.6557142857142857,4.15
2021-08-08,4.81,3.94,0.687142857142857,1,14.781428571428572,6.29,27.01,9.931428571428574,6.08,11.747142857142858,16.3,78.0,83.23142857142857,86.7,100.97,101.7057142857143,102.32,5.02,11.007142857142858,15.43,3.2857142857142856,4.64
2021-08-15,19.09,15.19,2.7271428571428573,3,18.724285714285713,10.35,30.61,9.258571428571427,14.0,16.39142857142857,18.65,74.7,86.55999999999999,95.84,100.41,100.94857142857143,101.35,4.22,8.215714285714286,15.53,2.867142857142857,4.95
2021-08-22,64.47,42.4,9.209999999999999,4,16.134285714285713,7.07,28.86,8.924285714285714,7.86,13.245714285714286,16.78,73.82,84.24714285714286,95.86,100.07,100.90857142857143,101.96,1.43,10.431428571428572,19.35,3.8771428571428572,5.85
2021-08-29,15.55,15.41,2.2214285714285715,1,18.424285714285713,12.51,27.66,11.744285714285713,13.57,14.992857142857144,15.87,75.62,81.74285714285715,85.04,100.95,101.36857142857143,101.94,10.12,15.950000000000001,19.92,3.1585714285714284,3.79
2021-09-05,75.47999999999999,46.68,10.782857142857141,4,16.95,11.52,25.13,7.695714285714288,11.05,14.254285714285714,18.13,77.43,84.91571428571429,93.17,100.13,100.93571428571428,101.42,2.77,10.892857142857142,16.0,4.7057142857142855,6.53
2021-09-12,62.36000000000001,51.39,8.90857142857143,3,17.804285714285715,7.62,30.8,11.329999999999997,9.01,14.922857142857143,21.12,74.32,84.36714285714285,90.31,100.09,101.15857142857143,102.16,1.38,13.741428571428571,23.47,2.697142857142857,3.82
2021-09-19,19.07,7.13,2.724285714285714,3,17.754285714285714,10.77,29.87,9.035714285714288,11.42,14.874285714285715,21.22,75.4,84.00428571428571,89.71,100.42,101.27,101.75,6.4,13.384285714285713,20.07,3.6157142857142857,5.58
2021-09-26,43.57,32.23,6.224285714285714,4,19.018571428571427,12.74,27.59,10.712857142857143,14.3,16.504285714285714,17.94,81.73,85.78285714285714,90.8,100.44,100.95142857142856,101.28,8.36,16.56142857142857,23.71,3.3814285714285712,5.75
2021-10-03,14.57,9.72,2.0814285714285714,3,16.204285714285714,9.47,24.08,9.851428571428572,8.72,12.394285714285715,15.96,70.67,79.46714285714286,86.82,100.47,101.16285714285713,101.51,10.62,18.18857142857143,26.66,3.801428571428571,5.8
2021-10-10,34.73,27.38,4.961428571428571,3,20.197142857142858,12.53,29.54,8.657142857142855,12.86,17.105714285714285,20.07,79.4,83.26142857142858,92.82,99.93,100.80999999999999,101.52,6.59,14.31857142857143,20.08,4.212857142857143,6.31
2021-10-17,5.7,5.4,0.8142857142857143,1,17.444285714285716,9.92,27.88,11.888571428571431,11.48,13.474285714285713,17.01,76.54,79.26142857142858,84.37,99.94,101.19714285714285,101.78,9.91,23.364285714285717,27.41,3.1014285714285714,3.72
2021-10-24,0.87,0.58,0.12428571428571429,0,20.627142857142854,10.22,29.91,13.598571428571425,11.24,15.031428571428572,18.66,65.27,73.04428571428572,80.41,100.87,101.33571428571429,101.71,24.4,28.20285714285714,29.58,4.082857142857143,5.59
2021-10-31,24.14,15.91,3.448571428571429,2,23.025714285714287,16.62,29.93,10.111428571428572,18.05,19.31714285714286,20.22,78.91,81.21714285714286,84.15,100.37,100.78857142857143,101.1,10.0,20.97857142857143,28.11,3.2542857142857144,5.33
2021-11-07,0.16,0.05,0.022857142857142857,0,18.655714285714286,12.64,26.62,10.29,12.99,13.531428571428572,14.42,71.22,73.78857142857143,76.14,101.15,101.36,101.68,23.52,26.927142857142858,30.39,4.588571428571428,6.17
2021-11-14,22.19,16.12,3.1700000000000004,2,20.662857142857142,11.4,30.94,10.890000000000002,13.14,15.989999999999998,20.28,71.48,76.55428571428571,85.11,100.64,100.88857142857144,101.17,7.49,21.22,32.04,3.281428571428571,4.63
2021-11-21,39.27,24.62,5.61,3,22.849999999999998,12.18,34.91,14.454285714285712,13.57,16.84857142857143,19.64,64.26,72.44285714285715,84.56,99.83,100.49857142857142,101.04,14.59,24.95714285714286,32.2,3.752857142857143,6.28
2021-11-28,6.08,4.62,0.8685714285714285,1,21.884285714285713,15.6,29.73,9.581428571428571,14.71,16.72142857142857,19.87,68.27,74.43857142857142,83.49,99.71,100.55714285714285,101.04,13.85,22.907142857142855,26.95,4.561428571428571,6.54
2021-12-05,31.74,23.45,4.534285714285714,2,20.94,13.74,29.49,10.577142857142855,13.99,15.915714285714285,19.46,70.17,75.39857142857143,84.2,100.28,101.11857142857143,101.58,16.93,25.138571428571424,31.69,4.767142857142857,6.2
2021-12-12,21.31,17.96,3.044285714285714,2,23.96857142857143,17.76,34.21,10.01142857142857,17.49,19.62857142857143,21.22,70.36,78.91857142857143,89.43,100.27,100.67571428571429,101.2,4.61,18.557142857142857,31.32,5.0928571428571425,8.01
2021-12-19,1.48,0.96,0.21142857142857144,0,24.21857142857143,15.74,34.78,13.067142857142855,15.28,17.074285714285715,19.73,63.59,68.30857142857143,73.13,100.31,100.65857142857143,100.99,27.06,30.712857142857143,32.45,3.9442857142857144,4.62
2021-12-26,0.8700000000000001,0.66,0.1242857142857143,0,25.944285714285716,16.7,35.82,13.954285714285714,15.53,17.692857142857143,19.0,60.02,65.14142857142858,68.78,100.17,100.53,100.98,23.69,29.214285714285715,33.2,3.7914285714285714,5.64
2022-01-02,44.269999999999996,31.97,6.324285714285714,4,24.62,15.93,39.02,11.098571428571432,15.28,18.474285714285713,21.35,66.52,71.75571428571428,82.05,100.13,100.59,101.08,10.15,20.560000000000002,28.69,4.284285714285714,5.76
2022-01-09,2.94,1.89,0.42,2,26.294285714285714,16.35,37.84,15.13571428571429,15.68,18.072857142857142,21.63,60.47,65.11857142857143,69.04,100.57,100.85857142857142,101.12,25.92,29.882857142857144,31.78,3.632857142857143,5.96
2022-01-16,54.79,31.8,7.827142857142857,3,28.917142857142856,23.3,38.86,10.609999999999996,22.68,23.775714285714287,24.35,65.88,76.28428571428572,80.74,100.33,100.62,100.97,14.88,24.032857142857143,28.46,2.955714285714286,3.39
2022-01-23,55.4,27.73,7.914285714285714,4,26.701428571428572,17.11,38.63,10.462857142857139,15.45,20.65285714285714,23.82,64.85,72.29142857142857,82.0,100.14,100.57714285714285,100.91,12.81,21.854285714285716,27.56,3.6028571428571428,5.49
2022-01-30,17.990000000000002,8.14,2.5700000000000003,3,25.807142857142857,16.29,36.95,11.628571428571426,16.98,19.935714285714287,22.64,65.3,72.84285714285714,81.74,100.13,100.47,100.76,12.53,22.542857142857144,29.62,3.172857142857143,4.2
2022-02-06,2.42,1.42,0.3457142857142857,1,24.467142857142854,15.7,35.74,12.857142857142858,13.99,17.04285714285714,19.31,62.65,66.97571428571429,69.28,100.6,100.78857142857143,101.0,21.21,25.868571428571432,28.46,3.827142857142857,4.44
2022-02-13,2.2,1.84,0.31428571428571433,1,24.495714285714286,15.88,34.1,13.680000000000003,13.12,16.27285714285714,20.12,56.17,65.41857142857143,76.69,100.42,100.69857142857143,100.97,9.26,25.027142857142856,29.59,3.557142857142857,4.24
2022-02-20,11.56,5.51,1.6514285714285715,4,26.814285714285713,18.29,36.78,13.697142857142858,17.13,19.560000000000002,21.92,59.88,68.76571428571428,74.66,100.35,100.82285714285715,101.0,15.62,22.551428571428573,26.11,3.042857142857143,3.9
2022-02-27,15.49,6.15,2.212857142857143,3,27.945714285714285,20.13,38.57,13.512857142857136,18.64,20.374285714285715,22.17,66.14,67.83857142857143,71.03,100.27,100.60428571428572,100.82,8.28,19.671428571428574,24.7,3.031428571428571,4.03
2022-03-06,60.55,22.0,8.65,6,24.972857142857144,16.43,35.47,8.897142857142853,15.32,20.52285714285714,23.5,70.43,78.10571428571428,85.47,100.37,100.74285714285715,101.25,6.63,14.82142857142857,19.28,3.4428571428571426,4.77
2022-03-13,9.27,4.1,1.3242857142857143,3,22.84,16.51,34.63,9.428571428571434,15.86,18.415714285714284,20.52,69.95,77.96571428571428,84.66,100.62,100.96571428571428,101.33,8.43,14.35714285714286,22.08,3.717142857142857,4.72
2022-03-20,45.43,33.42,6.49,2,21.255714285714284,14.4,31.08,9.037142857142857,12.92,16.18285714285714,21.67,67.55,74.68285714285715,86.93,100.14,100.91428571428571,101.85,9.32,15.681428571428569,20.57,4.46,5.93
2022-03-27,28.71,28.24,4.101428571428571,1,19.185714285714287,9.06,31.7,11.904285714285711,8.52,14.112857142857141,18.43,68.63,74.31142857142856,79.87,100.63,101.28857142857143,102.03,5.99,18.987142857142857,22.97,3.275714285714286,4.59
2022-04-03,60.68000000000001,36.49,8.668571428571429,4,20.07857142857143,14.36,25.64,7.728571428571428,16.65,18.24142857142857,19.52,85.33,89.53857142857143,93.02,100.88,101.07285714285715,101.33,2.96,11.28,21.0,2.942857142857143,3.84
2022-04-10,7.17,3.04,1.0242857142857142,2,19.527142857142856,10.96,26.67,7.502857142857142,11.91,16.201428571428572,20.21,73.14,82.13,88.3,100.5,101.03285714285714,101.62,6.49,12.825714285714286,19.34,3.205714285714286,4.16
2022-04-17,3.28,2.34,0.4685714285714285,1,18.951428571428572,12.92,28.21,11.67,11.61,14.44,16.29,72.9,77.4342857142857,80.95,100.18,101.03,101.63,13.77,16.29714285714286,17.94,2.884285714285714,5.12
2022-04-24,66.14,29.2,9.448571428571428,5,19.474285714285713,9.47,31.34,10.641428571428573,11.11,16.142857142857142,21.8,70.56,82.76428571428572,92.35,100.35,101.02,101.85,3.1,12.209999999999999,18.07,3.197142857142857,4.18
2022-05-01,60.33,25.32,8.618571428571428,4,16.43,11.98,21.64,6.097142857142858,12.48,14.108571428571427,15.72,79.79,86.78428571428572,94.01,100.98,101.41428571428571,101.91,3.9,10.167142857142858,14.64,3.1042857142857145,4.97
2022-05-08,27.27,11.62,3.8957142857142855,3,15.709999999999999,9.82,23.29,9.361428571428572,11.27,13.642857142857142,15.97,82.96,87.55571428571429,92.95,101.06,101.33857142857143,101.67,3.2,11.047142857142857,15.91,2.4714285714285715,3.57
2022-05-15,27.95,13.56,3.992857142857143,4,12.680000000000001,5.67,19.26,7.8342857142857145,7.63,10.25,14.62,79.56,85.74571428571429,92.58,100.68,101.23285714285714,101.82,4.71,9.652857142857144,13.7,5.192857142857143,10.51
2022-05-22,18.7,7.54,2.6714285714285713,3,16.228571428571428,9.15,25.1,9.095714285714287,10.68,14.468571428571428,17.03,82.69,89.34571428571428,97.02,100.8,101.34714285714286,101.72,3.27,8.277142857142858,13.44,2.25,3.25
2022-05-29,14.85,13.07,2.1214285714285714,1,10.948571428571428,2.85,19.56,8.831428571428571,3.54,8.364285714285714,15.23,78.22,84.71714285714286,92.14,100.44,101.45,102.02,3.66,9.642857142857142,12.62,3.0042857142857144,3.51
2022-06-05,36.78,18.41,5.2542857142857144,2,13.728571428571428,2.78,21.22,8.102857142857143,0.93,11.782857142857143,15.6,69.17,88.31285714285715,96.61,100.9,101.26571428571428,101.72,2.7,7.8671428571428565,13.19,2.8714285714285714,5.74
2022-06-12,39.040000000000006,38.56,5.577142857142858,1,11.944285714285714,3.25,21.97,11.047142857142855,3.63,9.487142857142857,15.2,72.6,84.57428571428571,94.21,100.18,101.35714285714286,101.98,1.93,10.275714285714285,13.16,3.177142857142857,5.1
2022-06-19,32.08,14.02,4.582857142857143,4,12.512857142857143,1.89,19.05,8.6,4.6,11.225714285714286,14.22,78.76,91.64428571428572,97.45,100.8,101.35000000000001,102.19,2.7,7.1085714285714285,13.31,2.6214285714285714,3.45
2022-06-26,10.65,9.23,1.5214285714285716,2,12.845714285714285,5.24,23.17,8.938571428571429,7.84,10.927142857142856,15.07,83.53,88.13571428571429,94.9,100.86,101.28999999999999,102.03,4.96,8.930000000000001,12.92,3.2157142857142853,4.93
2022-07-03,12.22,8.3,1.7457142857142858,3,17.09,11.96,24.9,7.867142857142859,11.13,15.322857142857144,17.07,87.94,89.74,92.75,100.9,101.28142857142858,101.87,2.91,5.968571428571429,8.63,2.88,4.45
2022-07-10,90.17,33.68,12.881428571428572,5,16.349999999999998,6.65,25.59,9.097142857142858,8.35,14.118571428571428,17.14,79.87,87.28857142857143,94.88,99.94,100.73142857142857,101.74,1.56,6.9,12.76,4.061428571428571,5.73
2022-07-17,9.11,4.84,1.3014285714285714,2,15.459999999999999,5.41,25.72,9.444285714285714,7.7,13.585714285714285,18.33,80.14,88.10571428571428,93.1,100.96,101.44857142857143,102.02,6.56,9.920000000000002,13.44,2.672857142857143,5.14
2022-07-24,27.77,26.66,3.967142857142857,1,16.937142857142856,7.24,26.39,9.57,8.55,14.91,18.01,82.11,87.95571428571428,91.64,100.32,101.16142857142857,101.49,3.55,9.45142857142857,14.43,3.042857142857143,5.51
2022-07-31,21.17,14.2,3.0242857142857145,3,14.331428571428571,6.4,24.92,9.92,7.91,12.381428571428572,16.93,85.15,88.07000000000001,92.3,100.18,101.13142857142857,101.56,6.16,9.697142857142856,13.01,2.7728571428571427,4.18
2022-08-07,36.67,27.62,5.238571428571428,5,14.179999999999998,8.66,22.08,7.942857142857141,10.69,12.227142857142857,13.52,85.18,88.42571428571429,91.45,101.34,101.71714285714286,101.97,3.49,9.321428571428571,14.59,4.207142857142857,6.29
2022-08-14,42.470000000000006,26.05,6.067142857142858,3,13.58,2.21,25.43,11.441428571428572,3.35,10.637142857142859,16.69,73.81,83.14857142857143,86.67,100.03,101.22571428571429,102.68,3.02,12.631428571428572,18.78,3.205714285714286,5.32
2022-08-21,1.88,1.64,0.26857142857142857,1,16.517142857142858,6.5,27.07,12.344285714285713,8.87,13.790000000000001,17.49,80.4,84.27285714285713,87.94,100.72,101.58571428571429,102.24,12.69,15.75285714285714,18.11,2.4499999999999997,4.12
2022-08-28,26.25,14.69,3.75,2,12.992857142857144,5.68,25.22,10.482857142857142,6.03,10.20142857142857,15.13,77.76,83.80714285714285,89.98,100.9,101.86,102.83,5.51,15.31857142857143,20.18,3.6185714285714283,5.19
2022-09-04,21.3,19.2,3.042857142857143,1,16.1,7.22,27.24,11.769999999999998,6.89,12.977142857142857,18.15,73.82,82.67714285714285,87.7,100.27,101.35428571428572,102.25,7.04,16.298571428571428,22.57,3.335714285714286,5.85
2022-09-11,4.81,2.64,0.687142857142857,2,15.275714285714287,8.29,22.44,9.950000000000001,8.15,12.554285714285713,13.82,76.34,84.2957142857143,88.3,100.94,101.55285714285715,102.0,10.81,17.384285714285713,22.36,3.7671428571428573,4.98
2022-09-18,33.71,20.68,4.815714285714286,3,14.817142857142857,6.88,22.91,10.244285714285713,7.44,11.764285714285714,14.53,74.79,83.30285714285715,91.39,100.73,101.12,101.65,4.05,16.204285714285714,24.29,3.7914285714285714,5.83
2022-09-25,7.4799999999999995,6.93,1.0685714285714285,1,16.507142857142856,8.58,24.2,9.855714285714287,10.61,13.59,16.05,77.47,83.37714285714286,87.96,100.97,101.50428571428571,101.97,10.03,15.941428571428572,22.23,3.3528571428571428,4.55
2022-10-02,17.229999999999997,12.04,2.461428571428571,2,16.654285714285713,8.9,26.11,11.197142857142856,10.4,13.567142857142857,18.12,77.07,82.78285714285714,93.08,100.03,100.86571428571428,101.64,6.39,19.467142857142854,25.83,3.7357142857142853,6.32
2022-10-09,16.16,8.08,2.3085714285714287,3,16.545714285714286,7.3,24.82,9.540000000000003,8.8,13.034285714285714,16.76,71.31,80.73285714285714,88.15,101.03,101.55285714285715,102.2,6.61,14.108571428571429,22.29,4.468571428571429,6.37
2022-10-16,12.46,5.86,1.78,3,19.582857142857144,12.75,25.56,8.93142857142857,15.75,17.06714285714286,18.6,82.12,86.11571428571428,89.53,100.15,101.00999999999999,101.54,12.87,16.261428571428574,22.57,3.79,6.27
2022-10-23,6.9,4.12,0.9857142857142858,2,20.512857142857143,12.26,30.96,12.47142857142857,14.26,16.764285714285712,20.38,75.0,80.63,84.71,100.15,100.78285714285714,101.45,21.45,25.312857142857144,29.49,3.327142857142857,4.26
2022-10-30,37.85,31.79,5.4071428571428575,2,16.59857142857143,7.63,29.44,9.955714285714286,8.27,12.319999999999999,21.44,72.35,77.36857142857143,85.08,99.73,101.66428571428571,102.47,4.26,22.372857142857146,30.58,4.2542857142857144,6.96
2022-11-06,15.049999999999999,7.56,2.15,4,18.424285714285713,12.4,25.97,8.410000000000002,13.65,15.611428571428572,19.73,81.21,84.50571428571428,89.1,100.65,101.32142857142857,101.88,13.63,22.077142857142857,27.46,3.7600000000000002,4.84
2022-11-13,16.88,12.4,2.4114285714285715,2,21.72714285714286,13.25,29.14,12.07857142857143,14.63,16.832857142857144,20.7,70.15,75.92285714285715,88.0,100.15,100.85000000000001,101.35,9.32,26.117142857142856,31.66,3.825714285714286,5.93
2022-11-20,28.16,25.69,4.022857142857143,2,21.881428571428568,13.84,30.39,10.71142857142857,15.51,18.072857142857142,20.37,76.07,80.45142857142856,86.9,100.59,100.94142857142857,101.43,10.51,23.51,32.18,3.3128571428571427,5.45
2022-11-27,11.04,5.59,1.577142857142857,3,23.86285714285714,17.08,33.01,9.130000000000003,18.21,20.352857142857143,22.41,77.97,82.16428571428571,86.47,100.14,100.61428571428573,101.37,15.72,23.178571428571427,27.83,4.537142857142857,6.64
2022-12-04,19.5,17.06,2.7857142857142856,2,24.59857142857143,17.18,33.05,10.631428571428572,19.48,20.85,22.51,77.93,81.4057142857143,87.51,100.28,100.5457142857143,100.84,12.66,25.684285714285714,32.4,3.2028571428571424,4.47
2022-12-11,14.47,10.31,2.067142857142857,2,23.042857142857144,14.13,33.75,11.795714285714286,13.78,16.642857142857142,21.48,65.03,69.96000000000001,78.53,99.83,100.51857142857143,100.81,24.08,28.327142857142857,33.09,4.028571428571429,4.84
2022-12-18,8.35,4.76,1.1928571428571428,2,22.44857142857143,16.48,33.98,9.93,16.31,17.224285714285717,18.32,64.04,74.82571428571428,83.64,100.67,100.97571428571429,101.15,10.63,23.85571428571429,31.99,5.341428571428572,6.86
2022-12-25,13.34,8.93,1.9057142857142857,2,23.37857142857143,14.99,35.15,12.16142857142857,14.6,16.55142857142857,19.76,61.56,69.03285714285714,76.18,100.5,100.79714285714286,100.92,8.96,24.628571428571426,32.4,3.487142857142857,4.63
2023-01-01,5.08,4.78,0.7257142857142858,1,25.427142857142858,16.84,36.61,13.495714285714289,14.2,17.184285714285714,22.21,57.19,64.69142857142857,71.01,100.14,100.82571428571428,101.62,20.56,28.794285714285717,32.03,4.03,5.63
2023-01-08,14.169999999999998,9.53,2.024285714285714,2,25.74142857142857,18.1,37.23,12.551428571428577,16.89,18.625714285714285,21.7,60.3,68.66142857142857,75.49,100.18,100.67857142857143,101.43,17.44,23.22,30.12,3.414285714285714,4.92
2023-01-15,13.48,11.58,1.9257142857142857,1,26.332857142857144,20.49,36.35,10.951428571428572,18.79,20.634285714285713,21.44,69.19,73.49000000000001,75.84,100.1,100.88714285714286,101.34,15.08,21.19142857142857,27.12,4.481428571428571,5.81
2023-01-22,27.52,9.32,3.9314285714285715,5,28.40857142857143,21.42,37.68,12.831428571428571,19.06,20.76142857142857,22.02,62.76,67.65142857142857,71.1,100.11,100.44285714285715,100.63,22.11,26.462857142857143,29.37,2.8185714285714285,3.43
2023-01-29,15.77,7.81,2.2528571428571427,5,27.075714285714287,20.99,35.11,10.587142857142858,18.7,20.59714285714286,21.98,64.94,70.85857142857142,76.47,100.25,100.47857142857143,100.7,13.72,23.444285714285716,28.26,3.164285714285714,4.67
2023-02-05,1.55,0.92,0.22142857142857145,0,26.821428571428573,17.98,36.54,13.851428571428567,16.65,18.428571428571427,20.1,61.91,65.22428571428571,68.93,100.63,100.72857142857143,100.82,19.7,25.84857142857143,29.14,3.36,4.21
2023-02-12,33.660000000000004,27.67,4.808571428571429,3,25.73857142857143,12.6,39.31,13.185714285714283,7.02,17.262857142857143,21.29,50.16,64.45285714285714,80.09,99.76,100.37,101.49,15.23,23.551428571428573,29.59,3.4514285714285715,5.19
2023-02-19,34.32,12.43,4.902857142857143,4,22.712857142857143,13.69,30.46,9.847142857142856,11.67,18.045714285714286,20.36,60.8,77.04857142857144,83.34,100.28,101.02,101.66,10.21,18.23428571428571,27.17,3.2657142857142856,4.68
2023-02-26,25.479999999999997,17.4,3.6399999999999997,3,25.245714285714286,19.05,33.55,10.947142857142858,18.07,19.942857142857143,21.97,68.81,75.92571428571429,86.72,100.46,100.89285714285714,101.41,8.8,18.859999999999996,25.51,2.8242857142857143,3.17
2023-03-05,30.979999999999997,16.66,4.425714285714285,4,25.444285714285716,20.97,33.25,9.23142857142857,20.0,21.52,22.25,76.48,80.76571428571428,88.73,100.27,100.68857142857142,101.0,11.86,19.032857142857143,23.27,3.2928571428571423,4.47
2023-03-12,0.15,0.11,0.02142857142857143,0,27.142857142857142,20.02,35.88,12.702857142857141,19.45,20.391428571428573,21.23,65.45,70.30714285714285,77.27,100.86,100.98142857142857,101.16,20.62,22.59,23.49,3.814285714285714,4.69
2023-03-19,15.370000000000001,6.15,2.1957142857142857,4,25.825714285714287,19.87,36.1,10.322857142857142,18.49,20.30857142857143,21.31,66.26,74.26142857142858,84.54,100.74,100.98857142857142,101.34,6.9,14.725714285714286,21.37,3.525714285714286,5.7
2023-03-26,11.32,9.31,1.6171428571428572,1,23.611428571428572,12.71,33.47,11.60857142857143,11.12,17.44857142857143,20.73,62.24,71.32428571428571,80.79,100.62,100.96000000000001,101.31,12.99,18.571428571428573,22.09,3.7285714285714286,5.59
2023-04-02,5.12,2.08,0.7314285714285714,3,21.49285714285714,14.98,30.75,10.13285714285714,13.22,15.98857142857143,17.07,65.51,73.49571428571429,80.11,100.93,101.17571428571429,101.32,7.19,13.744285714285715,20.86,3.617142857142857,4.44
2023-04-09,2.47,0.97,0.35285714285714287,0,22.87,16.91,33.39,9.835714285714289,13.06,16.907142857142855,18.56,66.28,71.64428571428572,79.61,100.53,101.02428571428571,101.28,6.87,13.405714285714284,18.55,3.3628571428571425,4.25
2023-04-16,11.709999999999999,9.61,1.6728571428571428,2,18.59142857142857,10.0,29.01,11.797142857142859,7.31,12.422857142857143,18.0,58.87,71.01857142857143,80.12,100.07,100.81285714285714,101.5,10.24,13.532857142857143,18.48,3.44,6.17
2023-04-23,8.97,8.42,1.2814285714285716,1,20.497142857142858,10.86,29.46,12.052857142857142,12.89,15.221428571428572,17.34,69.62,74.93857142857142,80.64,100.81,101.21285714285715,101.57,9.45,13.7,17.03,2.737142857142857,3.44
2023-04-30,66.19,29.66,9.455714285714285,5,20.84,14.43,30.07,7.012857142857143,15.2,18.254285714285714,21.17,72.04,86.5457142857143,95.23,101.0,101.11142857142856,101.29,1.3,6.188571428571429,16.68,3.9171428571428573,5.9
2023-05-07,15.47,10.08,2.21,3,16.795714285714286,9.09,26.9,9.227142857142853,10.06,13.627142857142857,22.08,74.95,82.63,92.38,100.86,101.36571428571428,101.66,5.93,12.928571428571429,15.15,2.8771428571428572,4.4
2023-05-14,0.43000000000000005,0.13,0.06142857142857144,0,16.888571428571428,9.77,26.16,13.424285714285716,11.19,12.671428571428573,13.57,73.23,78.22,83.53,101.26,101.43857142857142,101.6,11.02,13.457142857142856,14.96,2.6371428571428575,3.48
2023-05-21,6.6,3.16,0.9428571428571428,2,19.97,14.09,29.45,11.311428571428571,14.79,15.622857142857143,16.32,72.43,78.45857142857143,84.47,100.89,101.19285714285715,101.38,3.6,8.742857142857144,13.11,2.86,4.14
2023-05-28,0.38,0.11,0.054285714285714284,0,16.924285714285713,10.89,26.33,11.700000000000001,8.78,11.959999999999999,13.32,69.08,74.60428571428572,79.61,101.25,101.61,101.95,8.92,11.407142857142857,12.73,2.6028571428571428,3.56
2023-06-04,15.76,15.48,2.2514285714285713,1,19.385714285714283,10.47,28.39,12.421428571428569,12.53,14.178571428571429,15.45,67.07,74.14857142857143,79.29,100.65,101.28857142857143,101.81,5.56,9.994285714285715,12.52,2.8542857142857145,4.47
2023-06-11,143.56,66.68,20.50857142857143,4,12.51142857142857,5.34,16.95,6.977142857142859,3.49,9.711428571428572,14.56,72.59,84.18714285714286,94.33,101.09,101.76142857142858,102.44,1.89,7.444285714285715,12.97,4.61,9.11
2023-06-18,12.37,4.04,1.7671428571428571,3,14.41,4.65,23.72,7.9157142857142855,7.24,12.677142857142856,18.33,80.7,89.74000000000001,96.35,100.83,101.36571428571428,102.03,3.88,8.761428571428572,12.84,2.312857142857143,3.1
2023-06-25,2.94,2.15,0.42,1,16.961428571428574,7.94,25.92,7.96857142857143,8.01,14.324285714285713,18.45,77.93,84.98428571428572,89.68,100.89,101.46857142857142,102.2,2.86,7.67,11.21,2.947142857142857,4.43
2023-07-02,49.489999999999995,27.29,7.069999999999999,3,16.830000000000002,10.83,24.94,9.45428571428571,13.24,14.468571428571428,16.01,79.79,86.44142857142857,93.17,100.87,101.22857142857143,101.57,2.47,8.297142857142857,12.27,3.37,5.96
2023-07-09,92.28,59.37,13.182857142857143,4,13.791428571428572,5.6,21.74,6.718571428571428,6.46,11.794285714285715,16.2,76.39,87.92142857142858,95.74,99.97,101.00571428571428,101.77,0.8,7.634285714285714,13.08,4.312857142857142,8.49
2023-07-16,7.27,4.34,1.0385714285714285,2,13.151428571428571,4.26,25.77,9.74142857142857,4.9,10.39857142857143,17.28,78.81,84.19428571428571,89.89,101.27,101.91999999999999,102.67,9.52,12.392857142857142,13.98,3.1057142857142854,3.64
2023-07-23,30.91,14.0,4.4157142857142855,3,15.092857142857142,7.94,25.51,8.055714285714284,8.63,12.941428571428572,16.53,81.77,87.40142857142857,94.45,100.98,101.65142857142857,102.23,1.92,8.675714285714287,14.49,3.327142857142857,4.5
2023-07-30,0.19,0.09,0.027142857142857142,0,16.752857142857145,6.12,25.48,10.92285714285714,10.62,14.657142857142857,17.07,82.69,87.10857142857142,90.59,101.26,101.54142857142857,101.79,6.55,11.544285714285715,14.92,2.4985714285714287,3.47
2023-08-06,45.379999999999995,18.86,6.482857142857142,4,16.94142857142857,7.84,27.11,8.045714285714284,7.09,13.888571428571428,18.9,70.11,83.0657142857143,91.24,100.63,101.37285714285714,102.27,2.75,10.711428571428572,16.76,3.9085714285714284,6.19
2023-08-13,11.6,7.8,1.657142857142857,3,15.725714285714286,4.61,28.7,12.637142857142855,3.48,11.85,18.56,69.92,79.2757142857143,88.94,100.14,101.13,102.15,5.07,14.902857142857142,18.15,2.8771428571428572,4.15
2023-08-20,20.68,15.75,2.954285714285714,3,15.5,6.15,28.31,10.472857142857144,5.24,11.821428571428571,18.89,67.91,80.16142857142857,90.95,99.72,100.67285714285715,101.82,4.67,14.237142857142858,18.89,3.55,5.37
2023-08-27,3.9000000000000004,3.12,0.5571428571428572,1,14.367142857142856,4.73,24.96,11.822857142857147,4.56,11.394285714285713,17.23,71.25,83.10000000000001,94.13,100.62,101.45428571428572,102.16,9.23,16.635714285714286,20.0,2.6685714285714286,2.95
2023-09-03,136.61,60.47,19.51571428571429,6,17.105714285714285,8.19,23.92,8.122857142857143,10.83,15.18142857142857,19.16,82.49,88.82000000000001,94.71,100.13,101.10714285714286,102.04,1.92,8.917142857142858,18.85,4.285714285714286,6.61
2023-09-10,81.67,54.19,11.667142857142858,3,16.891428571428573,6.56,29.75,10.775714285714288,8.65,14.082857142857142,20.96,75.54,84.65428571428572,93.44,100.57,100.99,101.46,2.18,13.771428571428572,22.7,4.238571428571428,6.97
2023-09-17,61.790000000000006,21.26,8.827142857142858,5,21.945714285714285,16.08,31.44,9.888571428571428,17.61,19.71857142857143,22.58,79.77,87.81142857142858,93.27,100.47,100.71142857142857,101.07,5.04,9.605714285714285,20.17,3.742857142857143,5.27
2023-09-24,68.15,27.79,9.735714285714286,4,17.33857142857143,11.26,24.01,7.355714285714287,12.97,15.204285714285716,18.41,82.09,87.74714285714286,92.08,100.35,100.98714285714286,101.43,1.76,10.794285714285712,20.98,4.924285714285714,7.03
2023-10-01,40.83,18.58,5.832857142857143,4,16.894285714285715,8.34,24.94,10.435714285714287,10.04,14.037142857142856,17.8,78.87,84.26142857142858,91.13,99.92,100.71571428571428,101.25,6.85,18.148571428571426,23.56,3.0728571428571425,3.94
2023-10-08,41.27,35.09,5.895714285714286,3,16.97,9.52,27.03,8.889999999999999,10.2,14.335714285714285,17.66,77.91,85.17714285714285,92.36,100.57,101.30714285714285,101.76,3.0,15.868571428571428,26.41,4.2371428571428575,5.19
2023-10-15,45.06999999999999,35.3,6.438571428571428,2,18.762857142857143,12.39,25.87,8.775714285714285,12.52,16.135714285714286,19.68,78.94,85.35285714285715,94.31,100.62,101.25428571428571,101.65,2.26,15.684285714285712,25.75,4.180000000000001,5.59
2023-10-22,10.65,6.37,1.5214285714285716,2,20.33285714285714,12.18,28.93,9.402857142857144,13.26,17.954285714285714,20.51,79.5,86.96000000000001,94.06,99.9,100.49857142857142,100.85,8.05,16.294285714285714,25.84,2.758571428571429,3.43
2023-10-29,56.51,27.9,8.072857142857142,5,20.145714285714288,12.58,29.28,7.165714285714287,11.64,17.615714285714287,21.13,79.19,86.02571428571427,90.67,99.95,100.52857142857144,101.07,5.28,13.695714285714285,24.82,5.437142857142858,7.59
2023-11-05,54.91,52.11,7.844285714285713,2,20.99142857142857,10.87,31.92,10.484285714285713,12.96,18.01,24.19,80.7,84.07714285714285,88.75,99.91,100.81857142857143,101.32,2.65,19.025714285714287,30.28,3.7585714285714285,5.01
2023-11-12,101.67999999999999,34.65,14.525714285714285,6,21.47714285714286,16.58,27.72,6.141428571428573,18.84,19.965714285714284,23.15,86.01,91.17999999999999,93.82,99.92,100.16428571428571,100.53,2.53,9.287142857142857,20.42,3.455714285714286,4.5
2023-11-19,17.069999999999997,16.27,2.438571428571428,1,20.425714285714285,12.92,31.29,10.311428571428573,14.1,16.865714285714287,20.71,77.31,81.37571428571428,91.55,100.24,100.98428571428572,101.66,5.99,26.358571428571427,30.06,3.325714285714285,5.38
2023-11-26,30.349999999999998,18.83,4.335714285714285,4,23.617142857142856,14.84,32.05,8.544285714285714,18.18,21.315714285714286,25.1,84.17,87.66,92.35,100.32,100.69428571428571,101.1,11.48,20.34714285714286,27.99,3.427142857142857,6.83
2023-12-03,11.82,4.2,1.6885714285714286,4,21.59,13.93,27.61,6.892857142857142,15.86,19.047142857142855,22.52,78.62,85.91142857142857,91.74,100.44,100.99571428571429,101.35,9.2,17.46857142857143,29.37,4.910000000000001,6.83
2023-12-10,14.75,5.87,2.107142857142857,5,25.31142857142857,17.38,33.96,9.84714285714286,18.51,22.05,25.18,80.72,83.17285714285715,85.99,100.36,100.67714285714285,100.97,18.02,24.187142857142856,31.9,2.8742857142857146,4.57
2023-12-17,9.57,4.4,1.3671428571428572,3,25.925714285714285,21.04,34.71,7.674285714285716,21.89,23.10571428571429,25.19,80.11,85.2757142857143,89.1,100.35,100.55571428571429,100.72,13.68,21.017142857142858,26.44,3.562857142857143,5.65
2023-12-24,21.970000000000002,14.06,3.138571428571429,2,22.794285714285714,15.55,31.24,9.681428571428576,15.18,19.012857142857143,22.16,73.08,80.26428571428572,89.65,100.38,100.77714285714286,101.23,11.82,25.318571428571428,32.06,3.577142857142857,4.06
2023-12-31,17.83,8.54,2.5471428571428567,2,22.71142857142857,13.84,30.1,8.85142857142857,14.7,19.57857142857143,21.44,76.27,83.37285714285714,87.59,100.6,100.86142857142856,101.23,16.05,23.771428571428572,30.03,4.171428571428572,5.58
2024-01-07,19.28,13.57,2.7542857142857144,3,25.138571428571428,16.77,32.82,8.488571428571426,18.58,22.178571428571427,24.17,81.3,84.48142857142857,88.94,100.33,100.65857142857143,101.03,9.9,20.724285714285717,31.06,3.18,4.23
2024-01-14,50.96,17.99,7.28,7,25.65857142857143,19.45,32.82,8.505714285714284,21.07,23.025714285714287,24.12,82.62,86.12714285714286,89.75,100.27,100.50285714285714,100.73,10.34,19.618571428571425,28.73,4.317142857142857,7.27
2024-01-21,8.520000000000001,4.58,1.2171428571428573,2,21.41857142857143,16.47,26.5,8.348571428571429,16.73,17.767142857142858,19.6,76.37,80.68714285714285,85.52,101.14,101.2942857142857,101.41,19.89,24.562857142857144,29.83,4.902857142857143,5.64
2024-01-28,7.17,3.99,1.0242857142857142,2,23.35571428571429,17.55,31.87,9.921428571428574,19.0,19.86428571428571,21.24,78.46,81.98,86.68,100.77,101.00428571428571,101.34,21.38,27.384285714285713,30.47,2.974285714285714,4.57
2024-02-04,2.57,1.9,0.3671428571428571,1,26.698571428571427,20.71,33.95,10.06571428571429,22.29,23.235714285714288,24.44,79.68,82.75,85.38,100.73,100.90714285714286,101.17,18.28,23.09857142857143,26.98,3.132857142857143,3.89
2024-02-11,52.16,27.89,7.451428571428571,4,24.792857142857144,17.72,35.02,8.135714285714283,17.2,21.055714285714284,24.87,74.79,80.72,86.3,100.59,100.94571428571429,101.36,5.05,14.265714285714283,20.48,3.96,5.22
2024-02-18,2.3600000000000003,1.1,0.3371428571428572,2,24.71142857142857,17.47,32.19,9.327142857142857,19.14,21.384285714285713,22.86,80.5,83.05571428571429,87.85,100.41,100.61,101.21,19.12,23.764285714285712,26.57,3.275714285714286,4.55
2024-02-25,10.54,5.8,1.5057142857142856,2,25.424285714285713,21.26,32.18,7.91571428571428,21.79,22.419999999999998,23.41,81.5,84.46571428571428,90.14,100.42,100.91,101.58,7.25,17.435714285714287,24.14,3.6714285714285713,5.53
2024-03-03,28.580000000000002,21.67,4.082857142857143,4,23.435714285714287,13.93,31.92,9.784285714285716,14.86,19.215714285714284,23.38,68.8,78.71285714285715,86.44,100.53,100.95285714285716,101.18,5.11,15.844285714285714,26.13,3.1785714285714284,4.22
2024-03-10,6.1,3.62,0.8714285714285713,2,25.34142857142857,17.18,33.89,10.57,18.32,21.33142857142857,23.91,75.27,80.24428571428572,86.8,100.26,100.73857142857142,101.21,6.48,17.814285714285713,24.62,2.5542857142857143,3.45
2024-03-17,12.94,7.37,1.8485714285714285,2,24.732857142857142,16.03,34.17,9.03285714285714,13.71,20.417142857142856,24.65,68.35,78.28714285714285,83.87,99.98,100.77428571428571,101.75,6.77,16.169999999999998,20.73,3.6685714285714286,6.37
2024-03-24,10.17,9.41,1.4528571428571428,1,23.187142857142856,16.71,30.48,10.674285714285716,16.5,18.825714285714287,21.49,75.0,78.45142857142856,83.44,100.85,101.09714285714286,101.24,16.92,19.54,21.65,2.6128571428571425,3.22
2024-03-31,3.9299999999999997,1.4,0.5614285714285714,1,23.407142857142855,15.0,31.51,10.188571428571429,15.05,19.122857142857146,21.85,73.7,78.77714285714286,83.75,100.62,100.92,101.39,5.71,13.717142857142857,19.01,3.251428571428572,4.9
2024-04-07,23.520000000000003,10.47,3.3600000000000003,4,22.197142857142858,17.62,30.07,6.732857142857142,17.72,19.397142857142857,20.93,79.87,85.01428571428572,90.2,100.76,101.06428571428572,101.53,2.48,7.445714285714286,14.19,3.932857142857143,6.3
2024-04-14,38.11,28.89,5.444285714285714,3,20.8,12.48,27.36,9.145714285714284,13.8,17.812857142857144,22.56,77.57,84.22285714285714,92.68,100.59,101.01428571428572,101.34,2.1,13.148571428571428,18.46,3.9514285714285715,5.84
2024-04-21,38.14,26.31,5.448571428571428,3,21.178571428571427,12.74,31.16,10.735714285714291,15.46,18.145714285714288,21.12,79.37,83.92142857142858,93.51,100.26,100.79285714285713,101.15,1.46,10.758571428571427,17.61,3.045714285714286,4.95
2024-04-28,281.76,85.45,40.25142857142857,7,21.237142857142857,15.89,26.91,5.6385714285714315,15.61,19.667142857142856,22.75,81.33,90.98571428571428,94.72,100.09,100.51428571428572,100.85,0.86,4.531428571428572,14.01,3.617142857142857,5.3
2024-05-05,85.2,37.09,12.171428571428573,4,20.914285714285715,11.48,29.31,7.597142857142856,12.21,18.657142857142855,21.85,81.22,87.33857142857143,93.24,100.27,100.75428571428571,101.45,2.31,9.015714285714287,15.39,3.5342857142857147,5.25
2024-05-12,72.33,54.12,10.332857142857142,4,13.684285714285712,5.82,21.64,6.3657142857142865,6.17,10.981428571428571,19.0,76.21,84.51428571428572,95.33,100.32,101.2,101.68,2.77,9.515714285714285,15.48,3.0957142857142856,5.46
2024-05-19,111.09,70.55,15.870000000000001,4,15.79857142857143,7.28,27.01,8.814285714285715,8.18,14.235714285714286,19.92,88.55,90.34285714285714,93.32,100.39,101.23857142857142,102.04,0.71,6.782857142857144,12.97,3.2257142857142855,4.91
2024-05-26,23.35,21.03,3.335714285714286,2,12.879999999999999,7.51,20.5,8.09142857142857,9.52,11.135714285714286,13.29,84.55,88.99428571428572,94.95,101.38,101.76428571428572,102.17,2.27,8.837142857142856,11.68,3.35,5.76
2024-06-02,13.129999999999999,12.25,1.8757142857142857,1,16.687142857142856,6.69,25.51,9.990000000000002,10.09,14.982857142857142,18.47,86.72,89.81142857142856,93.27,101.23,101.59285714285714,102.07,7.39,9.764285714285714,12.73,2.814285714285714,3.77
2024-06-09,16.150000000000002,16.05,2.3071428571428574,1,19.95,14.5,26.31,8.84285714285714,17.06,17.915714285714284,19.03,80.8,88.33714285714287,92.89,100.51,100.94428571428571,101.46,1.89,7.777142857142857,10.99,3.59,4.43
2024-06-16,135.73,45.46,19.389999999999997,7,18.93285714285714,15.52,26.46,5.96857142857143,15.72,17.617142857142856,18.84,87.31,92.23857142857142,94.66,100.48,100.86428571428573,101.37,1.78,5.642857142857143,11.54,3.7914285714285714,6.26
2024-06-23,26.05,10.72,3.7214285714285715,4,12.677142857142856,3.27,25.0,6.8342857142857145,4.27,10.464285714285714,18.86,81.92,86.91571428571429,92.64,100.32,101.17,101.9,4.91,9.522857142857143,13.34,4.247142857142857,5.54
2024-06-30,11.92,10.67,1.7028571428571428,1,9.917142857142858,0.58,19.79,8.882857142857143,1.88,7.337142857142857,13.26,77.98,84.8,92.03,101.03,101.5942857142857,102.15,1.94,9.444285714285714,13.37,3.057142857142857,3.54
2024-07-07,28.3,12.02,4.042857142857143,4,9.022857142857143,1.33,15.14,6.332857142857143,4.16,7.505714285714286,10.96,86.25,90.5442857142857,94.99,101.49,102.0442857142857,102.63,4.13,6.619999999999999,9.25,2.9214285714285713,3.65
2024-07-14,9.12,6.42,1.3028571428571427,2,14.11,8.14,23.12,8.504285714285714,11.81,12.981428571428571,14.0,89.0,92.53142857142858,95.32,101.81,102.03,102.45,4.45,8.587142857142856,13.37,3.292857142857143,4.56
2024-07-21,2.4899999999999998,2.3,0.3557142857142857,1,17.445714285714285,11.03,25.0,9.26714285714286,14.34,15.820000000000002,16.99,87.66,90.10285714285715,91.84,101.23,101.51285714285714,101.77,5.38,10.665714285714285,13.39,2.3642857142857143,3.18
2024-07-28,19.54,14.89,2.7914285714285714,2,15.995714285714286,6.25,26.3,9.627142857142857,8.38,13.794285714285715,17.64,82.51,87.31285714285715,94.0,100.72,101.57571428571428,102.27,2.95,10.701428571428574,14.77,3.685714285714286,5.49
2024-08-04,31.53,10.52,4.5042857142857144,5,15.307142857142859,6.21,25.74,6.504285714285713,6.99,13.727142857142857,19.23,85.27,90.55571428571429,93.13,100.65,101.25428571428571,101.68,1.74,4.282857142857143,7.79,3.6142857142857143,5.74
2024-08-11,0.58,0.42,0.08285714285714285,0,12.200000000000001,3.78,22.56,10.375714285714285,4.85,9.532857142857143,14.86,79.7,84.66142857142857,93.14,101.14,101.50142857142858,102.12,4.83,13.555714285714286,17.3,3.164285714285714,5.17
2024-08-18,21.91,7.83,3.13,5,17.024285714285714,8.3,26.44,7.8814285714285734,7.55,15.107142857142858,18.83,83.3,88.9042857142857,92.11,100.51,101.13,101.9,3.01,7.124285714285714,14.21,3.3814285714285717,5.83
2024-08-25,0.48,0.36,0.06857142857142857,0,14.092857142857143,5.42,24.72,9.865714285714287,6.22,11.842857142857143,17.72,81.92,86.70571428571428,91.13,101.11,101.85285714285715,102.22,4.82,11.192857142857141,16.42,3.334285714285714,5.17
2024-09-01,29.830000000000002,28.78,4.261428571428572,1,14.754285714285714,6.11,23.99,10.127142857142855,9.06,12.441428571428572,15.72,79.02,86.28571428571429,91.77,100.94,101.22428571428573,101.83,4.5,13.65,20.74,3.6385714285714283,6.06
2024-09-08,22.900000000000002,17.14,3.271428571428572,2,19.58857142857143,11.26,28.08,8.297142857142855,15.7,18.03,20.55,86.64,91.03428571428572,94.49,100.42,100.8457142857143,101.28,1.39,6.314285714285715,12.27,3.415714285714286,4.34
2024-09-15,33.550000000000004,31.68,4.792857142857144,2,17.63,9.92,26.3,10.392857142857144,11.86,15.284285714285714,18.73,83.92,86.39285714285714,92.26,100.63,101.32142857142857,101.93,5.31,16.422857142857143,21.61,3.037142857142857,3.81
2024-09-22,64.33,34.11,9.19,5,20.22,13.29,30.78,8.861428571428572,14.9,18.285714285714285,22.35,82.55,89.18571428571428,93.71,100.41,100.7942857142857,101.4,0.99,10.124285714285714,23.99,3.2314285714285718,4.06
2024-09-29,35.16,18.87,5.022857142857142,2,18.851428571428574,10.63,30.6,10.604285714285714,10.31,15.672857142857143,20.51,76.25,82.77,87.9,100.07,101.05571428571429,101.79,1.35,19.38571428571429,25.49,3.4985714285714287,4.74
2024-10-06,14.459999999999999,4.2,2.0657142857142854,5,18.93285714285714,14.5,23.74,6.711428571428572,15.72,17.095714285714287,18.94,83.68,89.55,94.79,100.21,100.97142857142856,101.4,3.43,11.614285714285714,24.8,4.217142857142858,6.7
2024-10-13,1.45,1.17,0.20714285714285713,1,19.62857142857143,12.97,25.07,9.271428571428574,15.17,16.77,18.83,80.38,84.53428571428572,89.83,100.99,101.22571428571429,101.77,4.58,18.881428571428575,27.19,3.141428571428571,4.72
2024-10-20,3.4899999999999998,2.91,0.49857142857142855,1,22.05,13.1,31.59,10.35142857142857,12.27,18.78857142857143,21.98,73.34,82.67,88.93,99.44,100.58857142857143,101.16,7.56,21.817142857142862,27.61,4.122857142857143,5.63
2024-10-27,0.9299999999999999,0.69,0.13285714285714284,0,21.5,10.21,28.88,10.215714285714288,11.31,18.152857142857144,21.1,71.83,82.1557142857143,86.82,100.71,101.06142857142856,101.63,10.28,23.761428571428574,29.27,3.4514285714285715,5.34
2024-11-03,13.979999999999999,7.01,1.9971428571428569,2,22.66857142857143,15.17,29.51,7.402857142857144,14.28,20.004285714285714,22.24,74.53,85.67857142857143,92.22,100.33,100.77571428571427,101.1,9.42,16.865714285714287,25.53,4.111428571428571,5.61
2024-11-10,2.3999999999999995,2.38,0.3428571428571428,1,20.815714285714286,12.91,30.79,11.874285714285712,11.79,16.054285714285715,20.7,63.32,75.95142857142856,82.06,100.29,100.78428571428572,101.03,22.57,27.98,30.45,3.3328571428571427,4.2
2024-11-17,46.94,27.86,6.7057142857142855,3,21.527142857142856,16.48,33.28,7.665714285714287,15.98,18.412857142857142,22.31,78.52,83.17714285714285,86.53,100.6,101.08142857142856,101.34,8.05,15.688571428571427,26.49,5.6414285714285715,7.13
2024-11-24,3.87,1.53,0.5528571428571428,2,23.88714285714286,16.06,32.06,8.727142857142852,18.26,20.52857142857143,23.37,73.24,82.46571428571428,88.68,100.26,100.65285714285713,101.07,11.8,19.135714285714283,31.21,3.0585714285714287,4.01
2024-12-01,27.450000000000003,12.47,3.9214285714285717,5,21.97714285714286,13.27,32.31,11.545714285714286,14.15,17.75,22.16,73.02,78.37142857142858,82.43,100.01,100.51,101.09,12.83,24.58428571428572,31.85,3.8514285714285714,4.97
2024-12-08,26.66,16.76,3.8085714285714287,3,21.427142857142858,15.13,29.1,8.435714285714287,13.5,17.97142857142857,21.42,74.56,81.46000000000001,86.21,99.72,100.70714285714287,101.2,9.76,21.29,31.59,4.554285714285714,5.74
2024-12-15,40.839999999999996,13.76,5.834285714285714,5,22.024285714285718,15.64,29.57,9.454285714285717,16.8,18.650000000000002,20.51,80.3,82.22285714285714,84.13,99.93,100.61428571428571,101.24,14.84,23.782857142857146,30.67,4.284285714285715,7.26
2024-12-22,34.48,16.89,4.925714285714285,3,21.33857142857143,13.6,29.53,10.2,14.7,17.082857142857144,19.0,74.36,78.11142857142856,81.97,100.44,100.82714285714285,101.32,21.15,27.674285714285713,32.93,3.687142857142857,4.94
2024-12-29,34.22,18.92,4.888571428571429,3,23.851428571428574,17.14,31.74,9.552857142857142,16.95,19.872857142857146,22.52,72.86,79.88714285714286,85.33,100.14,100.53428571428572,101.03,21.56,25.87714285714286,31.15,3.544285714285714,4.53
2025-01-05,0.91,0.27,0.13,0,22.108571428571427,16.92,27.87,8.96142857142857,16.43,17.63714285714286,18.66,74.38,76.86285714285714,80.36,100.64,100.75857142857141,100.86,23.36,27.404285714285713,29.34,4.172857142857143,5.58
2025-01-12,10.97,5.63,1.5671428571428572,3,24.495714285714286,16.49,33.18,10.068571428571424,17.2,20.291428571428572,23.44,77.16,78.98285714285714,80.77,100.47,100.64142857142858,100.96,23.26,26.322857142857142,30.49,3.5885714285714285,4.37
2025-01-19,15.71,7.66,2.244285714285714,4,26.731428571428573,20.2,33.56,9.869999999999997,20.19,22.154285714285717,23.34,73.67,77.93714285714285,81.52,100.01,100.57571428571428,100.93,16.02,22.891428571428573,29.18,3.075714285714286,4.35
2025-01-26,17.79,7.57,2.5414285714285714,4,24.38571428571429,19.1,31.68,8.531428571428577,19.26,20.517142857142858,22.74,73.89,80.24571428571429,85.57,100.38,100.68571428571428,101.04,12.68,21.11428571428571,26.97,3.5342857142857143,4.89
2025-02-02,5.32,2.14,0.76,2,27.187142857142856,18.71,35.48,11.928571428571427,19.25,21.898571428571426,23.86,70.92,75.44857142857143,79.8,100.29,100.57000000000001,101.14,20.15,27.18142857142857,30.28,3.63,5.2
2025-02-09,42.43,25.05,6.061428571428571,4,27.08857142857143,19.89,38.83,12.631428571428568,18.89,20.98,23.35,62.16,72.82142857142857,81.2,100.24,100.69000000000001,100.97,8.15,20.19857142857143,28.96,3.174285714285714,4.38
2025-02-16,44.05,33.89,6.292857142857143,2,25.01571428571429,19.26,33.06,9.148571428571426,18.88,21.672857142857143,25.23,78.61,82.95142857142856,90.77,100.26,100.87571428571428,101.22,6.5,21.080000000000002,26.92,2.917142857142857,3.8
2025-02-23,21.41,9.37,3.0585714285714287,3,27.687142857142856,21.03,36.66,10.504285714285711,21.81,23.214285714285715,24.13,73.89,78.82857142857142,86.43,100.81,100.88000000000001,101.0,17.15,21.697142857142858,26.25,2.84,3.84
2025-03-02,1.18,0.96,0.16857142857142857,0,28.877142857142854,21.92,37.62,13.118571428571428,19.35,21.610000000000003,23.9,61.72,68.66571428571429,76.83,100.87,101.01142857142858,101.17,22.97,24.572857142857142,25.79,2.91,3.51
2025-03-09,27.34,23.98,3.9057142857142857,2,22.228571428571428,15.48,28.93,9.837142857142858,14.83,17.05,19.98,68.37,74.52,83.69,101.12,101.19857142857143,101.35,5.41,18.305714285714284,24.88,3.4585714285714286,5.12
2025-03-16,0.64,0.51,0.09142857142857143,0,23.46857142857143,15.86,33.29,12.354285714285716,15.76,17.392857142857142,18.9,68.75,72.67,76.44,100.86,101.23428571428572,101.43,15.43,19.964285714285715,23.42,2.96,3.38
2025-03-23,2.09,0.5,0.29857142857142854,0,25.231428571428573,19.23,32.71,10.018571428571427,17.95,19.774285714285714,21.37,66.37,74.06714285714285,78.47,100.61,100.85000000000001,101.13,10.2,16.374285714285715,19.36,3.1871428571428573,4.59
2025-03-30,23.12,7.91,3.302857142857143,4,23.041428571428572,14.26,36.6,10.274285714285714,10.02,17.452857142857145,21.09,63.06,73.63142857142857,81.58,100.62,101.18857142857144,102.31,6.62,14.7,21.56,3.8728571428571428,5.42
2025-04-06,42.08,23.9,6.011428571428572,4,20.96,12.95,28.21,8.26142857142857,13.1,17.607142857142858,19.64,68.17,82.50285714285714,90.72,100.89,101.21857142857142,102.08,4.51,12.162857142857145,19.01,3.8357142857142854,5.42
2025-04-13,5.42,4.13,0.7742857142857142,1,20.28142857142857,13.95,29.9,10.635714285714283,13.7,16.251428571428573,18.78,76.04,79.60285714285715,84.75,100.91,101.0657142857143,101.35,12.43,15.555714285714288,18.6,2.717142857142857,3.88
2025-04-20,0.36,0.29,0.05142857142857143,0,19.467142857142857,12.32,29.59,12.052857142857144,10.58,14.768571428571429,17.82,69.24,76.89142857142858,86.07,100.56,100.96285714285715,101.33,11.95,15.498571428571426,17.51,2.44,3.0
2025-04-27,6.32,5.69,0.9028571428571429,1,17.882857142857144,9.43,27.39,12.397142857142859,9.7,12.131428571428572,18.05,68.21,72.63428571428571,83.91,100.79,101.23428571428572,101.44,4.02,13.795714285714284,17.46,2.7800000000000002,4.2
2025-05-04,30.25,18.64,4.321428571428571,2,21.042857142857144,13.03,31.94,12.917142857142858,13.18,15.881428571428572,18.69,71.45,75.57571428571428,85.97,100.41,101.00714285714287,101.51,1.58,10.454285714285716,15.89,2.8485714285714288,4.19
2025-05-11,5.11,2.95,0.7300000000000001,2,19.07,10.8,27.96,11.557142857142859,12.41,14.982857142857142,16.2,74.63,78.90285714285714,81.72,101.07,101.64,102.11,9.09,12.328571428571431,14.58,3.062857142857143,3.97
2025-05-18,7.14,3.13,1.02,3,17.274285714285714,10.2,30.77,9.518571428571429,9.38,13.08,16.75,69.14,78.24142857142859,88.01,100.88,101.50999999999999,101.85,6.53,9.47,12.37,2.9642857142857144,4.56
2025-05-25,76.07000000000001,29.92,10.867142857142857,5,15.335714285714285,6.28,27.53,8.339999999999996,7.71,13.127142857142857,18.21,80.33,87.24857142857142,96.07,100.52,101.26571428571428,101.91,1.9,6.71,12.15,3.3200000000000003,6.05
2025-06-01,33.05,26.91,4.721428571428571,3,13.781428571428572,6.0,23.06,8.445714285714283,7.54,11.571428571428571,16.49,80.86,87.01857142857143,94.74,100.96,101.48428571428572,102.03,5.22,9.95142857142857,13.35,2.004285714285714,2.83
2025-06-08,47.699999999999996,34.29,6.814285714285714,3,11.747142857142858,5.4,20.13,10.380000000000003,6.82,9.508571428571429,13.13,83.48,86.23,90.36,101.1,101.70142857142856,102.17,2.29,10.444285714285714,13.08,2.812857142857143,3.08
2025-06-15,125.41,67.69,17.915714285714284,6,15.262857142857143,7.84,22.41,7.559999999999997,10.3,14.108571428571427,17.48,88.47,92.7042857142857,95.94,101.01,101.23571428571428,101.58,1.24,5.942857142857142,12.4,3.52,5.18
2025-06-22,51.66,36.16,7.38,3,9.732857142857142,0.45,19.22,9.797142857142857,-0.17,6.285714285714286,11.85,65.0,80.82714285714285,94.14,100.42,101.16714285714285,101.85,3.18,9.671428571428573,13.52,3.475714285714286,6.84
2025-06-29,3.56,3.41,0.5085714285714286,1,9.01,-0.72,18.02,9.17285714285714,0.46,6.922857142857143,10.8,79.15,86.8442857142857,94.5,101.35,102.30857142857143,102.84,4.5,10.671428571428573,12.91,3.244285714285714,5.18
2025-07-06,0.51,0.4,0.07285714285714286,0,12.332857142857142,6.19,19.56,10.367142857142857,9.64,10.772857142857143,12.16,85.17,88.53999999999999,90.15,101.82,102.08571428571429,102.28,4.68,9.200000000000001,12.43,2.025714285714286,2.56
2025-07-13,25.930000000000003,16.23,3.7042857142857146,3,14.241428571428571,6.47,23.69,9.535714285714283,8.32,12.52,15.12,86.15,88.97,92.17,101.1,101.61428571428571,101.99,3.99,7.327142857142857,13.82,2.825714285714286,5.21
2025-07-20,7.17,6.5,1.0242857142857142,1,14.072857142857144,7.69,21.95,10.032857142857141,9.35,12.114285714285714,14.9,83.79,87.60142857142857,92.54,101.23,101.53428571428572,102.06,5.71,10.10142857142857,12.81,2.8642857142857143,3.97
2025-07-27,68.39,52.84,9.77,3,13.694285714285714,5.3,25.14,10.00857142857143,7.46,11.35,16.17,78.78,86.51428571428572,95.83,100.63,101.35000000000001,101.97,1.83,9.875714285714285,15.29,4.3185714285714285,8.56
2025-08-03,58.89,37.15,8.412857142857144,5,13.047142857142857,7.02,19.37,6.4642857142857135,8.06,11.427142857142856,14.87,82.87,90.28857142857143,95.66,101.28,101.75285714285714,102.39,1.95,7.824285714285714,12.79,3.6014285714285714,4.36
2025-08-10,0.54,0.17,0.07714285714285715,0,12.487142857142857,5.77,20.67,10.360000000000001,8.1,9.66,12.71,79.03,83.66428571428571,87.01,101.46,101.83571428571429,102.22,11.35,14.177142857142856,16.01,2.892857142857143,4.39
2025-08-17,70.28,31.53,10.040000000000001,5,17.155714285714286,9.84,28.14,11.03714285714286,12.51,14.615714285714287,18.1,77.59,85.19571428571429,89.58,100.18,100.93285714285715,101.56,2.91,7.888571428571429,18.25,4.5442857142857145,6.69
2025-08-24,0.21000000000000002,0.08,0.030000000000000002,0,14.4,5.98,25.58,11.017142857142856,5.92,11.137142857142859,16.34,73.55,81.54714285714286,89.28,101.52,101.91571428571429,102.15,11.57,14.818571428571428,18.57,3.1557142857142857,4.41
2025-08-31,67.3,33.1,9.614285714285714,4,17.057142857142857,6.92,27.4,8.82285714285714,6.53,14.354285714285714,19.5,77.54,84.91714285714285,92.2,100.85,101.53857142857143,102.19,2.3,10.772857142857143,16.39,3.6585714285714284,4.35
2025-09-07,26.54,14.36,3.7914285714285714,2,14.787142857142857,7.93,22.25,11.061428571428573,8.78,11.935714285714285,15.78,75.67,83.6542857142857,95.57,100.98,101.46714285714286,101.84,3.9,18.21,22.32,3.4585714285714286,5.07
2025-09-14,40.84,37.53,5.8342857142857145,2,19.58142857142857,10.63,28.0,10.641428571428568,13.88,16.99142857142857,19.51,79.0,85.86,91.66,100.6,101.07857142857142,101.32,5.47,12.497142857142856,18.36,2.771428571428572,4.23
2025-09-21,35.730000000000004,22.21,5.104285714285715,3,15.997142857142858,7.96,24.59,10.395714285714288,8.14,12.225714285714286,19.8,72.58,79.85285714285715,92.24,99.73,101.44571428571429,102.71,7.07,19.15285714285714,24.78,4.155714285714286,5.42
2025-09-28,33.33,18.58,4.761428571428572,4,19.389999999999997,12.13,27.98,8.432857142857143,14.2,17.265714285714285,19.87,81.62,88.08285714285715,94.31,100.72,101.25285714285714,101.84,2.19,13.898571428571428,25.43,3.607142857142857,4.76
2025-10-05,32.44,27.9,4.634285714285714,2,18.655714285714286,7.17,32.12,12.032857142857141,9.05,15.141428571428571,22.28,74.69,81.36,85.68,100.24,101.18714285714285,101.97,4.94,21.158571428571427,26.88,3.5028571428571427,4.72
2025-10-12,13.89,6.9,1.9842857142857144,3,19.434285714285714,11.93,26.53,7.741428571428569,13.95,16.74142857142857,19.79,79.21,85.25142857142858,92.33,100.13,100.82571428571428,101.34,5.8,16.017142857142858,27.5,4.17,7.26
2025-10-19,0.07,0.05,0.01,0,18.648571428571426,9.26,30.08,13.101428571428572,10.34,14.021428571428572,18.52,71.71,76.31285714285715,80.86,100.46,101.56857142857143,102.13,14.35,24.45,28.95,3.665714285714286,4.48
2025-10-26,27.35,14.07,3.9071428571428575,3,17.84857142857143,12.41,26.57,7.555714285714288,12.83,14.785714285714286,16.74,79.81,83.03428571428572,86.34,100.87,101.32571428571428,101.68,7.26,17.16,26.7,4.458571428571429,6.41
2025-11-02,54.25,39.71,7.75,4,19.247142857142855,14.17,27.7,8.242857142857144,12.01,15.844285714285714,19.02,70.09,81.63857142857144,85.27,100.29,100.75714285714285,101.33,3.09,19.880000000000003,29.62,4.588571428571428,8.25
2025-11-09,1.38,0.57,0.19714285714285712,0,20.107142857142858,10.11,30.32,12.261428571428572,12.49,15.98857142857143,19.75,73.94,78.87857142857142,83.57,100.84,101.26,101.61,24.83,29.034285714285712,31.33,2.94,3.68
2025-11-16,19.52,15.81,2.7885714285714287,3,20.451428571428572,11.13,30.21,10.882857142857143,13.16,15.867142857142856,21.48,71.81,76.49000000000001,81.55,100.02,100.5942857142857,101.18,16.39,24.407142857142862,31.01,3.9971428571428573,5.02
2025-11-23,0.05,0.04,0.0071428571428571435,0,21.389999999999997,14.62,31.71,10.19142857142857,13.11,17.42142857142857,20.5,76.39,79.32857142857142,83.98,100.46,100.88285714285715,101.4,15.16,25.58857142857143,30.87,4.135714285714285,6.01
2025-11-30,0.03,0.02,0.004285714285714286,0,22.021428571428572,14.99,32.56,10.26285714285714,16.83,18.202857142857145,20.35,76.71,80.58714285714287,85.46,100.38,100.62714285714286,100.87,19.16,27.587142857142858,32.15,3.3000000000000003,4.29
2025-12-07,69.38,42.66,9.911428571428571,3,23.215714285714284,16.24,32.18,8.157142857142855,17.43,19.937142857142856,21.58,76.89,83.06857142857143,92.57,99.16,99.98714285714286,100.69,6.53,20.76571428571429,31.43,4.571428571428571,7.47
2025-12-14,5.489999999999999,5.05,0.7842857142857141,1,23.335714285714285,14.43,32.38,12.030000000000001,14.49,18.381428571428568,22.58,71.79,75.89857142857143,81.33,99.98,100.59,101.13,19.51,29.821428571428577,32.79,3.1700000000000004,5.59
2025-12-21,42.25,14.92,6.035714285714286,6,26.762857142857143,20.16,32.43,7.414285714285715,21.49,23.53142857142857,24.3,78.48,83.37,86.98,100.34,100.43857142857142,100.61,8.3,16.30142857142857,21.53,2.87,3.46
2025-12-28,32.75,21.67,4.678571428571429,3,24.82428571428571,15.53,32.13,8.792857142857144,15.58,20.97714285714286,24.01,67.93,80.73,89.51,99.98,100.41571428571429,100.69,15.77,26.71428571428571,30.9,3.3142857142857145,5.7
2026-01-04,18.529999999999998,13.34,2.647142857142857,3,23.035714285714285,13.25,32.54,10.275714285714287,11.19,17.97,23.2,66.15,75.08857142857143,84.99,100.38,100.9342857142857,101.37,17.48,25.07571428571428,31.52,3.6014285714285714,4.98
2026-01-11,20.55,9.33,2.935714285714286,3,26.047142857142855,19.17,35.26,9.972857142857144,19.35,21.108571428571427,22.44,69.81,76.2042857142857,82.89,100.32,100.61285714285714,100.73,6.91,21.982857142857146,30.14,2.7028571428571433,3.48
2026-01-18,21.32,19.73,3.045714285714286,2,22.048571428571428,16.08,29.64,9.355714285714281,13.89,16.815714285714286,21.31,67.17,73.77,81.98,100.43,101.10428571428572,101.28,23.5,26.54428571428571,29.23,4.248571428571428,5.39
2026-01-25,16.259999999999998,6.03,2.3228571428571425,3,25.400000000000002,18.74,34.67,10.754285714285714,19.28,20.111428571428572,21.64,68.11,75.34,81.38,100.34,100.81142857142856,101.15,5.31,23.087142857142858,29.08,3.1814285714285715,4.26
2026-02-01,15.809999999999999,9.68,2.2585714285714285,3,25.195714285714285,17.81,36.37,12.825714285714284,17.7,18.928571428571427,19.76,69.35,72.28571428571429,77.98,100.21,100.53428571428572,101.02,17.97,24.744285714285716,29.01,3.4199999999999995,4.49
2026-02-08,9.72,6.11,1.3885714285714286,3,26.45,16.7,38.72,12.05857142857143,16.95,19.96,21.66,63.09,70.32571428571428,74.28,100.4,100.7757142857143,101.33,10.63,22.707142857142856,28.89,3.825714285714286,5.78
2026-02-15,26.59,8.69,3.7985714285714285,5,25.615714285714287,19.05,33.46,10.664285714285715,18.26,20.442857142857143,23.06,70.61,75.54285714285713,78.69,100.54,100.76857142857143,101.05,8.93,20.067142857142862,26.17,3.294285714285714,5.01
2026-02-22,12.32,9.92,1.76,2,23.37,16.3,31.31,10.64,14.34,17.538571428571426,20.65,64.93,72.14142857142858,81.69,100.32,100.68571428571428,101.05,7.37,21.585714285714285,26.06,3.8485714285714283,5.6
2026-03-01,12.200000000000001,5.24,1.742857142857143,3,25.02,17.7,35.46,12.55142857142857,16.06,18.654285714285713,20.7,66.83,70.89857142857143,76.64,100.4,100.69000000000001,100.89,14.67,22.889999999999993,25.68,4.01,4.63
2026-03-08,7.33,2.97,1.0471428571428572,3,22.92142857142857,18.4,31.2,8.59714285714286,15.8,17.69,19.15,67.56,74.72571428571429,83.8,100.49,100.89571428571428,101.28,5.97,16.504285714285714,23.63,3.8542857142857145,5.41
2026-03-15,21.33,9.54,3.0471428571428567,4,26.264285714285712,17.54,36.69,12.151428571428571,16.37,20.72714285714286,22.79,65.33,75.42857142857143,82.03,100.28,100.4742857142857,100.58,6.0,17.694285714285712,23.47,3.1185714285714283,4.37
2026-03-22,30.32,11.64,4.331428571428572,5,25.444285714285716,20.58,35.68,9.325714285714284,19.64,21.59857142857143,22.64,74.87,81.05571428571429,87.3,100.42,100.85285714285715,101.12,5.89,13.348571428571429,20.55,3.1585714285714284,4.34
2026-03-29,5.130000000000001,3.22,0.732857142857143,2,25.735714285714288,17.82,34.75,11.408571428571431,17.03,19.77285714285714,22.48,67.58,72.69285714285715,79.86,100.58,100.84714285714287,101.15,9.44,17.82,20.4,3.174285714285714,6.09
2026-04-05,20.73,9.68,2.9614285714285713,4,22.294285714285714,13.65,34.55,10.49285714285714,13.19,16.674285714285713,20.86,69.6,72.99428571428571,75.35,100.36,101.03857142857143,101.49,4.29,14.64857142857143,19.37,4.508571428571429,7.77
2026-04-12,12.01,6.78,1.7157142857142857,2,23.49285714285714,16.88,31.36,10.274285714285714,14.64,18.065714285714286,19.44,65.72,74.22428571428573,79.88,100.23,100.76142857142857,101.25,10.27,14.862857142857141,18.1,3.2642857142857147,5.11
2026-04-19,40.03,26.4,5.718571428571429,3,21.66,15.18,31.05,9.894285714285719,14.3,17.27,19.21,64.39,78.85142857142857,91.71,100.78,101.04714285714286,101.42,3.27,11.090000000000002,17.84,2.827142857142857,4.47
2026-04-26,15.25,7.78,2.1785714285714284,2,17.56142857142857,6.75,27.91,12.204285714285717,6.02,11.678571428571429,17.37,59.93,71.10142857142857,83.82,100.47,101.02571428571427,101.36,2.33,13.602857142857143,17.52,3.295714285714286,5.84
2026-05-03,8.829999999999998,4.39,1.2614285714285711,3,18.875714285714285,9.66,30.1,9.689999999999998,3.93,13.914285714285715,20.68,55.67,74.35285714285715,85.89,100.02,100.86,101.72,9.77,13.999999999999998,16.38,3.27,5.9
2026-05-10,0.08,0.08,0.011428571428571429,0,13.528571428571428,6.59,22.15,10.549999999999999,3.54,7.654285714285714,12.87,59.66,69.75,83.3,101.05,101.33428571428571,101.58,12.27,13.791666666666666,15.47,3.052857142857143,5.13
2026-05-17,3.0599999999999996,2.51,0.4371428571428571,1,13.124285714285715,6.33,19.2,8.662857142857142,4.84,8.528571428571428,13.47,65.04,75.46428571428571,89.46,101.13,101.77857142857144,102.11,3.81,10.239999999999998,14.09,2.587142857142857,3.55
2026-05-24,17.4,10.95,2.4857142857142853,4,15.834285714285715,11.08,22.24,7.532857142857143,11.94,13.694285714285714,16.26,85.29,88.10571428571428,95.07,101.29,101.56428571428572,101.69,4.29,8.305,11.46,1.9342857142857144,2.48
2026-05-31,1.74,0.51,0.24857142857142858,0,16.284285714285712,10.3,23.85,8.834285714285713,11.99,13.620000000000001,14.89,82.41,85.39857142857143,88.04,101.2,101.73285714285714,102.05,5.01,8.734285714285715,12.11,2.007142857142857,2.25
