h,data,real,pred,naive
1,2021-01-24,0.0,0.4281664951396348,0.0
1,2021-01-31,0.0,-1.618273006753559,0.0
1,2021-02-07,0.0,14.193370318994312,0.0
1,2021-02-14,2.0,5.79732660035646,0.0
1,2021-02-21,0.0,7.509651156394402,2.0
1,2021-02-28,1.0,3.0811575443166563,0.0
1,2021-03-07,0.0,2.551750012797306,1.0
1,2021-03-14,1.0,1.0967364577116905,0.0
1,2021-03-21,1.0,1.7523288652200821,1.0
1,2021-03-28,9.0,1.8570916343617998,1.0
1,2021-04-04,12.0,9.63639155971303,9.0
1,2021-04-11,12.0,14.542349028743844,12.0
1,2021-04-18,8.0,14.17015670117498,12.0
1,2021-04-25,7.0,8.250278491772686,8.0
1,2021-05-02,9.0,5.32916823672337,7.0
1,2021-05-09,5.0,8.270334204385277,9.0
1,2021-05-16,0.0,6.338497125310883,5.0
1,2021-05-23,1.0,-1.163022904454686,0.0
1,2021-05-30,1.0,1.601673345326695,1.0
1,2021-06-06,0.0,0.9942179542284701,1.0
1,2021-06-13,0.0,0.23533459156449074,0.0
1,2021-06-20,0.0,0.530371064264729,0.0
1,2021-06-27,1.0,-0.11643371809425782,0.0
1,2021-07-04,0.0,0.6325472212311627,1.0
1,2021-07-11,1.0,-0.1449703202594638,0.0
1,2021-07-18,0.0,0.3173961726704975,1.0
1,2021-07-25,0.0,0.6637975405833249,0.0
1,2021-08-01,0.0,0.36698920105752997,0.0
1,2021-08-08,0.0,0.5827475245496306,0.0
1,2021-08-15,0.0,1.281391960331463,0.0
1,2021-08-22,0.0,0.04992236027082465,0.0
1,2021-08-29,0.0,0.08514460617765064,0.0
1,2021-09-05,0.0,-0.3814856235063929,0.0
1,2021-09-12,0.0,-0.012461689259548199,0.0
1,2021-09-19,0.0,0.29448403520149685,0.0
1,2021-09-26,0.0,-0.05421052079056739,0.0
1,2021-10-03,0.0,0.012983800355516524,0.0
1,2021-10-10,0.0,-0.037856482032103,0.0
1,2021-10-17,0.0,0.008501190961169476,0.0
1,2021-10-24,0.0,0.13463025298875958,0.0
1,2021-10-31,0.0,0.043001925597696194,0.0
1,2021-11-07,0.0,0.38074180387228546,0.0
1,2021-11-14,0.0,0.02164289707439402,0.0
1,2021-11-21,0.0,-0.02340752161402189,0.0
1,2021-11-28,1.0,0.0957996562994965,0.0
1,2021-12-05,0.0,1.2313204825495272,1.0
1,2021-12-12,0.0,1.2555326944440528,0.0
1,2021-12-19,0.0,1.2963736147049496,0.0
1,2021-12-26,1.0,4.82858240772031,0.0
1,2022-01-02,0.0,1.6504393832423032,1.0
1,2022-01-09,2.0,1.5492925247104883,0.0
1,2022-01-16,0.0,1.4921845343621631,2.0
1,2022-01-23,1.0,1.2196634818335477,0.0
1,2022-01-30,2.0,0.384285677696453,1.0
1,2022-02-06,9.0,2.211071533268788,2.0
1,2022-02-13,20.0,14.490116743206741,9.0
1,2022-02-20,51.0,22.348658117464016,20.0
1,2022-02-27,203.0,56.39783564393126,51.0
1,2022-03-06,269.0,91.58054554126377,203.0
1,2022-03-13,463.0,116.43986113400727,269.0
1,2022-03-20,482.0,268.44242556288606,463.0
1,2022-03-27,524.0,369.3984857264602,482.0
1,2022-04-03,753.0,470.2735633886469,524.0
1,2022-04-10,879.0,614.9633349602751,753.0
1,2022-04-17,569.0,641.2504331444635,879.0
1,2022-04-24,344.0,564.0517996428371,569.0
1,2022-05-01,223.0,432.19658930827427,344.0
1,2022-05-08,313.0,314.7630119642598,223.0
1,2022-05-15,122.0,346.4250219411876,313.0
1,2022-05-22,92.0,73.24535022020349,122.0
1,2022-05-29,61.0,94.68817848374968,92.0
1,2022-06-05,17.0,73.02909911947239,61.0
1,2022-06-12,26.0,3.233661353102934,17.0
1,2022-06-19,19.0,-3.470345662329213,26.0
1,2022-06-26,14.0,80.81405909870291,19.0
1,2022-07-03,24.0,15.705312662863337,14.0
1,2022-07-10,13.0,23.60792073729784,24.0
1,2022-07-17,11.0,9.030882358205988,13.0
1,2022-07-24,11.0,-3.9379972293014873,11.0
1,2022-07-31,3.0,10.901376228530014,11.0
1,2022-08-07,3.0,-3.5906749164034806,3.0
1,2022-08-14,3.0,-3.073013877490484,3.0
1,2022-08-21,1.0,4.988606538639634,3.0
1,2022-08-28,2.0,0.7181475702974843,1.0
1,2022-09-04,0.0,0.9437869795464733,2.0
1,2022-09-11,3.0,0.47432923445982667,0.0
1,2022-09-18,0.0,1.2764241651061694,3.0
1,2022-09-25,1.0,1.0264150182580805,0.0
1,2022-10-02,0.0,0.1251308897145754,1.0
1,2022-10-09,1.0,0.31010512255469463,0.0
1,2022-10-16,0.0,0.03481938247170827,1.0
1,2022-10-23,0.0,0.49766819689576536,0.0
1,2022-10-30,6.0,0.06558031580241164,0.0
1,2022-11-06,11.0,3.407530345351152,6.0
1,2022-11-13,7.0,9.588268741240311,11.0
1,2022-11-20,9.0,8.938509250007243,7.0
1,2022-11-27,10.0,11.256615755960802,9.0
1,2022-12-04,4.0,12.482953827926423,10.0
1,2022-12-11,0.0,5.701019741960889,4.0
1,2022-12-18,1.0,1.6370737801282136,0.0
1,2022-12-25,0.0,-0.7868309987004972,1.0
1,2023-01-01,3.0,0.9450643209971886,0.0
1,2023-01-08,2.0,-0.0677732414121845,3.0
1,2023-01-15,0.0,-2.028314000051367,2.0
1,2023-01-22,2.0,14.27178972155541,0.0
1,2023-01-29,0.0,9.151591676571046,2.0
1,2023-02-05,10.0,25.693115190988774,0.0
1,2023-02-12,7.0,44.326146547410126,10.0
1,2023-02-19,27.0,59.53025991691439,7.0
1,2023-02-26,37.0,145.31105502541095,27.0
1,2023-03-05,93.0,19.303780159547465,37.0
1,2023-03-12,199.0,148.16492547812663,93.0
1,2023-03-19,250.0,358.5366380682913,199.0
1,2023-03-26,360.0,521.4100079159132,250.0
1,2023-04-02,541.0,455.6783898510812,360.0
1,2023-04-09,589.0,564.0378887545398,541.0
1,2023-04-16,581.0,573.6959488350103,589.0
1,2023-04-23,760.0,642.6459288947495,581.0
1,2023-04-30,762.0,688.258963176145,760.0
1,2023-05-07,540.0,641.5559440732328,762.0
1,2023-05-14,473.0,467.1415931711773,540.0
1,2023-05-21,450.0,426.4921289807047,473.0
1,2023-05-28,225.0,458.2412200549078,450.0
1,2025-09-07,3.0,3.089065144262179,6.0
1,2025-09-14,9.0,1.1490960499937208,3.0
1,2025-09-21,6.0,5.825715412018002,9.0
1,2025-09-28,7.0,7.87113506655279,6.0
1,2025-10-05,5.0,7.900912387279314,7.0
1,2025-10-12,4.0,9.6250604927448,5.0
1,2025-10-19,8.0,3.3041326764308674,4.0
1,2025-10-26,4.0,12.056191899670688,8.0
1,2025-11-02,0.0,3.283450411775794,4.0
1,2025-11-09,5.0,3.4448731671035415,0.0
1,2025-11-16,2.0,2.1993096259774494,5.0
1,2025-11-23,3.0,1.5893629547440833,2.0
1,2025-11-30,2.0,3.518066908422933,3.0
1,2025-12-07,1.0,4.080873049125683,2.0
1,2025-12-14,1.0,2.198270664830339,1.0
1,2025-12-21,0.0,8.87339445550935,1.0
1,2025-12-28,2.0,2.143356491868002,0.0
1,2026-01-04,1.0,10.596431379114888,2.0
1,2026-01-11,1.0,3.0541511809811204,1.0
1,2026-01-18,1.0,58.91128257385609,1.0
1,2026-01-25,1.0,19.3247013234931,1.0
1,2026-02-01,1.0,21.33000235806214,1.0
1,2026-02-08,1.0,10.776281542978937,1.0
1,2026-02-15,0.0,29.183081986495473,1.0
1,2026-02-22,1.0,5.519465449012795,0.0
1,2026-03-01,0.0,3.1325155149525425,1.0
1,2026-03-08,0.0,11.871186004845711,0.0
1,2026-03-15,0.0,3.5332524484514494,0.0
1,2026-03-22,0.0,-4.895830459485863,0.0
1,2026-03-29,0.0,-14.5397255706947,0.0
1,2026-04-05,0.0,8.05598106219584,0.0
1,2026-04-12,2.0,1.0884275635463283,0.0
1,2026-04-19,1.0,27.736463587689094,2.0
2,2021-01-24,0.0,12.941307884847811,0.0
2,2021-01-31,0.0,13.180191204864924,0.0
2,2021-02-07,2.0,34.30812571699824,0.0
2,2021-02-14,0.0,15.066647198729548,0.0
2,2021-02-21,1.0,4.967133243789233,2.0
2,2021-02-28,0.0,7.270191230018747,0.0
2,2021-03-07,1.0,13.479820981744671,1.0
2,2021-03-14,1.0,3.221957388157349,0.0
2,2021-03-21,9.0,1.4534670224423172,1.0
2,2021-03-28,12.0,2.221164206993183,1.0
2,2021-04-04,12.0,15.212781822538988,9.0
2,2021-04-11,8.0,18.11181965248399,12.0
2,2021-04-18,7.0,8.355144119559546,12.0
2,2021-04-25,9.0,9.266167444817711,8.0
2,2021-05-02,5.0,7.737162031436096,7.0
2,2021-05-09,0.0,6.825617591466716,9.0
2,2021-05-16,1.0,2.944040416150702,5.0
2,2021-05-23,1.0,0.10138276030258236,0.0
2,2021-05-30,0.0,1.5522817663738306,1.0
2,2021-06-06,0.0,-2.0498916159076157,1.0
2,2021-06-13,0.0,0.6521917847714817,0.0
2,2021-06-20,1.0,0.08629475644757295,0.0
2,2021-06-27,0.0,0.697266546356387,0.0
2,2021-07-04,1.0,0.6326678532677015,1.0
2,2021-07-11,0.0,1.19674346804438,0.0
2,2021-07-18,0.0,-0.18154077599841129,1.0
2,2021-07-25,0.0,-0.047615114609918165,0.0
2,2021-08-01,0.0,0.5827554902564666,0.0
2,2021-08-08,0.0,0.33304272638135285,0.0
2,2021-08-15,0.0,0.04143942080464132,0.0
2,2021-08-22,0.0,0.3069815786644286,0.0
2,2021-08-29,0.0,-0.08033938708291127,0.0
2,2021-09-05,0.0,0.12687534389431177,0.0
2,2021-09-12,0.0,0.3228309240867236,0.0
2,2021-09-19,0.0,0.0809291016982428,0.0
2,2021-09-26,0.0,0.032515499949782076,0.0
2,2021-10-03,0.0,-0.17193474023410749,0.0
2,2021-10-10,0.0,-0.10722475502906381,0.0
2,2021-10-17,0.0,0.07838276651054446,0.0
2,2021-10-24,0.0,-0.16219511739062153,0.0
2,2021-10-31,0.0,-0.07411067544126969,0.0
2,2021-11-07,0.0,0.05030593499747545,0.0
2,2021-11-14,0.0,-0.0774516021572307,0.0
2,2021-11-21,1.0,-0.11898217111469744,0.0
2,2021-11-28,0.0,0.21345903186451332,0.0
2,2021-12-05,0.0,0.8733225898582712,1.0
2,2021-12-12,0.0,0.7201393091813408,0.0
2,2021-12-19,1.0,1.2659782317677402,0.0
2,2021-12-26,0.0,0.4311382079385785,0.0
2,2022-01-02,2.0,0.3494566970652714,1.0
2,2022-01-09,0.0,1.2402382367809603,0.0
2,2022-01-16,1.0,1.86171379297212,2.0
2,2022-01-23,2.0,1.1397644547367198,0.0
2,2022-01-30,9.0,1.5583384146877923,1.0
2,2022-02-06,20.0,5.217973666261103,2.0
2,2022-02-13,51.0,11.497347791277807,9.0
2,2022-02-20,203.0,50.28105390554354,20.0
2,2022-02-27,269.0,96.7569435380416,51.0
2,2022-03-06,463.0,109.60520056217295,203.0
2,2022-03-13,482.0,223.43708226955923,269.0
2,2022-03-20,524.0,277.00829484944967,463.0
2,2022-03-27,753.0,393.75444034827603,482.0
2,2022-04-03,879.0,591.0930917426776,524.0
2,2022-04-10,569.0,758.2258806284801,753.0
2,2022-04-17,344.0,605.8890521294243,879.0
2,2022-04-24,223.0,448.79456869646896,569.0
2,2022-05-01,313.0,414.0465917389106,344.0
2,2022-05-08,122.0,350.7726648409999,223.0
2,2022-05-15,92.0,293.03329183621827,313.0
2,2022-05-22,61.0,69.7054137517662,122.0
2,2022-05-29,17.0,17.543240210739775,92.0
2,2022-06-05,26.0,39.71371549181077,61.0
2,2022-06-12,19.0,14.525947612702021,17.0
2,2022-06-19,14.0,34.70429597380891,26.0
2,2022-06-26,24.0,20.056880877494713,19.0
2,2022-07-03,13.0,25.878574123586514,14.0
2,2022-07-10,11.0,16.657504485963894,24.0
2,2022-07-17,11.0,12.14935594968477,13.0
2,2022-07-24,3.0,7.589553123515116,11.0
2,2022-07-31,3.0,12.221736913066126,11.0
2,2022-08-07,3.0,0.28583650966269897,3.0
2,2022-08-14,1.0,0.4703984653302384,3.0
2,2022-08-21,2.0,0.5161560916138809,3.0
2,2022-08-28,0.0,0.7938079703707237,1.0
2,2022-09-04,3.0,0.3102228211772578,2.0
2,2022-09-11,0.0,1.2530214746619133,0.0
2,2022-09-18,1.0,0.7022567923092858,3.0
2,2022-09-25,0.0,0.6124023239392852,0.0
2,2022-10-02,1.0,0.22087820246385614,1.0
2,2022-10-09,0.0,0.09988927353215299,0.0
2,2022-10-16,0.0,0.488466180371322,1.0
2,2022-10-23,6.0,-0.04151557320712616,0.0
2,2022-10-30,11.0,0.34416897251429424,0.0
2,2022-11-06,7.0,4.838422469313898,6.0
2,2022-11-13,9.0,15.455145109332323,11.0
2,2022-11-20,10.0,16.992177964919303,7.0
2,2022-11-27,4.0,9.12989335706716,9.0
2,2022-12-04,0.0,7.542497619338376,10.0
2,2022-12-11,1.0,3.889887612895572,4.0
2,2022-12-18,0.0,-0.4533035856269767,0.0
2,2022-12-25,3.0,-0.9466593752745419,1.0
2,2023-01-01,2.0,1.7313074589680406,0.0
2,2023-01-08,0.0,0.0326493168686209,3.0
2,2023-01-15,2.0,-5.512488482950889,2.0
2,2023-01-22,0.0,-3.82056875198436,0.0
2,2023-01-29,10.0,13.962225581843212,2.0
2,2023-02-05,7.0,127.29179679180245,0.0
2,2023-02-12,27.0,138.1841604608268,10.0
2,2023-02-19,37.0,104.21424921610732,7.0
2,2023-02-26,93.0,161.82783979515813,27.0
2,2023-03-05,199.0,72.16436183483114,37.0
2,2023-03-12,250.0,174.23195024682443,93.0
2,2023-03-19,360.0,473.0282519983116,199.0
2,2023-03-26,541.0,556.9885876086506,250.0
2,2023-04-02,589.0,506.8457641571566,360.0
2,2023-04-09,581.0,693.5574888047054,541.0
2,2023-04-16,760.0,546.9515721849805,589.0
2,2023-04-23,762.0,645.9755017317609,581.0
2,2023-04-30,540.0,458.8232207218576,760.0
2,2023-05-07,473.0,411.9715861519825,762.0
2,2023-05-14,450.0,267.2441109278728,540.0
2,2023-05-21,225.0,378.0671405729065,473.0
2,2025-09-07,9.0,4.037336629005573,6.0
2,2025-09-14,6.0,3.6240783529294474,3.0
2,2025-09-21,7.0,9.303376954863353,9.0
2,2025-09-28,5.0,6.466333191899426,6.0
2,2025-10-05,4.0,7.193716294457768,7.0
2,2025-10-12,8.0,7.027176643966273,5.0
2,2025-10-19,4.0,2.302339624559756,4.0
2,2025-10-26,0.0,5.61657209571269,8.0
2,2025-11-02,5.0,4.3004851369392165,4.0
2,2025-11-09,2.0,-0.3609117528375964,0.0
2,2025-11-16,3.0,2.261857155415852,5.0
2,2025-11-23,2.0,2.096512453799077,2.0
2,2025-11-30,1.0,1.2738370338930247,3.0
2,2025-12-07,1.0,2.2072793960826105,2.0
2,2025-12-14,0.0,3.29613427086973,1.0
2,2025-12-21,2.0,2.184164389569727,1.0
2,2025-12-28,1.0,8.164042300566582,0.0
2,2026-01-04,1.0,6.544602507977467,2.0
2,2026-01-11,1.0,6.517574748084862,1.0
2,2026-01-18,1.0,40.51362164645453,1.0
2,2026-01-25,1.0,12.303250792943636,1.0
2,2026-02-01,1.0,1.86899864666343,1.0
2,2026-02-08,0.0,15.024827608916649,1.0
2,2026-02-15,1.0,26.622231124835352,1.0
2,2026-02-22,0.0,0.15414539884267067,0.0
2,2026-03-01,0.0,6.242542052396679,1.0
2,2026-03-08,0.0,13.89907402654734,0.0
2,2026-03-15,0.0,18.373923663690647,0.0
2,2026-03-22,0.0,28.217738150827874,0.0
2,2026-03-29,0.0,10.33303594458996,0.0
2,2026-04-05,2.0,4.164226292172104,0.0
2,2026-04-12,1.0,8.79115740083209,0.0
3,2021-01-24,0.0,9.054331577911702,0.0
3,2021-01-31,2.0,1.6486086249331757,0.0
3,2021-02-07,0.0,18.86071110137652,0.0
3,2021-02-14,1.0,7.862406130632369,0.0
3,2021-02-21,0.0,4.765086868576105,2.0
3,2021-02-28,1.0,12.402483840115078,0.0
3,2021-03-07,1.0,6.171931432624853,1.0
3,2021-03-14,9.0,3.0863785945507853,0.0
3,2021-03-21,12.0,5.668261920213502,1.0
3,2021-03-28,12.0,7.91812845110629,1.0
3,2021-04-04,8.0,16.546469265930106,9.0
3,2021-04-11,7.0,12.463213466521333,12.0
3,2021-04-18,9.0,23.49431401470702,12.0
3,2021-04-25,5.0,8.235182908404038,8.0
3,2021-05-02,0.0,6.281299109865387,7.0
3,2021-05-09,1.0,7.076387727713831,9.0
3,2021-05-16,1.0,4.63587757982652,5.0
3,2021-05-23,0.0,3.7621644412773616,0.0
3,2021-05-30,0.0,0.5418954180153216,1.0
3,2021-06-06,0.0,0.567992196622534,1.0
3,2021-06-13,1.0,0.055913897451542086,0.0
3,2021-06-20,0.0,2.1893638687093726,0.0
3,2021-06-27,1.0,-0.3231884829004831,0.0
3,2021-07-04,0.0,-0.3446180669556299,1.0
3,2021-07-11,0.0,0.1655667034205508,0.0
3,2021-07-18,0.0,0.6505087285047205,1.0
3,2021-07-25,0.0,0.3909928619457033,0.0
3,2021-08-01,0.0,0.825011559193702,0.0
3,2021-08-08,0.0,0.19087846889531096,0.0
3,2021-08-15,0.0,-0.19648780993024045,0.0
3,2021-08-22,0.0,-0.616182333069454,0.0
3,2021-08-29,0.0,0.019611050198732802,0.0
3,2021-09-05,0.0,0.9314976064033327,0.0
3,2021-09-12,0.0,1.3846539953409946,0.0
3,2021-09-19,0.0,0.20282698325824486,0.0
3,2021-09-26,0.0,-0.01806467655604263,0.0
3,2021-10-03,0.0,0.011663027203085112,0.0
3,2021-10-10,0.0,0.07857274471848054,0.0
3,2021-10-17,0.0,-0.09171742143265045,0.0
3,2021-10-24,0.0,-0.0670069261470059,0.0
3,2021-10-31,0.0,0.026021406101066513,0.0
3,2021-11-07,0.0,-0.05818895124473729,0.0
3,2021-11-14,1.0,-0.03977295769901527,0.0
3,2021-11-21,0.0,0.23066051367092083,0.0
3,2021-11-28,0.0,0.14140429026129678,0.0
3,2021-12-05,0.0,-0.0468469441795641,1.0
3,2021-12-12,1.0,1.6862251706864488,0.0
3,2021-12-19,0.0,0.7505333367911164,0.0
3,2021-12-26,2.0,2.7083417645568675,0.0
3,2022-01-02,0.0,0.1659076156715386,1.0
3,2022-01-09,1.0,2.2092968959440693,0.0
3,2022-01-16,2.0,1.2533055094079157,2.0
3,2022-01-23,9.0,1.4501782793756977,0.0
3,2022-01-30,20.0,3.983030447475017,1.0
3,2022-02-06,51.0,8.418825194800132,2.0
3,2022-02-13,203.0,28.32860305252439,9.0
3,2022-02-20,269.0,50.2092356670634,20.0
3,2022-02-27,463.0,73.33480452279542,51.0
3,2022-03-06,482.0,101.62940246438018,203.0
3,2022-03-13,524.0,192.34759618798302,269.0
3,2022-03-20,753.0,312.61176652087715,463.0
3,2022-03-27,879.0,563.1365880525896,482.0
3,2022-04-03,569.0,684.3757125911732,524.0
3,2022-04-10,344.0,536.0631547529465,753.0
3,2022-04-17,223.0,447.234544888438,879.0
3,2022-04-24,313.0,385.95873920735795,569.0
3,2022-05-01,122.0,355.9886053624665,344.0
3,2022-05-08,92.0,201.20226746926025,223.0
3,2022-05-15,61.0,358.3208149159521,313.0
3,2022-05-22,17.0,34.254684632240135,122.0
3,2022-05-29,26.0,51.12891654922911,92.0
3,2022-06-05,19.0,24.46180326279893,61.0
3,2022-06-12,14.0,29.880335249567814,17.0
3,2022-06-19,24.0,14.23589992707226,26.0
3,2022-06-26,13.0,14.535600560945475,19.0
3,2022-07-03,11.0,2.9958968453978057,14.0
3,2022-07-10,11.0,13.079973474584978,24.0
3,2022-07-17,3.0,3.38455296927277,13.0
3,2022-07-24,3.0,2.359902981094043,11.0
3,2022-07-31,3.0,5.916473984879796,11.0
3,2022-08-07,1.0,1.8421611822384072,3.0
3,2022-08-14,2.0,0.6209704986715151,3.0
3,2022-08-21,0.0,1.2500370423896718,3.0
3,2022-08-28,3.0,0.08445088102152151,1.0
3,2022-09-04,0.0,0.7229276439273509,2.0
3,2022-09-11,1.0,0.49413594969129004,0.0
3,2022-09-18,0.0,0.5318203222993207,3.0
3,2022-09-25,1.0,0.2663891635685266,0.0
3,2022-10-02,0.0,0.13993173507158366,1.0
3,2022-10-09,0.0,0.2962785277126233,0.0
3,2022-10-16,6.0,0.2925527442313005,1.0
3,2022-10-23,11.0,0.02711408938763661,0.0
3,2022-10-30,7.0,0.29971071745206174,0.0
3,2022-11-06,9.0,3.8724202597988073,6.0
3,2022-11-13,10.0,8.178118192469826,11.0
3,2022-11-20,4.0,6.720399435576713,7.0
3,2022-11-27,0.0,17.54429219066692,9.0
3,2022-12-04,1.0,3.1764123933993718,10.0
3,2022-12-11,0.0,5.2257263285186255,4.0
3,2022-12-18,3.0,-0.7350596421586387,0.0
3,2022-12-25,2.0,10.454446314068266,1.0
3,2023-01-01,0.0,9.851487263852027,0.0
3,2023-01-08,2.0,12.126927511081277,3.0
3,2023-01-15,0.0,-10.553435492051054,2.0
3,2023-01-22,10.0,21.81406061660777,0.0
3,2023-01-29,7.0,20.262668785056675,2.0
3,2023-02-05,27.0,148.87999456037986,0.0
3,2023-02-12,37.0,282.66100009775687,10.0
3,2023-02-19,93.0,156.31120276111756,7.0
3,2023-02-26,199.0,219.66618531191034,27.0
3,2023-03-05,250.0,97.22645675317789,37.0
3,2023-03-12,360.0,276.82507606206474,93.0
3,2023-03-19,541.0,580.0171010912138,199.0
3,2023-03-26,589.0,541.9378216753329,250.0
3,2023-04-02,581.0,502.47147002692003,360.0
3,2023-04-09,760.0,534.1437913897403,541.0
3,2023-04-16,762.0,452.93540406747087,589.0
3,2023-04-23,540.0,538.0181541733784,581.0
3,2023-04-30,473.0,401.39781757929364,760.0
3,2023-05-07,450.0,284.85800758854947,762.0
3,2023-05-14,225.0,304.4549239461839,540.0
3,2025-09-07,6.0,1.5627861023065097,6.0
3,2025-09-14,7.0,0.30141064583235955,3.0
3,2025-09-21,5.0,4.558263284858985,9.0
3,2025-09-28,4.0,5.9847807027364,6.0
3,2025-10-05,8.0,3.3809610222254247,7.0
3,2025-10-12,4.0,5.801698785860791,5.0
3,2025-10-19,0.0,2.0167580711190953,4.0
3,2025-10-26,5.0,7.833310661483877,8.0
3,2025-11-02,2.0,2.397566834008224,4.0
3,2025-11-09,3.0,1.8326059654568208,0.0
3,2025-11-16,2.0,3.723554257358163,5.0
3,2025-11-23,1.0,1.5780600178262376,2.0
3,2025-11-30,1.0,0.6266136491059432,3.0
3,2025-12-07,0.0,0.014427026460793604,2.0
3,2025-12-14,2.0,2.2527836159624726,1.0
3,2025-12-21,1.0,16.97546909775227,1.0
3,2025-12-28,1.0,5.858648511252795,0.0
3,2026-01-04,1.0,9.444377585711203,2.0
3,2026-01-11,1.0,29.27520091119918,1.0
3,2026-01-18,1.0,46.973047488675135,1.0
3,2026-01-25,1.0,3.763145436839306,1.0
3,2026-02-01,0.0,27.33416574300012,1.0
3,2026-02-08,1.0,26.04565866130524,1.0
3,2026-02-15,0.0,18.8492843636001,1.0
3,2026-02-22,0.0,42.00021619099828,0.0
3,2026-03-01,0.0,25.278857343292017,1.0
3,2026-03-08,0.0,43.963657727028874,0.0
3,2026-03-15,0.0,10.387644239728337,0.0
3,2026-03-22,0.0,8.163581780082481,0.0
3,2026-03-29,2.0,19.287552344510132,0.0
3,2026-04-05,1.0,31.125805654302088,0.0
4,2021-01-24,2.0,2.6337996056020465,0.0
4,2021-01-31,0.0,2.4098617021018356,0.0
4,2021-02-07,1.0,29.81964553056647,0.0
4,2021-02-14,0.0,14.031189673762988,0.0
4,2021-02-21,1.0,6.432733544344839,2.0
4,2021-02-28,1.0,3.464989011056133,0.0
4,2021-03-07,9.0,8.70320065327348,1.0
4,2021-03-14,12.0,6.84980944079033,0.0
4,2021-03-21,12.0,8.361467985065458,1.0
4,2021-03-28,8.0,12.11667502202739,1.0
4,2021-04-04,7.0,26.72472267554089,9.0
4,2021-04-11,9.0,14.684313162830872,12.0
4,2021-04-18,5.0,10.113294232977283,12.0
4,2021-04-25,0.0,10.91105998799972,8.0
4,2021-05-02,1.0,5.08798834515065,7.0
4,2021-05-09,1.0,3.544574742087278,9.0
4,2021-05-16,0.0,7.238095410114734,5.0
4,2021-05-23,0.0,1.007105253553702,0.0
4,2021-05-30,0.0,0.17996828589393646,1.0
4,2021-06-06,1.0,-0.021524255896406136,1.0
4,2021-06-13,0.0,0.042695272150922205,0.0
4,2021-06-20,1.0,0.7189927379061781,0.0
4,2021-06-27,0.0,0.10998361498533447,0.0
4,2021-07-04,0.0,0.06796418121693983,1.0
4,2021-07-11,0.0,0.6016097618330318,0.0
4,2021-07-18,0.0,0.2895939729879648,1.0
4,2021-07-25,0.0,0.8105337294604005,0.0
4,2021-08-01,0.0,0.4016753000087786,0.0
4,2021-08-08,0.0,0.13869918694895575,0.0
4,2021-08-15,0.0,0.14858223266835058,0.0
4,2021-08-22,0.0,0.003567667879068598,0.0
4,2021-08-29,0.0,-0.009735818341280194,0.0
4,2021-09-05,0.0,0.08821358805851802,0.0
4,2021-09-12,0.0,0.202897405510639,0.0
4,2021-09-19,0.0,0.047862531922258984,0.0
4,2021-09-26,0.0,-0.1179630816703419,0.0
4,2021-10-03,0.0,-0.084329533927354,0.0
4,2021-10-10,0.0,-0.020214924581655698,0.0
4,2021-10-17,0.0,-0.05209947117967529,0.0
4,2021-10-24,0.0,-0.03077039561520172,0.0
4,2021-10-31,0.0,0.08406361845593069,0.0
4,2021-11-07,1.0,-0.11585190998459317,0.0
4,2021-11-14,0.0,-0.013246733991798517,0.0
4,2021-11-21,0.0,0.3637299373444233,0.0
4,2021-11-28,0.0,0.5447114318192791,0.0
4,2021-12-05,1.0,0.22235660726670756,1.0
4,2021-12-12,0.0,1.7302570757699598,0.0
4,2021-12-19,2.0,2.7315705813470927,0.0
4,2021-12-26,0.0,1.0939124150668815,0.0
4,2022-01-02,1.0,0.7761870131784996,1.0
4,2022-01-09,2.0,0.9863979960508621,0.0
4,2022-01-16,9.0,2.2836795033927806,2.0
4,2022-01-23,20.0,5.811462608975895,0.0
4,2022-01-30,51.0,12.154919055083065,1.0
4,2022-02-06,203.0,20.94733974842055,2.0
4,2022-02-13,269.0,93.88937388371242,9.0
4,2022-02-20,463.0,28.22561028821154,20.0
4,2022-02-27,482.0,77.28793851381674,51.0
4,2022-03-06,524.0,117.76750971269261,203.0
4,2022-03-13,753.0,285.349961597373,269.0
4,2022-03-20,879.0,445.51879441649055,463.0
4,2022-03-27,569.0,650.7111041069525,482.0
4,2022-04-03,344.0,601.5567958410123,524.0
4,2022-04-10,223.0,620.5731693469436,753.0
4,2022-04-17,313.0,376.8397185215438,879.0
4,2022-04-24,122.0,487.1275132264999,569.0
4,2022-05-01,92.0,259.1253919977265,344.0
4,2022-05-08,61.0,223.77719484330424,223.0
4,2022-05-15,17.0,199.48607529532046,313.0
4,2022-05-22,26.0,27.09292390898181,122.0
4,2022-05-29,19.0,29.278589083422453,92.0
4,2022-06-05,14.0,36.04100571354099,61.0
4,2022-06-12,24.0,7.240711880848104,17.0
4,2022-06-19,13.0,7.793815933758017,26.0
4,2022-06-26,11.0,17.587843865816755,19.0
4,2022-07-03,11.0,2.0372610502140027,14.0
4,2022-07-10,3.0,16.35589101625964,24.0
4,2022-07-17,3.0,3.6260557066287067,13.0
4,2022-07-24,3.0,2.9769401382606495,11.0
4,2022-07-31,1.0,1.8315155353368595,11.0
4,2022-08-07,2.0,5.054408692532015,3.0
4,2022-08-14,0.0,0.8356814332668359,3.0
4,2022-08-21,3.0,0.41802566926540674,3.0
4,2022-08-28,0.0,0.489856307679404,1.0
4,2022-09-04,1.0,2.4103615101853,2.0
4,2022-09-11,0.0,0.7002011783055918,0.0
4,2022-09-18,1.0,-0.052888525093388324,3.0
4,2022-09-25,0.0,0.48614382093105285,0.0
4,2022-10-02,0.0,0.1836056472844671,1.0
4,2022-10-09,6.0,0.11796575708879317,0.0
4,2022-10-16,11.0,1.6136221228241665,1.0
4,2022-10-23,7.0,-0.034832493647339896,0.0
4,2022-10-30,9.0,0.2761832193073557,0.0
4,2022-11-06,10.0,4.381690297330467,6.0
4,2022-11-13,4.0,4.3359966915431505,11.0
4,2022-11-20,0.0,5.6256620408067235,7.0
4,2022-11-27,1.0,6.2791078572492,9.0
4,2022-12-04,0.0,2.897455428045945,10.0
4,2022-12-11,3.0,4.826114379144227,4.0
4,2022-12-18,2.0,9.154858191975363,0.0
4,2022-12-25,0.0,-3.103816488946203,1.0
4,2023-01-01,2.0,0.07874929805702137,0.0
4,2023-01-08,0.0,-0.6329895319170031,3.0
4,2023-01-15,10.0,-0.8929733507766304,2.0
4,2023-01-22,7.0,10.156596420734951,0.0
4,2023-01-29,27.0,27.51749583476724,2.0
4,2023-02-05,37.0,136.16059670492726,0.0
4,2023-02-12,93.0,519.5080370012604,10.0
4,2023-02-19,199.0,251.4738384651423,7.0
4,2023-02-26,250.0,485.5635175178349,27.0
4,2023-03-05,360.0,84.71840541906903,37.0
4,2023-03-12,541.0,425.7844071627094,93.0
4,2023-03-19,589.0,449.96749009017225,199.0
4,2023-03-26,581.0,631.4025170335425,250.0
4,2023-04-02,760.0,619.6415656244942,360.0
4,2023-04-09,762.0,336.4486222559197,541.0
4,2023-04-16,540.0,346.96315596811854,589.0
4,2023-04-23,473.0,328.6037868568798,581.0
4,2023-04-30,450.0,399.9351540461366,760.0
4,2023-05-07,225.0,246.56876614553124,762.0
4,2025-09-07,7.0,1.3115269562119094,6.0
4,2025-09-14,5.0,0.9298670195810231,3.0
4,2025-09-21,4.0,4.253572984966929,9.0
4,2025-09-28,8.0,3.895917581082227,6.0
4,2025-10-05,4.0,3.025154895974431,7.0
4,2025-10-12,0.0,4.021705953221639,5.0
4,2025-10-19,5.0,2.125284970903017,4.0
4,2025-10-26,2.0,3.3431330820892855,8.0
4,2025-11-02,3.0,2.188763602523501,4.0
4,2025-11-09,2.0,1.7202163421977348,0.0
4,2025-11-16,1.0,1.9741212886837851,5.0
4,2025-11-23,1.0,1.2259604872101555,2.0
4,2025-11-30,0.0,-0.5778609636417612,3.0
4,2025-12-07,2.0,4.030825538349986,2.0
4,2025-12-14,1.0,10.773213730279652,1.0
4,2025-12-21,1.0,9.766034343029549,1.0
4,2025-12-28,1.0,6.9001985804418835,0.0
4,2026-01-04,1.0,23.940473087591656,2.0
4,2026-01-11,1.0,39.33493247595132,1.0
4,2026-01-18,1.0,14.461503596787733,1.0
4,2026-01-25,0.0,97.85809330702777,1.0
4,2026-02-01,1.0,112.39560198071472,1.0
4,2026-02-08,0.0,189.40063886165913,1.0
4,2026-02-15,0.0,53.265037086399076,1.0
4,2026-02-22,0.0,-10.582254727073149,0.0
4,2026-03-01,0.0,66.01373696056288,1.0
4,2026-03-08,0.0,41.285075357739004,0.0
4,2026-03-15,0.0,15.086739880141108,0.0
4,2026-03-22,2.0,10.136891988674197,0.0
4,2026-03-29,1.0,-3.1622914216762865,0.0
5,2021-01-24,0.0,2.027761921447121,0.0
5,2021-01-31,1.0,-0.5747499959807322,0.0
5,2021-02-07,0.0,12.9888597425435,0.0
5,2021-02-14,1.0,4.8125469663505545,0.0
5,2021-02-21,1.0,6.637871161049615,2.0
5,2021-02-28,9.0,2.5588550958170675,0.0
5,2021-03-07,12.0,15.2832065512511,1.0
5,2021-03-14,12.0,12.549307611454307,0.0
5,2021-03-21,8.0,14.309035436063091,1.0
5,2021-03-28,7.0,11.580550563946025,1.0
5,2021-04-04,9.0,17.276351705233637,9.0
5,2021-04-11,5.0,16.54767750092329,12.0
5,2021-04-18,0.0,15.88165734919424,12.0
5,2021-04-25,1.0,10.041963278478379,8.0
5,2021-05-02,1.0,4.5969593551348895,7.0
5,2021-05-09,0.0,4.006702775156109,9.0
5,2021-05-16,0.0,1.6688146398569175,5.0
5,2021-05-23,0.0,0.5061875085874591,0.0
5,2021-05-30,1.0,-0.9878126406197918,1.0
5,2021-06-06,0.0,-0.17265301638661504,1.0
5,2021-06-13,1.0,0.22756236397616586,0.0
5,2021-06-20,0.0,0.21848937972740282,0.0
5,2021-06-27,0.0,0.26762859185405635,0.0
5,2021-07-04,0.0,0.18898097418249973,1.0
5,2021-07-11,0.0,0.08614290785174042,0.0
5,2021-07-18,0.0,0.4001189026022707,1.0
5,2021-07-25,0.0,0.3408751581630655,0.0
5,2021-08-01,0.0,0.7900535609243209,0.0
5,2021-08-08,0.0,0.15490244870097805,0.0
5,2021-08-15,0.0,0.20997091261651604,0.0
5,2021-08-22,0.0,0.08509508345515111,0.0
5,2021-08-29,0.0,0.37040751630969465,0.0
5,2021-09-05,0.0,-0.09814042152998925,0.0
5,2021-09-12,0.0,-0.058988249020626445,0.0
5,2021-09-19,0.0,-0.10748414231479929,0.0
5,2021-09-26,0.0,-0.02739006782424223,0.0
5,2021-10-03,0.0,-0.07102369101650345,0.0
5,2021-10-10,0.0,-0.028011643267598283,0.0
5,2021-10-17,0.0,0.1645552752373592,0.0
5,2021-10-24,0.0,-0.038020973646178166,0.0
5,2021-10-31,1.0,0.2163941785930549,0.0
5,2021-11-07,0.0,-0.0998973996620586,0.0
5,2021-11-14,0.0,0.3851454884066918,0.0
5,2021-11-21,0.0,0.046170058875002,0.0
5,2021-11-28,1.0,-0.012295988547272643,0.0
5,2021-12-05,0.0,0.1270436402915885,1.0
5,2021-12-12,2.0,0.3241328987636741,0.0
5,2021-12-19,0.0,2.193207921309218,0.0
5,2021-12-26,1.0,6.095458959822247,0.0
5,2022-01-02,2.0,4.027652590100135,1.0
5,2022-01-09,9.0,3.8066780739551644,0.0
5,2022-01-16,20.0,9.79419338487722,2.0
5,2022-01-23,51.0,9.632181347715994,0.0
5,2022-01-30,203.0,31.422473125101977,1.0
5,2022-02-06,269.0,50.7848950931709,2.0
5,2022-02-13,463.0,106.02569754672459,9.0
5,2022-02-20,482.0,16.025004581711535,20.0
5,2022-02-27,524.0,93.02040849918953,51.0
5,2022-03-06,753.0,106.25611627652783,203.0
5,2022-03-13,879.0,196.88273967539394,269.0
5,2022-03-20,569.0,547.7976894046647,463.0
5,2022-03-27,344.0,510.54094959700495,482.0
5,2022-04-03,223.0,676.7219736410917,524.0
5,2022-04-10,313.0,469.2647664556401,753.0
5,2022-04-17,122.0,327.61857263636387,879.0
5,2022-04-24,92.0,445.14396646321285,569.0
5,2022-05-01,61.0,160.67297868009987,344.0
5,2022-05-08,17.0,128.14752752453498,223.0
5,2022-05-15,26.0,66.76378427149555,313.0
5,2022-05-22,19.0,12.900163501351676,122.0
5,2022-05-29,14.0,18.547060518651413,92.0
5,2022-06-05,24.0,13.706692603640354,61.0
5,2022-06-12,13.0,4.710931269830025,17.0
5,2022-06-19,11.0,4.63944676329667,26.0
5,2022-06-26,11.0,13.278445180795691,19.0
5,2022-07-03,3.0,8.679612264237113,14.0
5,2022-07-10,3.0,5.443814611862633,24.0
5,2022-07-17,3.0,2.4896062247012223,13.0
5,2022-07-24,1.0,4.855399596370985,11.0
5,2022-07-31,2.0,-0.16360165578934965,11.0
5,2022-08-07,0.0,5.204555057033034,3.0
5,2022-08-14,3.0,0.7778769272028742,3.0
5,2022-08-21,0.0,1.620924957424183,3.0
5,2022-08-28,1.0,0.30763520031794617,1.0
5,2022-09-04,0.0,0.9538452296243923,2.0
5,2022-09-11,1.0,0.41624598069179536,0.0
5,2022-09-18,0.0,0.8367266537747804,3.0
5,2022-09-25,0.0,0.2059922024207334,0.0
5,2022-10-02,6.0,0.42384186872963986,1.0
5,2022-10-09,11.0,0.05016822578347542,0.0
5,2022-10-16,7.0,3.1296434584324664,1.0
5,2022-10-23,9.0,1.773072330485351,0.0
5,2022-10-30,10.0,2.2459838744386103,0.0
5,2022-11-06,4.0,2.002049529949554,6.0
5,2022-11-13,0.0,8.308207941419601,11.0
5,2022-11-20,1.0,3.7820250922772427,7.0
5,2022-11-27,0.0,2.2509098151249316,9.0
5,2022-12-04,3.0,-0.10442465336200961,10.0
5,2022-12-11,2.0,2.6032454914462946,4.0
5,2022-12-18,0.0,-4.581369678946703,0.0
5,2022-12-25,2.0,-2.118062637706164,1.0
5,2023-01-01,0.0,6.765977309094876,0.0
5,2023-01-08,10.0,3.9361861870397368,3.0
5,2023-01-15,7.0,3.0032114410234922,2.0
5,2023-01-22,27.0,23.752377841402172,0.0
5,2023-01-29,37.0,39.108198313270194,2.0
5,2023-02-05,93.0,321.18395025142917,0.0
5,2023-02-12,199.0,705.5363868013218,10.0
5,2023-02-19,250.0,322.8729240368405,7.0
5,2023-02-26,360.0,320.3483117513618,27.0
5,2023-03-05,541.0,108.0109830974809,37.0
5,2023-03-12,589.0,577.273883812168,93.0
5,2023-03-19,581.0,465.02534512211355,199.0
5,2023-03-26,760.0,522.5572543619796,250.0
5,2023-04-02,762.0,383.5545132525503,360.0
5,2023-04-09,540.0,214.87801633661377,541.0
5,2023-04-16,473.0,205.4409861269366,589.0
5,2023-04-23,450.0,235.39074323386635,581.0
5,2023-04-30,225.0,353.01576052068526,760.0
5,2025-09-07,5.0,0.1769115574628626,6.0
5,2025-09-14,4.0,0.2570523668584825,3.0
5,2025-09-21,8.0,2.3767347781713046,9.0
5,2025-09-28,4.0,2.967030042431376,6.0
5,2025-10-05,0.0,3.728931173257137,7.0
5,2025-10-12,5.0,2.369648591921485,5.0
5,2025-10-19,2.0,3.754083353568204,4.0
5,2025-10-26,3.0,2.4118077273373064,8.0
5,2025-11-02,2.0,1.5704104618715606,4.0
5,2025-11-09,1.0,1.709136859289517,0.0
5,2025-11-16,1.0,3.2377454039408367,5.0
5,2025-11-23,0.0,1.0696430917640563,2.0
5,2025-11-30,2.0,1.8377746142337161,3.0
5,2025-12-07,1.0,9.036504739552612,2.0
5,2025-12-14,1.0,16.629296610467243,1.0
5,2025-12-21,1.0,20.806303437249287,1.0
5,2025-12-28,1.0,12.984459816666114,0.0
5,2026-01-04,1.0,19.55690081219585,2.0
5,2026-01-11,1.0,134.01798205435625,1.0
5,2026-01-18,0.0,49.47251313710036,1.0
5,2026-01-25,1.0,414.6033423708101,1.0
5,2026-02-01,0.0,16.9419034276048,1.0
5,2026-02-08,0.0,495.51422987496545,1.0
5,2026-02-15,0.0,157.8859984930049,1.0
5,2026-02-22,0.0,81.28903282030657,0.0
5,2026-03-01,0.0,159.8938790480725,1.0
5,2026-03-08,0.0,37.12660395182877,0.0
5,2026-03-15,2.0,20.27708532398109,0.0
5,2026-03-22,1.0,0.5455353599923642,0.0
6,2021-01-24,1.0,-0.3147464802122796,0.0
6,2021-01-31,0.0,-2.7101686112915337,0.0
6,2021-02-07,1.0,10.63490955770447,0.0
6,2021-02-14,1.0,10.718405953780769,0.0
6,2021-02-21,9.0,10.877177024234408,2.0
6,2021-02-28,12.0,9.662547598333104,0.0
6,2021-03-07,12.0,16.52440219804192,1.0
6,2021-03-14,8.0,10.685371481564614,0.0
6,2021-03-21,7.0,14.96422697840993,1.0
6,2021-03-28,9.0,11.893781852016426,1.0
6,2021-04-04,5.0,15.1444154718401,9.0
6,2021-04-11,0.0,16.40576066878023,12.0
6,2021-04-18,1.0,10.106309141124001,12.0
6,2021-04-25,1.0,10.068435693161575,8.0
6,2021-05-02,0.0,6.561726574970606,7.0
6,2021-05-09,0.0,3.982484596724865,9.0
6,2021-05-16,0.0,2.090591601472924,5.0
6,2021-05-23,1.0,2.4289039981602056,0.0
6,2021-05-30,0.0,-0.2803233805415906,1.0
6,2021-06-06,1.0,0.006112347659477224,1.0
6,2021-06-13,0.0,0.44314625944477287,0.0
6,2021-06-20,0.0,0.49379457338175764,0.0
6,2021-06-27,0.0,0.3234518180718993,0.0
6,2021-07-04,0.0,-0.017197045669707364,1.0
6,2021-07-11,0.0,0.09889417524730695,0.0
6,2021-07-18,0.0,0.4788029194216536,1.0
6,2021-07-25,0.0,0.2132656499666013,0.0
6,2021-08-01,0.0,0.1635477655738442,0.0
6,2021-08-08,0.0,0.07335442055916502,0.0
6,2021-08-15,0.0,0.05236291259860701,0.0
6,2021-08-22,0.0,-0.03293207130627309,0.0
6,2021-08-29,0.0,-0.03416617735776762,0.0
6,2021-09-05,0.0,-0.03652280445614978,0.0
6,2021-09-12,0.0,-0.09269838892256109,0.0
6,2021-09-19,0.0,-0.03823565650082025,0.0
6,2021-09-26,0.0,-0.028676564268195263,0.0
6,2021-10-03,0.0,0.3407555740029364,0.0
6,2021-10-10,0.0,-0.08266882646878045,0.0
6,2021-10-17,0.0,-0.04646699215229568,0.0
6,2021-10-24,1.0,0.2696303093186433,0.0
6,2021-10-31,0.0,-0.028629634612410266,0.0
6,2021-11-07,0.0,0.5339535473227227,0.0
6,2021-11-14,0.0,-0.05514613355458235,0.0
6,2021-11-21,1.0,-0.06923251269561564,0.0
6,2021-11-28,0.0,0.16067723804743653,0.0
6,2021-12-05,2.0,0.39956751949960057,1.0
6,2021-12-12,0.0,0.1269034520645502,0.0
6,2021-12-19,1.0,4.675562812953777,0.0
6,2021-12-26,2.0,4.177993313047144,0.0
6,2022-01-02,9.0,4.494590997291729,1.0
6,2022-01-09,20.0,7.592259799361726,0.0
6,2022-01-16,51.0,11.286524091069435,2.0
6,2022-01-23,203.0,17.395540707973296,0.0
6,2022-01-30,269.0,98.82948666554539,1.0
6,2022-02-06,463.0,51.46195067970858,2.0
6,2022-02-13,482.0,150.42512503363244,9.0
6,2022-02-20,524.0,35.14025201244178,20.0
6,2022-02-27,753.0,69.66121796404681,51.0
6,2022-03-06,879.0,142.500729265645,203.0
6,2022-03-13,569.0,294.95496430677196,269.0
6,2022-03-20,344.0,316.9998336605735,463.0
6,2022-03-27,223.0,481.75904452742014,482.0
6,2022-04-03,313.0,361.1316713853057,524.0
6,2022-04-10,122.0,234.02093334969155,753.0
6,2022-04-17,92.0,141.7945839593996,879.0
6,2022-04-24,61.0,201.69910426579793,569.0
6,2022-05-01,17.0,61.96845083317552,344.0
6,2022-05-08,26.0,36.30724808846032,223.0
6,2022-05-15,19.0,0.8384827355856328,313.0
6,2022-05-22,14.0,6.801952481041769,122.0
6,2022-05-29,24.0,13.205562455157603,92.0
6,2022-06-05,13.0,8.967155000559963,61.0
6,2022-06-12,11.0,4.2580423352674055,17.0
6,2022-06-19,11.0,10.965952570165777,26.0
6,2022-06-26,3.0,7.859437884451498,19.0
6,2022-07-03,3.0,1.338276562076351,14.0
6,2022-07-10,3.0,1.5566846720788,24.0
6,2022-07-17,1.0,3.339965665956432,13.0
6,2022-07-24,2.0,0.9813523685327268,11.0
6,2022-07-31,0.0,1.2016547122168708,11.0
6,2022-08-07,3.0,-0.48754538568742345,3.0
6,2022-08-14,0.0,0.8632914628158967,3.0
6,2022-08-21,1.0,0.2437636358406818,3.0
6,2022-08-28,0.0,0.4376626372574201,1.0
6,2022-09-04,1.0,0.0608810809074949,2.0
6,2022-09-11,0.0,0.3270322196515248,0.0
6,2022-09-18,0.0,0.3996272782664036,3.0
6,2022-09-25,6.0,0.39574473569042434,0.0
6,2022-10-02,11.0,-0.05416541151980944,1.0
6,2022-10-09,7.0,2.342741296051024,0.0
6,2022-10-16,9.0,2.767166034513506,1.0
6,2022-10-23,10.0,1.3748223029736852,0.0
6,2022-10-30,4.0,0.3278459311137679,0.0
6,2022-11-06,0.0,2.845677595360566,6.0
6,2022-11-13,1.0,2.8505103451765432,11.0
6,2022-11-20,0.0,1.3187974180275257,7.0
6,2022-11-27,3.0,1.2224391442317344,9.0
6,2022-12-04,2.0,-1.265630901353963,10.0
6,2022-12-11,0.0,-2.29355527225588,4.0
6,2022-12-18,2.0,-1.7156763503380346,0.0
6,2022-12-25,0.0,-22.96938243822962,1.0
6,2023-01-01,10.0,14.923992991002478,0.0
6,2023-01-08,7.0,4.713123966918975,3.0
6,2023-01-15,27.0,-14.536201888275176,2.0
6,2023-01-22,37.0,17.131991656507232,0.0
6,2023-01-29,93.0,49.72760067945611,2.0
6,2023-02-05,199.0,385.88572521697847,0.0
6,2023-02-12,250.0,505.4035164927169,10.0
6,2023-02-19,360.0,319.8679092541384,7.0
6,2023-02-26,541.0,526.2036991991711,27.0
6,2023-03-05,589.0,513.3569522294052,37.0
6,2023-03-12,581.0,363.66190022501365,93.0
6,2023-03-19,760.0,312.40412795811517,199.0
6,2023-03-26,762.0,398.08193847370296,250.0
6,2023-04-02,540.0,245.46290737059067,360.0
6,2023-04-09,473.0,443.2085189300628,541.0
6,2023-04-16,450.0,325.6562843282067,589.0
6,2023-04-23,225.0,111.7622030908772,581.0
6,2025-09-07,4.0,-0.7546546554762814,6.0
6,2025-09-14,8.0,0.621343525795705,3.0
6,2025-09-21,4.0,2.0146355790194947,9.0
6,2025-09-28,0.0,2.9607324881468706,6.0
6,2025-10-05,5.0,1.316459750052234,7.0
6,2025-10-12,2.0,1.6042405461428533,5.0
6,2025-10-19,3.0,2.1773915519031424,4.0
6,2025-10-26,2.0,1.131078878264199,8.0
6,2025-11-02,1.0,2.3140064465643313,4.0
6,2025-11-09,1.0,1.5075925993534371,0.0
6,2025-11-16,0.0,2.370406552474611,5.0
6,2025-11-23,2.0,1.5801783777465193,2.0
6,2025-11-30,1.0,2.3253705564558107,3.0
6,2025-12-07,1.0,13.328788389698042,2.0
6,2025-12-14,1.0,6.372132818341625,1.0
6,2025-12-21,1.0,4.452743900435147,1.0
6,2025-12-28,1.0,21.937954743846102,0.0
6,2026-01-04,1.0,14.59749509892676,2.0
6,2026-01-11,0.0,106.95619462240899,1.0
6,2026-01-18,1.0,512.0403427793271,1.0
6,2026-01-25,0.0,324.97984553216645,1.0
6,2026-02-01,0.0,161.65911108184932,1.0
6,2026-02-08,0.0,383.5040257952733,1.0
6,2026-02-15,0.0,391.7506566306874,1.0
6,2026-02-22,0.0,87.82549618025749,0.0
6,2026-03-01,0.0,220.290086343433,1.0
6,2026-03-08,2.0,100.04059468715212,0.0
6,2026-03-15,1.0,27.77378827206413,0.0
7,2021-01-24,0.0,-0.0071375005583007405,0.0
7,2021-01-31,1.0,-0.5184156757610046,0.0
7,2021-02-07,1.0,8.060655769151422,0.0
7,2021-02-14,9.0,10.074552448893206,0.0
7,2021-02-21,12.0,5.078288973413548,2.0
7,2021-02-28,12.0,9.147082745931321,0.0
7,2021-03-07,8.0,12.928483725492649,1.0
7,2021-03-14,7.0,7.654356436895771,0.0
7,2021-03-21,9.0,10.956322594895516,1.0
7,2021-03-28,5.0,7.3362661297857095,1.0
7,2021-04-04,0.0,10.669070746488257,9.0
7,2021-04-11,1.0,9.022246618982798,12.0
7,2021-04-18,1.0,6.0889844880717865,12.0
7,2021-04-25,0.0,4.934474625601054,8.0
7,2021-05-02,0.0,5.1259303065818225,7.0
7,2021-05-09,0.0,3.577576760358027,9.0
7,2021-05-16,1.0,-0.37829674025896615,5.0
7,2021-05-23,0.0,-0.21671389412194256,0.0
7,2021-05-30,1.0,-0.012044291023526136,1.0
7,2021-06-06,0.0,0.21004843558241978,1.0
7,2021-06-13,0.0,-0.07360013537450646,0.0
7,2021-06-20,0.0,0.05020906797357879,0.0
7,2021-06-27,0.0,-0.08391505626595236,0.0
7,2021-07-04,0.0,0.23589876117210073,1.0
7,2021-07-11,0.0,0.6548412791740952,0.0
7,2021-07-18,0.0,0.14091354723575178,1.0
7,2021-07-25,0.0,0.18032222469113024,0.0
7,2021-08-01,0.0,0.11957454647529957,0.0
7,2021-08-08,0.0,0.03974420606542726,0.0
7,2021-08-15,0.0,0.10531636029174783,0.0
7,2021-08-22,0.0,-0.16318882226570447,0.0
7,2021-08-29,0.0,-0.0025254013570148582,0.0
7,2021-09-05,0.0,-0.080428129589554,0.0
7,2021-09-12,0.0,-0.12576889716353593,0.0
7,2021-09-19,0.0,-0.001540131788903237,0.0
7,2021-09-26,0.0,-0.2289916527284855,0.0
7,2021-10-03,0.0,-0.010631348874269394,0.0
7,2021-10-10,0.0,0.2407781990785916,0.0
7,2021-10-17,1.0,0.33588290115856584,0.0
7,2021-10-24,0.0,0.21448124929192983,0.0
7,2021-10-31,0.0,0.1292064153015901,0.0
7,2021-11-07,0.0,-0.029520264694575964,0.0
7,2021-11-14,1.0,0.03371310161525295,0.0
7,2021-11-21,0.0,0.7132190308287469,0.0
7,2021-11-28,2.0,0.44199256704168627,0.0
7,2021-12-05,0.0,0.9344487985327611,1.0
7,2021-12-12,1.0,1.532083631037248,0.0
7,2021-12-19,2.0,3.1257052623670747,0.0
7,2021-12-26,9.0,4.0864612100280695,0.0
7,2022-01-02,20.0,5.769642949385978,1.0
7,2022-01-09,51.0,9.186724078780262,0.0
7,2022-01-16,203.0,24.04183497734192,2.0
7,2022-01-23,269.0,65.87278766068334,0.0
7,2022-01-30,463.0,121.04837681176927,1.0
7,2022-02-06,482.0,59.813789265286125,2.0
7,2022-02-13,524.0,112.35768371630824,9.0
7,2022-02-20,753.0,110.2156254650877,20.0
7,2022-02-27,879.0,138.4584844145083,51.0
7,2022-03-06,569.0,152.05256527663613,203.0
7,2022-03-13,344.0,312.76270919468993,269.0
7,2022-03-20,223.0,339.5882675614734,463.0
7,2022-03-27,313.0,397.88285402192156,482.0
7,2022-04-03,122.0,285.94875517489425,524.0
7,2022-04-10,92.0,105.61210846611264,753.0
7,2022-04-17,61.0,93.85118942269995,879.0
7,2022-04-24,17.0,53.84844930819823,569.0
7,2022-05-01,26.0,42.78355891093069,344.0
7,2022-05-08,19.0,32.02245220454224,223.0
7,2022-05-15,14.0,13.981187962674646,313.0
7,2022-05-22,24.0,2.1336624983504344,122.0
7,2022-05-29,13.0,8.233327427789344,92.0
7,2022-06-05,11.0,8.30229073531089,61.0
7,2022-06-12,11.0,3.570257080537275,17.0
7,2022-06-19,3.0,5.447437488094992,26.0
7,2022-06-26,3.0,11.316623689172479,19.0
7,2022-07-03,3.0,1.2091981108827177,14.0
7,2022-07-10,1.0,2.1635073955963167,24.0
7,2022-07-17,2.0,4.569184000810475,13.0
7,2022-07-24,0.0,1.13112983021703,11.0
7,2022-07-31,3.0,0.807810419234359,11.0
7,2022-08-07,0.0,2.162987350669148,3.0
7,2022-08-14,1.0,0.5293666914727858,3.0
7,2022-08-21,0.0,-0.37431964549613694,3.0
7,2022-08-28,1.0,-0.007712897102074396,1.0
7,2022-09-04,0.0,0.5388494313295545,2.0
7,2022-09-11,0.0,0.08282021524190779,0.0
7,2022-09-18,6.0,-0.01561988334057283,3.0
7,2022-09-25,11.0,0.6608851359304015,0.0
7,2022-10-02,7.0,0.9821347974235761,1.0
7,2022-10-09,9.0,4.111284802646547,0.0
7,2022-10-16,10.0,3.6126862720522923,1.0
7,2022-10-23,4.0,1.8279005307931984,0.0
7,2022-10-30,0.0,0.7833927594232477,0.0
7,2022-11-06,1.0,0.5685134766390577,6.0
7,2022-11-13,0.0,0.6043675443316746,11.0
7,2022-11-20,3.0,0.45393190813247447,7.0
7,2022-11-27,2.0,-0.9227704142746905,9.0
7,2022-12-04,0.0,-49.522791545827594,10.0
7,2022-12-11,2.0,25.18774068594744,4.0
7,2022-12-18,0.0,-7.071214124705576,0.0
7,2022-12-25,10.0,-3.7885907296989956,1.0
7,2023-01-01,7.0,2.096698545108757,0.0
7,2023-01-08,27.0,-50.94678003153518,3.0
7,2023-01-15,37.0,-19.85304645295062,2.0
7,2023-01-22,93.0,63.93983373116864,0.0
7,2023-01-29,199.0,99.40554054792226,2.0
7,2023-02-05,250.0,553.7626175148165,0.0
7,2023-02-12,360.0,477.9680040779846,10.0
7,2023-02-19,541.0,512.7612852033126,7.0
7,2023-02-26,589.0,377.5298791619282,27.0
7,2023-03-05,581.0,494.1605014269461,37.0
7,2023-03-12,760.0,188.9075036792735,93.0
7,2023-03-19,762.0,255.9277976343934,199.0
7,2023-03-26,540.0,474.07476497441445,250.0
7,2023-04-02,473.0,187.34210591580106,360.0
7,2023-04-09,450.0,332.2828793720486,541.0
7,2023-04-16,225.0,268.18520646699346,589.0
7,2025-09-07,8.0,0.6198827207586368,6.0
7,2025-09-14,4.0,0.17519378062989796,3.0
7,2025-09-21,0.0,2.0391383182695897,9.0
7,2025-09-28,5.0,2.091518291413335,6.0
7,2025-10-05,2.0,2.0612838872363164,7.0
7,2025-10-12,3.0,2.7270220834658123,5.0
7,2025-10-19,2.0,1.4430080521572701,4.0
7,2025-10-26,1.0,1.0771046952607513,8.0
7,2025-11-02,1.0,1.5195481742350445,4.0
7,2025-11-09,0.0,1.2178279480233298,0.0
7,2025-11-16,2.0,1.651612787951398,5.0
7,2025-11-23,1.0,1.7515384196142112,2.0
7,2025-11-30,1.0,0.42985297560463853,3.0
7,2025-12-07,1.0,37.39472153248993,2.0
7,2025-12-14,1.0,15.591851643689223,1.0
7,2025-12-21,1.0,-1.0725043004717156,1.0
7,2025-12-28,1.0,27.699031302234726,0.0
7,2026-01-04,0.0,26.138767422681315,2.0
7,2026-01-11,1.0,214.95426090357634,1.0
7,2026-01-18,0.0,467.75699067758086,1.0
7,2026-01-25,0.0,488.7120746644339,1.0
7,2026-02-01,0.0,363.15408378306864,1.0
7,2026-02-08,0.0,325.2163025963354,1.0
7,2026-02-15,0.0,354.7426175241636,1.0
7,2026-02-22,0.0,155.10985627143106,0.0
7,2026-03-01,2.0,185.98083958721566,1.0
7,2026-03-08,1.0,400.03951909482714,0.0
8,2021-01-24,1.0,1.6554262708961045,0.0
8,2021-01-31,1.0,2.883237090561251,0.0
8,2021-02-07,9.0,9.94454595231591,0.0
8,2021-02-14,12.0,9.500177333330566,0.0
8,2021-02-21,12.0,2.799836384221426,2.0
8,2021-02-28,8.0,8.221196415082606,0.0
8,2021-03-07,7.0,10.783683906704658,1.0
8,2021-03-14,9.0,9.457172547815967,0.0
8,2021-03-21,5.0,10.4587980238701,1.0
8,2021-03-28,0.0,9.345230640504031,1.0
8,2021-04-04,1.0,16.00520452399115,9.0
8,2021-04-11,1.0,4.183033390854952,12.0
8,2021-04-18,0.0,5.176098017773243,12.0
8,2021-04-25,0.0,1.485584110041793,8.0
8,2021-05-02,0.0,2.135483852442373,7.0
8,2021-05-09,1.0,0.3862886441504358,9.0
8,2021-05-16,0.0,-0.22125239407618477,5.0
8,2021-05-23,1.0,-0.008673677174587615,0.0
8,2021-05-30,0.0,0.42389281881316254,1.0
8,2021-06-06,0.0,0.09540638224154827,1.0
8,2021-06-13,0.0,0.01562979416907066,0.0
8,2021-06-20,0.0,0.279216880194918,0.0
8,2021-06-27,0.0,0.23919565689697758,0.0
8,2021-07-04,0.0,0.7645942454163807,1.0
8,2021-07-11,0.0,-0.2565914458451845,0.0
8,2021-07-18,0.0,0.16218463247986573,1.0
8,2021-07-25,0.0,0.2137065255182884,0.0
8,2021-08-01,0.0,-0.17709866546209327,0.0
8,2021-08-08,0.0,-0.0836078582262725,0.0
8,2021-08-15,0.0,-0.012621195663140199,0.0
8,2021-08-22,0.0,0.016628887306059957,0.0
8,2021-08-29,0.0,-0.05642415864878637,0.0
8,2021-09-05,0.0,-0.033807875058564064,0.0
8,2021-09-12,0.0,-0.03450898607764208,0.0
8,2021-09-19,0.0,1.0665689931910727,0.0
8,2021-09-26,0.0,-0.060478962176813165,0.0
8,2021-10-03,0.0,-0.004343755135245852,0.0
8,2021-10-10,1.0,0.009009286180057958,0.0
8,2021-10-17,0.0,0.11640598386636136,0.0
8,2021-10-24,0.0,0.5438226590598819,0.0
8,2021-10-31,0.0,-0.004447927779750085,0.0
8,2021-11-07,1.0,0.5320087292117817,0.0
8,2021-11-14,0.0,0.10855223092149917,0.0
8,2021-11-21,2.0,0.26919498715438545,0.0
8,2021-11-28,0.0,0.3838542676261921,0.0
8,2021-12-05,1.0,1.5491048973792187,1.0
8,2021-12-12,2.0,0.5647465360094857,0.0
8,2021-12-19,9.0,7.1377469384664165,0.0
8,2021-12-26,20.0,7.563060126665009,0.0
8,2022-01-02,51.0,13.695989507192927,1.0
8,2022-01-09,203.0,25.541360607136376,0.0
8,2022-01-16,269.0,67.60589222107862,2.0
8,2022-01-23,463.0,109.01043904252089,0.0
8,2022-01-30,482.0,248.3039277380618,1.0
8,2022-02-06,524.0,24.11146252874216,2.0
8,2022-02-13,753.0,74.71596480359374,9.0
8,2022-02-20,879.0,225.38763475698275,20.0
8,2022-02-27,569.0,392.57739021523577,51.0
8,2022-03-06,344.0,93.51926176220607,203.0
8,2022-03-13,223.0,230.24964911803647,269.0
8,2022-03-20,313.0,520.0224290644898,463.0
8,2022-03-27,122.0,368.32497718239284,482.0
8,2022-04-03,92.0,174.47527243328645,524.0
8,2022-04-10,61.0,83.27674686458808,753.0
8,2022-04-17,17.0,43.852283212661725,879.0
8,2022-04-24,26.0,44.881939923753166,569.0
8,2022-05-01,19.0,43.400881174111035,344.0
8,2022-05-08,14.0,26.074770068666766,223.0
8,2022-05-15,24.0,0.8684989100024073,313.0
8,2022-05-22,13.0,-0.0703443010251758,122.0
8,2022-05-29,11.0,1.7947911671649779,92.0
8,2022-06-05,11.0,5.524469749604239,61.0
8,2022-06-12,3.0,3.5162144317394546,17.0
8,2022-06-19,3.0,0.638608128503935,26.0
8,2022-06-26,3.0,7.666822579034617,19.0
8,2022-07-03,1.0,4.890758276982729,14.0
8,2022-07-10,2.0,5.616944704049175,24.0
8,2022-07-17,0.0,5.316642532022385,13.0
8,2022-07-24,3.0,3.9154583884184806,11.0
8,2022-07-31,0.0,2.2617044305000595,11.0
8,2022-08-07,1.0,3.383405225104046,3.0
8,2022-08-14,0.0,0.251162616806702,3.0
8,2022-08-21,1.0,-0.016833362070000545,3.0
8,2022-08-28,0.0,0.3875320389707347,1.0
8,2022-09-04,0.0,1.3997458186215743,2.0
8,2022-09-11,6.0,0.08464899351102557,0.0
8,2022-09-18,11.0,1.5190266256827343,3.0
8,2022-09-25,7.0,2.949814178842982,0.0
8,2022-10-02,9.0,0.7251992989994692,1.0
8,2022-10-09,10.0,4.692965587037046,0.0
8,2022-10-16,4.0,7.117029039235944,1.0
8,2022-10-23,0.0,0.7588192401813999,0.0
8,2022-10-30,1.0,0.21332858861511084,0.0
8,2022-11-06,0.0,1.3571725612472523,6.0
8,2022-11-13,3.0,1.0225351115602312,11.0
8,2022-11-20,2.0,0.7992972898591028,7.0
8,2022-11-27,0.0,0.9025793475835983,9.0
8,2022-12-04,2.0,-0.42421238395744343,10.0
8,2022-12-11,0.0,-4.711942576725823,4.0
8,2022-12-18,10.0,-0.5466417092117565,0.0
8,2022-12-25,7.0,-0.44315471337684276,1.0
8,2023-01-01,27.0,11.652429899782748,0.0
8,2023-01-08,37.0,30.259291033335533,3.0
8,2023-01-15,93.0,-19.088973801388164,2.0
8,2023-01-22,199.0,74.34893732164826,0.0
8,2023-01-29,250.0,90.36612063464521,2.0
8,2023-02-05,360.0,548.4856795796904,0.0
8,2023-02-12,541.0,502.43047708508965,10.0
8,2023-02-19,589.0,529.5938603871871,7.0
8,2023-02-26,581.0,282.49116331102783,27.0
8,2023-03-05,760.0,406.6819828184027,37.0
8,2023-03-12,762.0,138.79017328637758,93.0
8,2023-03-19,540.0,160.75530627281987,199.0
8,2023-03-26,473.0,170.498007743436,250.0
8,2023-04-02,450.0,278.12388331821893,360.0
8,2023-04-09,225.0,365.300938775159,541.0
8,2025-09-07,4.0,2.0494779696532226,6.0
8,2025-09-14,0.0,1.4459925518597145,3.0
8,2025-09-21,5.0,1.7409240323853084,9.0
8,2025-09-28,2.0,2.876265631215633,6.0
8,2025-10-05,3.0,1.7184618971794428,7.0
8,2025-10-12,2.0,1.5032544562341845,5.0
8,2025-10-19,1.0,1.3042737293706845,4.0
8,2025-10-26,1.0,2.5625339130398777,8.0
8,2025-11-02,0.0,0.8661380985072344,4.0
8,2025-11-09,2.0,1.061417501656581,0.0
8,2025-11-16,1.0,1.3796521580166097,5.0
8,2025-11-23,1.0,0.8325485209345417,2.0
8,2025-11-30,1.0,5.700861227145828,3.0
8,2025-12-07,1.0,47.48620313012674,2.0
8,2025-12-14,1.0,6.617176015811232,1.0
8,2025-12-21,1.0,12.056028842307551,1.0
8,2025-12-28,0.0,53.82512195616998,0.0
8,2026-01-04,1.0,17.537028207990108,2.0
8,2026-01-11,0.0,313.9695244100053,1.0
8,2026-01-18,0.0,476.96827396337727,1.0
8,2026-01-25,0.0,263.04143200431525,1.0
8,2026-02-01,0.0,129.6077683288557,1.0
8,2026-02-08,0.0,564.8675300979284,1.0
8,2026-02-15,0.0,232.90894010195223,1.0
8,2026-02-22,2.0,396.3977055888203,0.0
8,2026-03-01,1.0,57.94706639649214,1.0
9,2021-01-24,1.0,4.971196248137207,0.0
9,2021-01-31,9.0,3.231203968785974,0.0
9,2021-02-07,12.0,2.2705824148633247,0.0
9,2021-02-14,12.0,7.118993752133304,0.0
9,2021-02-21,8.0,5.113477890238921,2.0
9,2021-02-28,7.0,3.3771423171721624,0.0
9,2021-03-07,9.0,6.365895514121328,1.0
9,2021-03-14,5.0,7.472027351995077,0.0
9,2021-03-21,0.0,6.300547409959894,1.0
9,2021-03-28,1.0,9.98295473346265,1.0
9,2021-04-04,1.0,2.4677630080297734,9.0
9,2021-04-11,0.0,1.6123347646979365,12.0
9,2021-04-18,0.0,0.9859938119820505,12.0
9,2021-04-25,0.0,0.6822583100181852,8.0
9,2021-05-02,1.0,0.6038068702639842,7.0
9,2021-05-09,0.0,0.9459427060829039,9.0
9,2021-05-16,1.0,0.5141812262558335,5.0
9,2021-05-23,0.0,0.49800921463194286,0.0
9,2021-05-30,0.0,-0.032873833174267474,1.0
9,2021-06-06,0.0,0.10400255850110258,1.0
9,2021-06-13,0.0,-0.012730920633813246,0.0
9,2021-06-20,0.0,0.25463002321870654,0.0
9,2021-06-27,0.0,0.2780130660577506,0.0
9,2021-07-04,0.0,-0.10565516747870149,1.0
9,2021-07-11,0.0,-0.015817238932183498,0.0
9,2021-07-18,0.0,-0.1264224828860989,1.0
9,2021-07-25,0.0,-0.3145805745106813,0.0
9,2021-08-01,0.0,-0.01413485121737003,0.0
9,2021-08-08,0.0,-0.03922126023894247,0.0
9,2021-08-15,0.0,0.04879113896612919,0.0
9,2021-08-22,0.0,-0.06978023652924326,0.0
9,2021-08-29,0.0,-0.011855070338240807,0.0
9,2021-09-05,0.0,0.19355236122170374,0.0
9,2021-09-12,0.0,0.5270404666734724,0.0
9,2021-09-19,0.0,-0.13691886715959778,0.0
9,2021-09-26,0.0,-0.06361202792429416,0.0
9,2021-10-03,1.0,-0.05936321641140004,0.0
9,2021-10-10,0.0,0.035530054168014455,0.0
9,2021-10-17,0.0,0.13302679663714237,0.0
9,2021-10-24,0.0,-0.23680412723871017,0.0
9,2021-10-31,1.0,0.024162728462566455,0.0
9,2021-11-07,0.0,0.08033013667375179,0.0
9,2021-11-14,2.0,0.1032934041057179,0.0
9,2021-11-21,0.0,0.3108970514617384,0.0
9,2021-11-28,1.0,0.48329531139151977,0.0
9,2021-12-05,2.0,0.4045100392029915,1.0
9,2021-12-12,9.0,1.0206593396130534,0.0
9,2021-12-19,20.0,7.538326369941282,0.0
9,2021-12-26,51.0,13.642675736764483,0.0
9,2022-01-02,203.0,9.204363703617403,1.0
9,2022-01-09,269.0,67.89189417983258,0.0
9,2022-01-16,463.0,106.26449928644632,2.0
9,2022-01-23,482.0,146.72173148988225,0.0
9,2022-01-30,524.0,319.33193102237675,1.0
9,2022-02-06,753.0,91.37361972105823,2.0
9,2022-02-13,879.0,258.79112327159845,9.0
9,2022-02-20,569.0,383.258265997004,20.0
9,2022-02-27,344.0,314.635196564439,51.0
9,2022-03-06,223.0,109.35601365773674,203.0
9,2022-03-13,313.0,433.645858226145,269.0
9,2022-03-20,122.0,426.7079395196977,463.0
9,2022-03-27,92.0,90.6615215652885,482.0
9,2022-04-03,61.0,68.10937214693742,524.0
9,2022-04-10,17.0,55.73016224134473,753.0
9,2022-04-17,26.0,25.67677724128315,879.0
9,2022-04-24,19.0,31.815469550641218,569.0
9,2022-05-01,14.0,13.55993703123248,344.0
9,2022-05-08,24.0,8.696604897642501,223.0
9,2022-05-15,13.0,4.396232250751893,313.0
9,2022-05-22,11.0,2.4245581189183865,122.0
9,2022-05-29,11.0,8.531052282789629,92.0
9,2022-06-05,3.0,4.4919364473994,61.0
9,2022-06-12,3.0,1.1751997929085527,17.0
9,2022-06-19,3.0,2.281930141726483,26.0
9,2022-06-26,1.0,0.8156150368729317,19.0
9,2022-07-03,2.0,1.2140172129789344,14.0
9,2022-07-10,0.0,0.127331681720377,24.0
9,2022-07-17,3.0,0.4923323575402001,13.0
9,2022-07-24,0.0,1.137344210335139,11.0
9,2022-07-31,1.0,0.07471528689683157,11.0
9,2022-08-07,0.0,1.6664232233849745,3.0
9,2022-08-14,1.0,0.035415412178904114,3.0
9,2022-08-21,0.0,0.24547532636336103,3.0
9,2022-08-28,0.0,0.007987354729402305,1.0
9,2022-09-04,6.0,-0.02964939213996944,2.0
9,2022-09-11,11.0,1.1340422304858648,0.0
9,2022-09-18,7.0,4.24902159838331,3.0
9,2022-09-25,9.0,2.988359543314199,0.0
9,2022-10-02,10.0,4.196741687927371,1.0
9,2022-10-09,4.0,6.754945362065774,0.0
9,2022-10-16,0.0,6.496613179873157,1.0
9,2022-10-23,1.0,-2.3165600736004346,0.0
9,2022-10-30,0.0,1.897193680715881,0.0
9,2022-11-06,3.0,0.9321098496327707,6.0
9,2022-11-13,2.0,1.7949678558993305,11.0
9,2022-11-20,0.0,1.7323589303024227,7.0
9,2022-11-27,2.0,-1.1877901456285809,9.0
9,2022-12-04,0.0,0.6422757389690925,10.0
9,2022-12-11,10.0,-5.636441546285966,4.0
9,2022-12-18,7.0,-13.028918335947413,0.0
9,2022-12-25,27.0,4.218855580029267,1.0
9,2023-01-01,37.0,104.35839251672058,0.0
9,2023-01-08,93.0,80.09278884238752,3.0
9,2023-01-15,199.0,20.07274904438232,2.0
9,2023-01-22,250.0,134.00235241854338,0.0
9,2023-01-29,360.0,78.21499970001517,2.0
9,2023-02-05,541.0,364.92048583991334,0.0
9,2023-02-12,589.0,374.92956323742436,10.0
9,2023-02-19,581.0,318.2680880672206,7.0
9,2023-02-26,760.0,180.01381479348228,27.0
9,2023-03-05,762.0,195.67853829964977,37.0
9,2023-03-12,540.0,110.39154916842367,93.0
9,2023-03-19,473.0,69.53454548415303,199.0
9,2023-03-26,450.0,385.10618717906885,250.0
9,2023-04-02,225.0,241.24126796138137,360.0
9,2025-09-07,0.0,1.2329474815193942,6.0
9,2025-09-14,5.0,0.47664793459875876,3.0
9,2025-09-21,2.0,2.1421660333937047,9.0
9,2025-09-28,3.0,2.3237280379239325,6.0
9,2025-10-05,2.0,1.5319194271525725,7.0
9,2025-10-12,1.0,0.9538978909914547,5.0
9,2025-10-19,1.0,1.610078619421057,4.0
9,2025-10-26,0.0,0.8410064327486079,8.0
9,2025-11-02,2.0,0.9627317153738728,4.0
9,2025-11-09,1.0,2.0472047182566095,0.0
9,2025-11-16,1.0,0.7948006911151517,5.0
9,2025-11-23,1.0,1.4289760832500107,2.0
9,2025-11-30,1.0,5.5568502989933055,3.0
9,2025-12-07,1.0,1.771852680059879,2.0
9,2025-12-14,1.0,8.159043409405582,1.0
9,2025-12-21,0.0,86.87612352883802,1.0
9,2025-12-28,1.0,55.287346090988244,0.0
9,2026-01-04,0.0,28.553119246547627,2.0
9,2026-01-11,0.0,470.5495851095432,1.0
9,2026-01-18,0.0,157.33071062249743,1.0
9,2026-01-25,0.0,312.2762060193754,1.0
9,2026-02-01,0.0,369.6846791540577,1.0
9,2026-02-08,0.0,282.2657784747126,1.0
9,2026-02-15,2.0,275.7617770668503,1.0
9,2026-02-22,1.0,147.79967861449384,0.0
10,2021-01-24,9.0,6.701386061328022,0.0
10,2021-01-31,12.0,3.5438327851838536,0.0
10,2021-02-07,12.0,2.1630824942670115,0.0
10,2021-02-14,8.0,4.874470312586345,0.0
10,2021-02-21,7.0,5.1605371811371095,2.0
10,2021-02-28,9.0,7.248221906045328,0.0
10,2021-03-07,5.0,7.1762466552647375,1.0
10,2021-03-14,0.0,6.882713911440995,0.0
10,2021-03-21,1.0,10.205379899965617,1.0
10,2021-03-28,1.0,5.122688547745265,1.0
10,2021-04-04,0.0,0.9476611401393874,9.0
10,2021-04-11,0.0,6.602016573191773,12.0
10,2021-04-18,0.0,4.085335281019415,12.0
10,2021-04-25,1.0,-0.7138740962189648,8.0
10,2021-05-02,0.0,0.7520043623828985,7.0
10,2021-05-09,1.0,0.7449093731773904,9.0
10,2021-05-16,0.0,1.4672718026063565,5.0
10,2021-05-23,0.0,0.20586276396972839,0.0
10,2021-05-30,0.0,-0.005136400944478805,1.0
10,2021-06-06,0.0,-0.019714576982161582,1.0
10,2021-06-13,0.0,0.07007534555528214,0.0
10,2021-06-20,0.0,1.1645203844442775,0.0
10,2021-06-27,0.0,-0.2088249278340856,0.0
10,2021-07-04,0.0,-0.09876050795903343,1.0
10,2021-07-11,0.0,0.025637719150455665,0.0
10,2021-07-18,0.0,0.00023594482398872326,1.0
10,2021-07-25,0.0,0.0028512806328471613,0.0
10,2021-08-01,0.0,0.025852176954595074,0.0
10,2021-08-08,0.0,0.10518193534529023,0.0
10,2021-08-15,0.0,0.1646340487769236,0.0
10,2021-08-22,0.0,0.3899493451258293,0.0
10,2021-08-29,0.0,-0.030729397336420817,0.0
10,2021-09-05,0.0,0.7551161842958427,0.0
10,2021-09-12,0.0,-0.019689092321598548,0.0
10,2021-09-19,0.0,-0.11313939152593491,0.0
10,2021-09-26,1.0,0.013862880241093556,0.0
10,2021-10-03,0.0,0.023363879881050823,0.0
10,2021-10-10,0.0,-0.02537850825194335,0.0
10,2021-10-17,0.0,-0.05116828812806348,0.0
10,2021-10-24,1.0,-0.18564052319517976,0.0
10,2021-10-31,0.0,-0.0957705910674406,0.0
10,2021-11-07,2.0,0.5306317461360314,0.0
10,2021-11-14,0.0,-0.10288215461768013,0.0
10,2021-11-21,1.0,0.10143555678548309,0.0
10,2021-11-28,2.0,0.38835600788173774,0.0
10,2021-12-05,9.0,0.28695905520605786,1.0
10,2021-12-12,20.0,1.5967827351976525,0.0
10,2021-12-19,51.0,8.137152454232293,0.0
10,2021-12-26,203.0,21.657136642993333,0.0
10,2022-01-02,269.0,10.109526321888161,1.0
10,2022-01-09,463.0,86.2504527673083,0.0
10,2022-01-16,482.0,179.19248927125508,2.0
10,2022-01-23,524.0,177.029922600172,0.0
10,2022-01-30,753.0,274.75053558886196,1.0
10,2022-02-06,879.0,121.66435797710157,2.0
10,2022-02-13,569.0,330.79517670041656,9.0
10,2022-02-20,344.0,421.2939626082388,20.0
10,2022-02-27,223.0,287.52211220516153,51.0
10,2022-03-06,313.0,379.99149455696363,203.0
10,2022-03-13,122.0,499.6976878870024,269.0
10,2022-03-20,92.0,129.04116570622915,463.0
10,2022-03-27,61.0,83.732047487923,482.0
10,2022-04-03,17.0,87.07779393121216,524.0
10,2022-04-10,26.0,5.5038465656275015,753.0
10,2022-04-17,19.0,13.224665120344357,879.0
10,2022-04-24,14.0,36.054776368955054,569.0
10,2022-05-01,24.0,15.856179716248565,344.0
10,2022-05-08,13.0,18.750911046766205,223.0
10,2022-05-15,11.0,15.427931547402528,313.0
10,2022-05-22,11.0,5.444080522685834,122.0
10,2022-05-29,3.0,5.006909940608808,92.0
10,2022-06-05,3.0,3.6844036490518706,61.0
10,2022-06-12,3.0,1.022164286582752,17.0
10,2022-06-19,1.0,1.7128178194067714,26.0
10,2022-06-26,2.0,1.2092029993061184,19.0
10,2022-07-03,0.0,0.11774655132360409,14.0
10,2022-07-10,3.0,0.393946406494334,24.0
10,2022-07-17,0.0,1.9118008018008685,13.0
10,2022-07-24,1.0,0.3667113208605099,11.0
10,2022-07-31,0.0,0.6146872729692412,11.0
10,2022-08-07,1.0,-0.2630747907660523,3.0
10,2022-08-14,0.0,0.16419141138603674,3.0
10,2022-08-21,0.0,0.004352977372586596,3.0
10,2022-08-28,6.0,0.00937500016484059,1.0
10,2022-09-04,11.0,1.4798884197287083,2.0
10,2022-09-11,7.0,4.352892715125959,0.0
10,2022-09-18,9.0,3.72927695920796,3.0
10,2022-09-25,10.0,4.292432073642218,0.0
10,2022-10-02,4.0,4.529557665550483,1.0
10,2022-10-09,0.0,4.0080973066150385,0.0
10,2022-10-16,1.0,2.543037536251726,1.0
10,2022-10-23,0.0,0.6387434072642342,0.0
10,2022-10-30,3.0,0.06474067766666951,0.0
10,2022-11-06,2.0,0.35137336768152355,6.0
10,2022-11-13,0.0,1.0566751669866221,11.0
10,2022-11-20,2.0,1.5826752512981694,7.0
10,2022-11-27,0.0,1.9778868270315952,9.0
10,2022-12-04,10.0,-0.832155946830542,10.0
10,2022-12-11,7.0,3.9004500596289366,4.0
10,2022-12-18,27.0,16.76257313752734,0.0
10,2022-12-25,37.0,-0.29886097866484623,1.0
10,2023-01-01,93.0,127.2127401459467,0.0
10,2023-01-08,199.0,54.839023450978964,3.0
10,2023-01-15,250.0,4.271897035496395,2.0
10,2023-01-22,360.0,210.1059160870176,0.0
10,2023-01-29,541.0,75.14953275035974,2.0
10,2023-02-05,589.0,436.9215306170178,0.0
10,2023-02-12,581.0,329.9848291293302,10.0
10,2023-02-19,760.0,408.05507008100176,7.0
10,2023-02-26,762.0,285.03232355847274,27.0
10,2023-03-05,540.0,224.40847122006483,37.0
10,2023-03-12,473.0,95.11212280323019,93.0
10,2023-03-19,450.0,179.554376747042,199.0
10,2023-03-26,225.0,330.38071115344434,250.0
10,2025-09-07,5.0,2.4595097223248548,6.0
10,2025-09-14,2.0,0.4744371199601021,3.0
10,2025-09-21,3.0,3.7482950113964026,9.0
10,2025-09-28,2.0,3.0821649783383718,6.0
10,2025-10-05,1.0,2.1234632201695507,7.0
10,2025-10-12,1.0,0.7989409186713144,5.0
10,2025-10-19,0.0,0.754439084793072,4.0
10,2025-10-26,2.0,1.0929169900072417,8.0
10,2025-11-02,1.0,1.1871736937729453,4.0
10,2025-11-09,1.0,3.1217385919001885,0.0
10,2025-11-16,1.0,1.4051291773383559,5.0
10,2025-11-23,1.0,4.954841693960688,2.0
10,2025-11-30,1.0,8.33967221246039,3.0
10,2025-12-07,1.0,20.267281071637907,2.0
10,2025-12-14,0.0,41.27431897787148,1.0
10,2025-12-21,1.0,149.05515798150094,1.0
10,2025-12-28,0.0,49.02533049583133,0.0
10,2026-01-04,0.0,105.83760364804779,2.0
10,2026-01-11,0.0,287.9807088660813,1.0
10,2026-01-18,0.0,220.34583564509842,1.0
10,2026-01-25,0.0,321.2064478747448,1.0
10,2026-02-01,0.0,318.1243256859309,1.0
10,2026-02-08,2.0,185.41214817422477,1.0
10,2026-02-15,1.0,95.28186669938317,1.0
11,2021-01-24,12.0,2.926342298621202,0.0
11,2021-01-31,12.0,3.0538672198093666,0.0
11,2021-02-07,8.0,4.410790824860881,0.0
11,2021-02-14,7.0,1.5737600751942722,0.0
11,2021-02-21,9.0,4.958803161917998,2.0
11,2021-02-28,5.0,7.710430423616201,0.0
11,2021-03-07,0.0,10.576052303302992,1.0
11,2021-03-14,1.0,4.553851929338151,0.0
11,2021-03-21,1.0,6.292167618823884,1.0
11,2021-03-28,0.0,4.392941495938648,1.0
11,2021-04-04,0.0,1.6416251816846652,9.0
11,2021-04-11,0.0,3.567638434202415,12.0
11,2021-04-18,1.0,2.193176224575429,12.0
11,2021-04-25,0.0,-0.3953725148793061,8.0
11,2021-05-02,1.0,0.0290217756179451,7.0
11,2021-05-09,0.0,0.5591772679078435,9.0
11,2021-05-16,0.0,-0.04563112500151457,5.0
11,2021-05-23,0.0,-0.07530884893346887,0.0
11,2021-05-30,0.0,0.018885427837011706,1.0
11,2021-06-06,0.0,0.21385139313105705,1.0
11,2021-06-13,0.0,0.38165344151543407,0.0
11,2021-06-20,0.0,0.05546967516489937,0.0
11,2021-06-27,0.0,-0.04820571301291198,0.0
11,2021-07-04,0.0,0.160961452818049,1.0
11,2021-07-11,0.0,-0.01398225212503499,0.0
11,2021-07-18,0.0,0.09419551960487418,1.0
11,2021-07-25,0.0,0.0006718472698557603,0.0
11,2021-08-01,0.0,0.1454068848268801,0.0
11,2021-08-08,0.0,0.04829351388568161,0.0
11,2021-08-15,0.0,0.020282474327327844,0.0
11,2021-08-22,0.0,-0.07521377182297509,0.0
11,2021-08-29,0.0,0.002495521392815896,0.0
11,2021-09-05,0.0,-0.055079758149721554,0.0
11,2021-09-12,0.0,-0.11614180798096117,0.0
11,2021-09-19,1.0,-0.14306897529330045,0.0
11,2021-09-26,0.0,0.25666864066246936,0.0
11,2021-10-03,0.0,0.09362237310406883,0.0
11,2021-10-10,0.0,0.1646855080092617,0.0
11,2021-10-17,1.0,0.02375376552602437,0.0
11,2021-10-24,0.0,0.1777733147588594,0.0
11,2021-10-31,2.0,0.05371345018915576,0.0
11,2021-11-07,0.0,0.24938361658817318,0.0
11,2021-11-14,1.0,-0.048833791189828696,0.0
11,2021-11-21,2.0,0.5463738943323756,0.0
11,2021-11-28,9.0,1.40277477220261,0.0
11,2021-12-05,20.0,2.5175714483489555,1.0
11,2021-12-12,51.0,7.6873412273286545,0.0
11,2021-12-19,203.0,7.705092967341841,0.0
11,2021-12-26,269.0,52.53467805327313,0.0
11,2022-01-02,463.0,17.294410783813678,1.0
11,2022-01-09,482.0,139.94138705107696,0.0
11,2022-01-16,524.0,306.2297362152941,2.0
11,2022-01-23,753.0,137.25890736905222,0.0
11,2022-01-30,879.0,378.36661258340905,1.0
11,2022-02-06,569.0,206.85711662078293,2.0
11,2022-02-13,344.0,329.94556018179,9.0
11,2022-02-20,223.0,408.04989148386153,20.0
11,2022-02-27,313.0,421.2423645439908,51.0
11,2022-03-06,122.0,273.5497320921431,203.0
11,2022-03-13,92.0,207.9749488643573,269.0
11,2022-03-20,61.0,96.74074885477461,463.0
11,2022-03-27,17.0,48.73346567997267,482.0
11,2022-04-03,26.0,28.721722977610373,524.0
11,2022-04-10,19.0,23.789131355826292,753.0
11,2022-04-17,14.0,26.45827127258124,879.0
11,2022-04-24,24.0,21.845973180118015,569.0
11,2022-05-01,13.0,19.257312644088515,344.0
11,2022-05-08,11.0,10.752479908329573,223.0
11,2022-05-15,11.0,8.594679823642004,313.0
11,2022-05-22,3.0,-0.3290003095662203,122.0
11,2022-05-29,3.0,1.9850451038687575,92.0
11,2022-06-05,3.0,2.3550406096246097,61.0
11,2022-06-12,1.0,0.9360735191880686,17.0
11,2022-06-19,2.0,0.45795894653872415,26.0
11,2022-06-26,0.0,0.5355415575340693,19.0
11,2022-07-03,3.0,0.43256893838608296,14.0
11,2022-07-10,0.0,0.7069259518253193,24.0
11,2022-07-17,1.0,0.9671288300910903,13.0
11,2022-07-24,0.0,1.0813348944123564,11.0
11,2022-07-31,1.0,-2.819358097553827,11.0
11,2022-08-07,0.0,0.8742382268867607,3.0
11,2022-08-14,0.0,0.046851887938068555,3.0
11,2022-08-21,6.0,0.2630851249099342,3.0
11,2022-08-28,11.0,1.1511894324464178,1.0
11,2022-09-04,7.0,4.820229229539464,2.0
11,2022-09-11,9.0,5.285106942840479,0.0
11,2022-09-18,10.0,2.781846636583575,3.0
11,2022-09-25,4.0,3.1497574355058817,0.0
11,2022-10-02,0.0,4.38427930281367,1.0
11,2022-10-09,1.0,3.3742117728703835,0.0
11,2022-10-16,0.0,2.2068207112951033,1.0
11,2022-10-23,3.0,-4.458028355047921,0.0
11,2022-10-30,2.0,0.38731256260078717,0.0
11,2022-11-06,0.0,1.3333717120646307,6.0
11,2022-11-13,2.0,1.0578769197137468,11.0
11,2022-11-20,0.0,1.0343696286432615,7.0
11,2022-11-27,10.0,2.544097041329737,9.0
11,2022-12-04,7.0,20.431727626617693,10.0
11,2022-12-11,27.0,-24.334988296437402,4.0
11,2022-12-18,37.0,9.557238577983176,0.0
11,2022-12-25,93.0,2.347668439987047,1.0
11,2023-01-01,199.0,83.20035365528496,0.0
11,2023-01-08,250.0,276.11873715149693,3.0
11,2023-01-15,360.0,32.07858600245642,2.0
11,2023-01-22,541.0,298.4200911641423,0.0
11,2023-01-29,589.0,96.88688038091166,2.0
11,2023-02-05,581.0,396.86927976641465,0.0
11,2023-02-12,760.0,482.05395381921807,10.0
11,2023-02-19,762.0,285.80522332023315,7.0
11,2023-02-26,540.0,178.45957293720915,27.0
11,2023-03-05,473.0,78.6731638222089,37.0
11,2023-03-12,450.0,98.8529564655208,93.0
11,2023-03-19,225.0,235.6305142724237,199.0
11,2025-09-07,2.0,2.290890904628849,6.0
11,2025-09-14,3.0,1.6635535909995018,3.0
11,2025-09-21,2.0,2.8877749992097366,9.0
11,2025-09-28,1.0,1.6866846052695013,6.0
11,2025-10-05,1.0,2.525367035854423,7.0
11,2025-10-12,0.0,1.7749434546388403,5.0
11,2025-10-19,2.0,4.973340121738513,4.0
11,2025-10-26,1.0,0.3801476010438429,8.0
11,2025-11-02,1.0,1.5317364405978746,4.0
11,2025-11-09,1.0,19.735415192360367,0.0
11,2025-11-16,1.0,3.159725025726994,5.0
11,2025-11-23,1.0,6.420066493485061,2.0
11,2025-11-30,1.0,18.91042962894,3.0
11,2025-12-07,0.0,36.15164597909751,2.0
11,2025-12-14,1.0,54.285853128627664,1.0
11,2025-12-21,0.0,206.17711740336625,1.0
11,2025-12-28,0.0,169.740799454339,0.0
11,2026-01-04,0.0,163.59676630973527,2.0
11,2026-01-11,0.0,90.21994965841122,1.0
11,2026-01-18,0.0,124.68255171980499,1.0
11,2026-01-25,0.0,184.68304302776232,1.0
11,2026-02-01,2.0,266.75749103939904,1.0
11,2026-02-08,1.0,170.2272739561686,1.0
12,2021-01-24,12.0,3.024473417384133,0.0
12,2021-01-31,8.0,3.195915549838774,0.0
12,2021-02-07,7.0,5.673616889897815,0.0
12,2021-02-14,9.0,3.126294441673407,0.0
12,2021-02-21,5.0,7.960315092060426,2.0
12,2021-02-28,0.0,5.748303015054477,0.0
12,2021-03-07,1.0,6.845219550350422,1.0
12,2021-03-14,1.0,4.40508645898876,0.0
12,2021-03-21,0.0,4.368730150959771,1.0
12,2021-03-28,0.0,2.773128197437323,1.0
12,2021-04-04,0.0,2.46692995072652,9.0
12,2021-04-11,1.0,3.54539091671837,12.0
12,2021-04-18,0.0,1.5709112743422273,12.0
12,2021-04-25,1.0,0.2039397385627332,8.0
12,2021-05-02,0.0,0.6723514182489932,7.0
12,2021-05-09,0.0,0.20844458301805813,9.0
12,2021-05-16,0.0,0.41335391042604414,5.0
12,2021-05-23,0.0,0.6445421265055197,0.0
12,2021-05-30,0.0,-0.007196043189337054,1.0
12,2021-06-06,0.0,-0.039803265808809385,1.0
12,2021-06-13,0.0,-0.01367156032340027,0.0
12,2021-06-20,0.0,-0.008413441570799651,0.0
12,2021-06-27,0.0,-0.049582777977959125,0.0
12,2021-07-04,0.0,-0.06211180205850321,1.0
12,2021-07-11,0.0,-0.04941259685890063,0.0
12,2021-07-18,0.0,0.07566054241863301,1.0
12,2021-07-25,0.0,0.002565126237771302,0.0
12,2021-08-01,0.0,0.12122801169905062,0.0
12,2021-08-08,0.0,-0.04790519814366299,0.0
12,2021-08-15,0.0,-0.07418084248629359,0.0
12,2021-08-22,0.0,0.12838219400266093,0.0
12,2021-08-29,0.0,0.1938078743006154,0.0
12,2021-09-05,0.0,0.10733630098205334,0.0
12,2021-09-12,1.0,0.14929656243429107,0.0
12,2021-09-19,0.0,0.28918533414988434,0.0
12,2021-09-26,0.0,-0.14536622505613422,0.0
12,2021-10-03,0.0,-0.11301243782959051,0.0
12,2021-10-10,1.0,0.019718467156121043,0.0
12,2021-10-17,0.0,0.19112255535736417,0.0
12,2021-10-24,2.0,0.8823355500697503,0.0
12,2021-10-31,0.0,0.7510781135638179,0.0
12,2021-11-07,1.0,0.936704835550893,0.0
12,2021-11-14,2.0,1.1635156845997046,0.0
12,2021-11-21,9.0,1.2550975848079557,0.0
12,2021-11-28,20.0,1.590071949588036,0.0
12,2021-12-05,51.0,4.186661536445393,1.0
12,2021-12-12,203.0,12.85866939236035,0.0
12,2021-12-19,269.0,16.833099837683292,0.0
12,2021-12-26,463.0,64.95360015055061,0.0
12,2022-01-02,482.0,27.635831880440534,1.0
12,2022-01-09,524.0,219.48750333332706,0.0
12,2022-01-16,753.0,234.2694096201273,2.0
12,2022-01-23,879.0,155.60238927321348,0.0
12,2022-01-30,569.0,329.84993338902996,1.0
12,2022-02-06,344.0,76.53750238372042,2.0
12,2022-02-13,223.0,108.8349703696931,9.0
12,2022-02-20,313.0,361.206960057299,20.0
12,2022-02-27,122.0,530.686406299921,51.0
12,2022-03-06,92.0,110.26344485213183,203.0
12,2022-03-13,61.0,105.6343436868303,269.0
12,2022-03-20,17.0,17.41265775346127,463.0
12,2022-03-27,26.0,31.08835411916698,482.0
12,2022-04-03,19.0,20.146086670112613,524.0
12,2022-04-10,14.0,51.59706610889124,753.0
12,2022-04-17,24.0,30.775399161078816,879.0
12,2022-04-24,13.0,21.485534329552014,569.0
12,2022-05-01,11.0,11.937574771389288,344.0
12,2022-05-08,11.0,9.736624514202397,223.0
12,2022-05-15,3.0,12.306580355389192,313.0
12,2022-05-22,3.0,1.9277520042264937,122.0
12,2022-05-29,3.0,0.5394752397864105,92.0
12,2022-06-05,1.0,1.868937624780321,61.0
12,2022-06-12,2.0,1.1405680916260181,17.0
12,2022-06-19,0.0,0.9597852084115128,26.0
12,2022-06-26,3.0,0.005576456879862274,19.0
12,2022-07-03,0.0,1.2019025605080367,14.0
12,2022-07-10,1.0,-0.19041194929149086,24.0
12,2022-07-17,0.0,1.011782211451088,13.0
12,2022-07-24,1.0,-0.6167766467841529,11.0
12,2022-07-31,0.0,1.4535726677755176,11.0
12,2022-08-07,0.0,-0.027175891229566686,3.0
12,2022-08-14,6.0,0.20660488143965822,3.0
12,2022-08-21,11.0,0.9212568429522828,3.0
12,2022-08-28,7.0,2.7666020229555133,1.0
12,2022-09-04,9.0,4.049039086216011,2.0
12,2022-09-11,10.0,2.348285992081001,0.0
12,2022-09-18,4.0,3.4577526561460235,3.0
12,2022-09-25,0.0,4.478304153253691,0.0
12,2022-10-02,1.0,3.3755089061192383,1.0
12,2022-10-09,0.0,1.1491896626321192,0.0
12,2022-10-16,3.0,2.867847590948827,1.0
12,2022-10-23,2.0,2.688271984628525,0.0
12,2022-10-30,0.0,1.3785050667112273,0.0
12,2022-11-06,2.0,0.9260530852003551,6.0
12,2022-11-13,0.0,0.8295334880860827,11.0
12,2022-11-20,10.0,0.04402969163897566,7.0
12,2022-11-27,7.0,0.8827684541709941,9.0
12,2022-12-04,27.0,0.8116511502810828,10.0
12,2022-12-11,37.0,13.228389556179378,4.0
12,2022-12-18,93.0,34.801479645628014,0.0
12,2022-12-25,199.0,126.85208385559817,1.0
12,2023-01-01,250.0,88.11178208602576,0.0
12,2023-01-08,360.0,217.8971020024324,3.0
12,2023-01-15,541.0,13.253808786863214,2.0
12,2023-01-22,589.0,271.33418189949145,0.0
12,2023-01-29,581.0,70.84265991599565,2.0
12,2023-02-05,760.0,266.2689876575333,0.0
12,2023-02-12,762.0,317.22704732751106,10.0
12,2023-02-19,540.0,117.73674992926063,7.0
12,2023-02-26,473.0,-0.7355750613072097,27.0
12,2023-03-05,450.0,35.458919834652825,37.0
12,2023-03-12,225.0,167.86170953205735,93.0
12,2025-09-07,3.0,3.5478334746678457,6.0
12,2025-09-14,2.0,2.23786217197848,3.0
12,2025-09-21,1.0,2.9910923122562356,9.0
12,2025-09-28,1.0,1.2256942066401393,6.0
12,2025-10-05,0.0,2.0008672104820495,7.0
12,2025-10-12,2.0,0.6985325600031773,5.0
12,2025-10-19,1.0,2.3414354607042744,4.0
12,2025-10-26,1.0,1.4984271700768306,8.0
12,2025-11-02,1.0,0.7730550278132259,4.0
12,2025-11-09,1.0,29.951767299256407,0.0
12,2025-11-16,1.0,5.242441014863258,5.0
12,2025-11-23,1.0,6.097566119485334,2.0
12,2025-11-30,0.0,20.22413485986493,3.0
12,2025-12-07,1.0,53.41190131213132,2.0
12,2025-12-14,0.0,80.28536584867247,1.0
12,2025-12-21,0.0,122.58538298527483,1.0
12,2025-12-28,0.0,80.46140929223883,0.0
12,2026-01-04,0.0,58.97014958966326,2.0
12,2026-01-11,0.0,262.0333152048995,1.0
12,2026-01-18,0.0,10.589206192860429,1.0
12,2026-01-25,2.0,57.16224003317086,1.0
12,2026-02-01,1.0,391.92717700349044,1.0
