algoritmo,perda,conjunto,h,periodo,n,MAE,R2,vies_pico
gradient_boosting,padrao,M0_sem_vetor,1,avaliacao,109,128.65718129496443,0.8371083584821738,-105.94367487234412
gradient_boosting,padrao,M0_sem_vetor,1,calibracao,198,23.8103690813254,0.8210421213953252,-32.7696061154987
gradient_boosting,padrao,M0_sem_vetor,4,avaliacao,109,183.79225657769953,0.7215344328429001,-241.68103582508752
gradient_boosting,padrao,M0_sem_vetor,4,calibracao,195,30.7022259201153,0.7504441469199781,-124.32454584027471
gradient_boosting,padrao,M0_sem_vetor,8,avaliacao,109,198.8787328569782,0.6828779311420236,-430.5436635989323
gradient_boosting,padrao,M0_sem_vetor,8,calibracao,191,42.87007303884596,0.44917231704385696,-243.60635547832396
gradient_boosting,padrao,M0_sem_vetor,12,avaliacao,109,216.54282237566332,0.6122597453164433,-557.7183027107953
gradient_boosting,padrao,M0_sem_vetor,12,calibracao,187,53.67089715581822,0.24662054798522237,-302.567777995856
gradient_boosting,padrao,M1_com_vetor,1,avaliacao,102,113.23496634248148,0.8527514970375563,-230.75414691782572
gradient_boosting,padrao,M1_com_vetor,1,calibracao,193,23.333890895367837,0.8348998390024587,-7.28607453167423
gradient_boosting,padrao,M1_com_vetor,4,avaliacao,102,184.15581285983308,0.6968409309067192,-408.7935838602591
gradient_boosting,padrao,M1_com_vetor,4,calibracao,190,36.002694774323224,0.6806473462398482,-114.37529607703546
gradient_boosting,padrao,M1_com_vetor,8,avaliacao,102,187.7656904560201,0.719035003026979,-415.9916885635339
gradient_boosting,padrao,M1_com_vetor,8,calibracao,186,43.38345966309066,0.48727889818098435,-181.32591352494302
gradient_boosting,padrao,M1_com_vetor,12,avaliacao,102,208.46160958646328,0.6576895450091444,-508.7550350261592
gradient_boosting,padrao,M1_com_vetor,12,calibracao,182,49.37076627143153,0.4139893433417601,-269.0218909572703
gradient_boosting,quantil_0.70,M0_sem_vetor,1,avaliacao,109,119.2770408093759,0.8620001235169337,-110.66263190040699
gradient_boosting,quantil_0.70,M0_sem_vetor,1,calibracao,198,27.21825049123411,0.7527594286521007,-65.58424436387818
gradient_boosting,quantil_0.70,M0_sem_vetor,4,avaliacao,109,183.20206330836797,0.7343037503758514,-259.95429182228685
gradient_boosting,quantil_0.70,M0_sem_vetor,4,calibracao,195,31.56340336686291,0.7297582111728386,-127.38880573970864
gradient_boosting,quantil_0.70,M0_sem_vetor,8,avaliacao,109,178.32323169635328,0.7460685431861298,-363.4362954575726
gradient_boosting,quantil_0.70,M0_sem_vetor,8,calibracao,191,45.57107428715339,0.4008187569891487,-242.17245772948883
gradient_boosting,quantil_0.70,M0_sem_vetor,12,avaliacao,109,209.02268935822684,0.6057560670943607,-522.6350636453927
gradient_boosting,quantil_0.70,M0_sem_vetor,12,calibracao,187,46.78422052845444,0.37049838930045487,-273.35656118906826
gradient_boosting,quantil_0.70,M1_com_vetor,1,avaliacao,102,114.7887040177677,0.869552748616789,-240.346784534745
gradient_boosting,quantil_0.70,M1_com_vetor,1,calibracao,193,24.481328708188304,0.808690133743359,-43.056600595640056
gradient_boosting,quantil_0.70,M1_com_vetor,4,avaliacao,102,189.69256880426306,0.7047021221017863,-308.59959633570753
gradient_boosting,quantil_0.70,M1_com_vetor,4,calibracao,190,33.531122146620504,0.7069313609039822,-130.12044435410834
gradient_boosting,quantil_0.70,M1_com_vetor,8,avaliacao,102,193.21919715781877,0.7167492375445514,-443.0027737490825
gradient_boosting,quantil_0.70,M1_com_vetor,8,calibracao,186,38.21077220784113,0.5713930289421272,-189.83991178670124
gradient_boosting,quantil_0.70,M1_com_vetor,12,avaliacao,102,188.0121827299524,0.741295106787697,-442.2926885995886
gradient_boosting,quantil_0.70,M1_com_vetor,12,calibracao,182,41.881008713667335,0.5487367399430083,-198.55549338910896
gradient_boosting,quantil_0.80,M0_sem_vetor,1,avaliacao,109,117.20225222105523,0.8633282322718852,-76.20525084661348
gradient_boosting,quantil_0.80,M0_sem_vetor,1,calibracao,198,25.948290141050546,0.7558857908952449,-27.75277630944856
gradient_boosting,quantil_0.80,M0_sem_vetor,4,avaliacao,109,178.8286911211073,0.7368769235737052,-129.259646518586
gradient_boosting,quantil_0.80,M0_sem_vetor,4,calibracao,195,33.68889425269992,0.7146662709548932,-105.94835571107414
gradient_boosting,quantil_0.80,M0_sem_vetor,8,avaliacao,109,177.58136961613178,0.7638109945914165,-393.00437376418375
gradient_boosting,quantil_0.80,M0_sem_vetor,8,calibracao,191,45.57672120160143,0.4638789728340381,-187.05652465072674
gradient_boosting,quantil_0.80,M0_sem_vetor,12,avaliacao,109,218.48964350077873,0.6291564157877176,-483.814369335424
gradient_boosting,quantil_0.80,M0_sem_vetor,12,calibracao,187,47.73157951884612,0.4083238182329353,-245.24941267610527
gradient_boosting,quantil_0.80,M1_com_vetor,1,avaliacao,102,113.70353153665133,0.8732740888219631,-203.53863867012961
gradient_boosting,quantil_0.80,M1_com_vetor,1,calibracao,193,26.275522540130854,0.7905481270263861,6.206137020573165
gradient_boosting,quantil_0.80,M1_com_vetor,4,avaliacao,102,167.4565244383202,0.7700728020119008,-218.21756099494075
gradient_boosting,quantil_0.80,M1_com_vetor,4,calibracao,190,36.85228139013061,0.6790467879823281,-116.93020178739282
gradient_boosting,quantil_0.80,M1_com_vetor,8,avaliacao,102,185.47747895832268,0.7533947719470391,-388.46397711655715
gradient_boosting,quantil_0.80,M1_com_vetor,8,calibracao,186,39.043791823996045,0.5729449649063256,-166.09602233984086
gradient_boosting,quantil_0.80,M1_com_vetor,12,avaliacao,102,188.40906707558946,0.7423080379877351,-423.2191785114796
gradient_boosting,quantil_0.80,M1_com_vetor,12,calibracao,182,41.231905291280455,0.5773199327137073,-206.067434025695
gradient_boosting,quantil_0.85,M0_sem_vetor,1,avaliacao,109,114.64207577413252,0.8755123437454853,-3.0152927169537955
gradient_boosting,quantil_0.85,M0_sem_vetor,1,calibracao,198,27.520297861305313,0.7420069332404884,42.6895538632639
gradient_boosting,quantil_0.85,M0_sem_vetor,4,avaliacao,109,191.69426712745326,0.7058603444720861,-63.746094216051624
gradient_boosting,quantil_0.85,M0_sem_vetor,4,calibracao,195,36.8969192490843,0.690538650398807,-47.456117050331265
gradient_boosting,quantil_0.85,M0_sem_vetor,8,avaliacao,109,181.72474150359196,0.7701662270030061,-291.0385083779488
gradient_boosting,quantil_0.85,M0_sem_vetor,8,calibracao,191,41.23704234427189,0.5803685619890026,-138.9577400306327
gradient_boosting,quantil_0.85,M0_sem_vetor,12,avaliacao,109,215.5729342067752,0.683044999605132,-404.5294388119836
gradient_boosting,quantil_0.85,M0_sem_vetor,12,calibracao,187,44.34241076853781,0.5038289623880652,-194.51406277176662
gradient_boosting,quantil_0.85,M1_com_vetor,1,avaliacao,102,108.11407606779373,0.8931596961544922,-145.82357059259462
gradient_boosting,quantil_0.85,M1_com_vetor,1,calibracao,193,27.07142347367569,0.7591523971658876,54.34078842829701
gradient_boosting,quantil_0.85,M1_com_vetor,4,avaliacao,102,157.59375323923436,0.8063062341320605,-116.60723588244451
gradient_boosting,quantil_0.85,M1_com_vetor,4,calibracao,190,35.06097373388172,0.7185595406240458,-71.446012118751
gradient_boosting,quantil_0.85,M1_com_vetor,8,avaliacao,102,201.98837945991588,0.7093387977925517,-365.88311995382264
gradient_boosting,quantil_0.85,M1_com_vetor,8,calibracao,186,40.05289684001572,0.5953933614628943,-97.82430358984462
gradient_boosting,quantil_0.85,M1_com_vetor,12,avaliacao,102,183.41950061023036,0.764194904613773,-377.2599192447032
gradient_boosting,quantil_0.85,M1_com_vetor,12,calibracao,182,37.76510263893348,0.6600154935401026,-165.72485069695108
gradient_boosting,quantil_0.90,M0_sem_vetor,1,avaliacao,109,118.76146251563581,0.8577137590705659,50.2857742619783
gradient_boosting,quantil_0.90,M0_sem_vetor,1,calibracao,198,31.810959231826992,0.691095690573976,56.563569262042165
gradient_boosting,quantil_0.90,M0_sem_vetor,4,avaliacao,109,193.91520766078634,0.7070284071826043,-11.249330342278808
gradient_boosting,quantil_0.90,M0_sem_vetor,4,calibracao,195,35.897073693292356,0.679577951619834,-16.06217344235755
gradient_boosting,quantil_0.90,M0_sem_vetor,8,avaliacao,109,187.8891465626065,0.7527838816106618,-223.05921734108867
gradient_boosting,quantil_0.90,M0_sem_vetor,8,calibracao,191,45.88825556990778,0.5298847652761408,-137.25132118107373
gradient_boosting,quantil_0.90,M0_sem_vetor,12,avaliacao,109,221.46550359227555,0.6514813597432668,-402.4973689200598
gradient_boosting,quantil_0.90,M0_sem_vetor,12,calibracao,187,44.51427262895044,0.5169418307393658,-162.052057895793
gradient_boosting,quantil_0.90,M1_com_vetor,1,avaliacao,102,102.4769341342912,0.9031312222375378,-102.95222409605594
gradient_boosting,quantil_0.90,M1_com_vetor,1,calibracao,193,29.274792289751403,0.7385510394296633,62.69314381358752
gradient_boosting,quantil_0.90,M1_com_vetor,4,avaliacao,102,175.4118257196906,0.7398620236143827,-120.29672906872113
gradient_boosting,quantil_0.90,M1_com_vetor,4,calibracao,190,38.75357345279927,0.6586665480884993,-66.1461481410195
gradient_boosting,quantil_0.90,M1_com_vetor,8,avaliacao,102,199.7353363262976,0.7188734588170946,-362.2748347045655
gradient_boosting,quantil_0.90,M1_com_vetor,8,calibracao,186,41.29174216834219,0.5584812504593795,-78.17863331161394
gradient_boosting,quantil_0.90,M1_com_vetor,12,avaliacao,102,188.6635745827953,0.7349974311913503,-381.7262172780841
gradient_boosting,quantil_0.90,M1_com_vetor,12,calibracao,182,39.335301284283325,0.6336723032716598,-155.95826764853126
hist_gradient_boosting,padrao,M0_sem_vetor,1,avaliacao,109,128.14977369445614,0.8330598380064834,-111.77135251210468
hist_gradient_boosting,padrao,M0_sem_vetor,1,calibracao,198,25.384986010058753,0.803434725725674,-46.524199757929516
hist_gradient_boosting,padrao,M0_sem_vetor,4,avaliacao,109,182.9589160198021,0.7107844707931892,-222.23639948606848
hist_gradient_boosting,padrao,M0_sem_vetor,4,calibracao,195,31.56143874325605,0.7319871326251193,-128.12887899595597
hist_gradient_boosting,padrao,M0_sem_vetor,8,avaliacao,109,204.6190310130666,0.6362932496956866,-441.6170820053988
hist_gradient_boosting,padrao,M0_sem_vetor,8,calibracao,191,42.164684432706785,0.45872336807133385,-245.2720709930031
hist_gradient_boosting,padrao,M0_sem_vetor,12,avaliacao,109,192.80110179504123,0.6745706914746266,-494.30786575010393
hist_gradient_boosting,padrao,M0_sem_vetor,12,calibracao,187,54.994730384302294,0.1869482225789696,-324.18262679358855
hist_gradient_boosting,padrao,M1_com_vetor,1,avaliacao,102,113.01363260483768,0.8496621237799402,-222.25620532622037
hist_gradient_boosting,padrao,M1_com_vetor,1,calibracao,193,25.408223696868934,0.8280021490610707,-24.995569852818495
hist_gradient_boosting,padrao,M1_com_vetor,4,avaliacao,102,170.49489957515573,0.7288784361042051,-367.54153834948255
hist_gradient_boosting,padrao,M1_com_vetor,4,calibracao,190,38.18136942410795,0.6429362645379242,-124.40261401692402
hist_gradient_boosting,padrao,M1_com_vetor,8,avaliacao,102,183.13486013687196,0.7386988216724679,-397.4550795558709
hist_gradient_boosting,padrao,M1_com_vetor,8,calibracao,186,41.706255320543384,0.5360007502084986,-180.78826841258171
hist_gradient_boosting,padrao,M1_com_vetor,12,avaliacao,102,203.40751211258555,0.6704577549039734,-460.43078954632523
hist_gradient_boosting,padrao,M1_com_vetor,12,calibracao,182,54.204415130495256,0.29508966469922315,-315.7732900977974
hist_gradient_boosting,quantil_0.70,M0_sem_vetor,1,avaliacao,109,118.60115349195533,0.8588337127986734,-81.35279660868676
hist_gradient_boosting,quantil_0.70,M0_sem_vetor,1,calibracao,198,25.33066151254666,0.7875552657914587,-36.938351859491426
hist_gradient_boosting,quantil_0.70,M0_sem_vetor,4,avaliacao,109,187.3277975917468,0.7378502564126036,-189.45476465722066
hist_gradient_boosting,quantil_0.70,M0_sem_vetor,4,calibracao,195,37.66926824418868,0.6582433659319513,-88.80504509127745
hist_gradient_boosting,quantil_0.70,M0_sem_vetor,8,avaliacao,109,181.110893389164,0.7148374175366045,-416.86390697957876
hist_gradient_boosting,quantil_0.70,M0_sem_vetor,8,calibracao,191,41.3235314737435,0.5226508313833389,-202.25030233967718
hist_gradient_boosting,quantil_0.70,M0_sem_vetor,12,avaliacao,109,184.75208234113776,0.7137743855996199,-469.0527306855856
hist_gradient_boosting,quantil_0.70,M0_sem_vetor,12,calibracao,187,47.91195107094348,0.3629202622586236,-267.84322775551647
hist_gradient_boosting,quantil_0.70,M1_com_vetor,1,avaliacao,102,103.48693457921073,0.8837327624318438,-187.27847559466903
hist_gradient_boosting,quantil_0.70,M1_com_vetor,1,calibracao,193,26.19362634537984,0.7922354511321478,-23.10404045597173
hist_gradient_boosting,quantil_0.70,M1_com_vetor,4,avaliacao,102,179.274500496693,0.7478595730330371,-265.72869893085584
hist_gradient_boosting,quantil_0.70,M1_com_vetor,4,calibracao,190,31.809666052737338,0.7578733106513511,-100.16133708372605
hist_gradient_boosting,quantil_0.70,M1_com_vetor,8,avaliacao,102,188.10701207864994,0.7135119402910467,-423.7117879500554
hist_gradient_boosting,quantil_0.70,M1_com_vetor,8,calibracao,186,39.3012300683232,0.5229782741817945,-180.94444256018946
hist_gradient_boosting,quantil_0.70,M1_com_vetor,12,avaliacao,102,181.26487570544086,0.7481860379661789,-428.6034331012088
hist_gradient_boosting,quantil_0.70,M1_com_vetor,12,calibracao,182,40.14771253614988,0.5803592973464806,-215.13346932161843
hist_gradient_boosting,quantil_0.80,M0_sem_vetor,1,avaliacao,109,116.08207907602252,0.8727597486993036,-52.483401296150404
hist_gradient_boosting,quantil_0.80,M0_sem_vetor,1,calibracao,198,24.785818062007166,0.795846639684707,-8.482112927705526
hist_gradient_boosting,quantil_0.80,M0_sem_vetor,4,avaliacao,109,188.62276318569684,0.7210658291260503,-136.1755779622496
hist_gradient_boosting,quantil_0.80,M0_sem_vetor,4,calibracao,195,34.200145008243624,0.7279161994099648,-86.1357009343464
hist_gradient_boosting,quantil_0.80,M0_sem_vetor,8,avaliacao,109,175.52974753082475,0.7468399414646812,-361.7994166706905
hist_gradient_boosting,quantil_0.80,M0_sem_vetor,8,calibracao,191,45.31262612367474,0.46202477651920837,-183.84753640020125
hist_gradient_boosting,quantil_0.80,M0_sem_vetor,12,avaliacao,109,202.27732895907673,0.6809437992405101,-469.5375902824971
hist_gradient_boosting,quantil_0.80,M0_sem_vetor,12,calibracao,187,48.460754222446994,0.38435974118733207,-243.17206303713166
hist_gradient_boosting,quantil_0.80,M1_com_vetor,1,avaliacao,102,101.2661968809794,0.8830479899684321,-181.05771475614085
hist_gradient_boosting,quantil_0.80,M1_com_vetor,1,calibracao,193,23.59858191510937,0.8101474709993597,-3.700459899973323
hist_gradient_boosting,quantil_0.80,M1_com_vetor,4,avaliacao,102,168.39821130849361,0.7789908860892397,-204.95738992151655
hist_gradient_boosting,quantil_0.80,M1_com_vetor,4,calibracao,190,35.34784197630038,0.6915750074726632,-70.86351909575535
hist_gradient_boosting,quantil_0.80,M1_com_vetor,8,avaliacao,102,184.03992502019227,0.7235965873168796,-413.7541540177743
hist_gradient_boosting,quantil_0.80,M1_com_vetor,8,calibracao,186,36.57385322237899,0.628942097772444,-153.4047934853449
hist_gradient_boosting,quantil_0.80,M1_com_vetor,12,avaliacao,102,179.64827228184186,0.7579247350404885,-418.86364071590674
hist_gradient_boosting,quantil_0.80,M1_com_vetor,12,calibracao,182,37.218305248591335,0.6667726958371215,-185.39471073931475
hist_gradient_boosting,quantil_0.85,M0_sem_vetor,1,avaliacao,109,118.09064456206104,0.8736629800079801,-21.55149675648841
hist_gradient_boosting,quantil_0.85,M0_sem_vetor,1,calibracao,198,22.81932838631446,0.8271717477908109,14.764884642230358
hist_gradient_boosting,quantil_0.85,M0_sem_vetor,4,avaliacao,109,185.84431765950265,0.739196327875949,-86.01390996078571
hist_gradient_boosting,quantil_0.85,M0_sem_vetor,4,calibracao,195,39.313748125980965,0.6535358551992494,-32.084906952645305
hist_gradient_boosting,quantil_0.85,M0_sem_vetor,8,avaliacao,109,172.75244860548673,0.7788343651186533,-325.6290837197145
hist_gradient_boosting,quantil_0.85,M0_sem_vetor,8,calibracao,191,44.16163225017491,0.543474338490933,-159.74493745448012
hist_gradient_boosting,quantil_0.85,M0_sem_vetor,12,avaliacao,109,189.6539661991454,0.7279649293560494,-420.5897975952791
hist_gradient_boosting,quantil_0.85,M0_sem_vetor,12,calibracao,187,45.658725803873594,0.4429401771653688,-206.6477390604548
hist_gradient_boosting,quantil_0.85,M1_com_vetor,1,avaliacao,102,97.98708193004315,0.8979137481774447,-137.10185575395712
hist_gradient_boosting,quantil_0.85,M1_com_vetor,1,calibracao,193,22.33622241214052,0.8414917452867192,7.6679015972020235
hist_gradient_boosting,quantil_0.85,M1_com_vetor,4,avaliacao,102,168.70657870245495,0.7720624486520601,-177.0441488870895
hist_gradient_boosting,quantil_0.85,M1_com_vetor,4,calibracao,190,33.12311926624571,0.7282383765841819,-55.93834926606749
hist_gradient_boosting,quantil_0.85,M1_com_vetor,8,avaliacao,102,178.34769275839315,0.7615653263461477,-359.28692052978096
hist_gradient_boosting,quantil_0.85,M1_com_vetor,8,calibracao,186,40.064707095605236,0.5797335580231355,-128.00672044879394
hist_gradient_boosting,quantil_0.85,M1_com_vetor,12,avaliacao,102,184.1987715847604,0.7417377192677149,-400.5657451475444
hist_gradient_boosting,quantil_0.85,M1_com_vetor,12,calibracao,182,39.8767506241985,0.6195033808762532,-191.05584806164342
hist_gradient_boosting,quantil_0.90,M0_sem_vetor,1,avaliacao,109,126.94924929669565,0.8555004640177372,32.345493429507734
hist_gradient_boosting,quantil_0.90,M0_sem_vetor,1,calibracao,198,26.158062785722734,0.7980386142812894,46.785837803259895
hist_gradient_boosting,quantil_0.90,M0_sem_vetor,4,avaliacao,109,189.67101772657347,0.7179798192361169,-25.735965236484578
hist_gradient_boosting,quantil_0.90,M0_sem_vetor,4,calibracao,195,42.6444853056736,0.5933327809550433,-29.053904506672247
hist_gradient_boosting,quantil_0.90,M0_sem_vetor,8,avaliacao,109,185.84904708778723,0.7430317090189478,-317.1379891910002
hist_gradient_boosting,quantil_0.90,M0_sem_vetor,8,calibracao,191,44.55570370011144,0.5248739271302845,-157.49458794753735
hist_gradient_boosting,quantil_0.90,M0_sem_vetor,12,avaliacao,109,201.57011579415317,0.7001529820234549,-384.53395551595236
hist_gradient_boosting,quantil_0.90,M0_sem_vetor,12,calibracao,187,47.020749219487776,0.4210244640507097,-197.88358669589107
hist_gradient_boosting,quantil_0.90,M1_com_vetor,1,avaliacao,102,107.34653484310009,0.8923264598064131,-109.46584994203963
hist_gradient_boosting,quantil_0.90,M1_com_vetor,1,calibracao,193,26.602393745110813,0.801982936211374,44.1958976401497
hist_gradient_boosting,quantil_0.90,M1_com_vetor,4,avaliacao,102,174.86300523918317,0.7578168762335536,-151.7309932888107
hist_gradient_boosting,quantil_0.90,M1_com_vetor,4,calibracao,190,37.986107523083746,0.685903967668748,-45.64312837219117
hist_gradient_boosting,quantil_0.90,M1_com_vetor,8,avaliacao,102,196.62518861208238,0.718859778422854,-367.6853502469453
hist_gradient_boosting,quantil_0.90,M1_com_vetor,8,calibracao,186,40.556033410554484,0.5552305379849307,-98.8792963744467
hist_gradient_boosting,quantil_0.90,M1_com_vetor,12,avaliacao,102,195.08929591199248,0.6958495284739051,-406.48628957538364
hist_gradient_boosting,quantil_0.90,M1_com_vetor,12,calibracao,182,41.94349697480079,0.5431826664094177,-169.84714334610638
lightgbm,padrao,M0_sem_vetor,1,avaliacao,109,168.7629347579296,0.7633974436068489,-277.03407019040026
lightgbm,padrao,M0_sem_vetor,1,calibracao,198,36.127183278644715,0.5889821307252681,-159.15716464918313
lightgbm,padrao,M0_sem_vetor,4,avaliacao,109,200.21705872871487,0.6309790652439033,-388.2085640828636
lightgbm,padrao,M0_sem_vetor,4,calibracao,195,38.59390687300156,0.6281154066884334,-201.1934641896258
lightgbm,padrao,M0_sem_vetor,8,avaliacao,109,209.81425384620468,0.6695512367690142,-471.18768168723506
lightgbm,padrao,M0_sem_vetor,8,calibracao,191,45.08246587479897,0.4419894384891919,-248.21769157907642
lightgbm,padrao,M0_sem_vetor,12,avaliacao,109,234.28081023231118,0.5406310895125455,-596.253611961701
lightgbm,padrao,M0_sem_vetor,12,calibracao,187,50.33097251669729,0.2846845789992931,-308.343300127282
lightgbm,padrao,M1_com_vetor,1,avaliacao,102,174.216467272857,0.7127909118523456,-364.32200384887074
lightgbm,padrao,M1_com_vetor,1,calibracao,193,29.53728880370686,0.7608511550045189,-79.33258621317356
lightgbm,padrao,M1_com_vetor,4,avaliacao,102,222.90468462602158,0.6097929417524177,-517.8084377723234
lightgbm,padrao,M1_com_vetor,4,calibracao,190,38.118543258299056,0.6743664732664145,-140.64904046424215
lightgbm,padrao,M1_com_vetor,8,avaliacao,102,204.00441199666858,0.6858781164879039,-497.86840102300687
lightgbm,padrao,M1_com_vetor,8,calibracao,186,41.140544562468605,0.5748140354230451,-180.79535143768604
lightgbm,padrao,M1_com_vetor,12,avaliacao,102,196.7599190449802,0.7076209176127964,-476.101318832198
lightgbm,padrao,M1_com_vetor,12,calibracao,182,45.845734067703226,0.5112115575117492,-260.1939842357679
lightgbm,quantil_0.70,M0_sem_vetor,1,avaliacao,109,162.67519223623725,0.778511954411884,-251.47913882484232
lightgbm,quantil_0.70,M0_sem_vetor,1,calibracao,198,40.26183771140154,0.4547797309910422,-156.4360667852703
lightgbm,quantil_0.70,M0_sem_vetor,4,avaliacao,109,183.88405433586934,0.7159398138567316,-338.68339798837644
lightgbm,quantil_0.70,M0_sem_vetor,4,calibracao,195,46.33406340529759,0.43663892312712127,-209.78978547055044
lightgbm,quantil_0.70,M0_sem_vetor,8,avaliacao,109,198.94959941126191,0.6798059549931428,-481.2005903090689
lightgbm,quantil_0.70,M0_sem_vetor,8,calibracao,191,46.32971690973274,0.372404721870386,-259.4196024058826
lightgbm,quantil_0.70,M0_sem_vetor,12,avaliacao,109,224.9299119969225,0.5818078933278797,-543.055134893597
lightgbm,quantil_0.70,M0_sem_vetor,12,calibracao,187,47.308658149234695,0.3329833007688038,-292.01372352465967
lightgbm,quantil_0.70,M1_com_vetor,1,avaliacao,102,175.78246533727784,0.7307409506458566,-322.4103935814423
lightgbm,quantil_0.70,M1_com_vetor,1,calibracao,193,38.36758940233566,0.5021174512034077,-145.9687608069559
lightgbm,quantil_0.70,M1_com_vetor,4,avaliacao,102,193.91986020712298,0.701673790823355,-417.9202066998768
lightgbm,quantil_0.70,M1_com_vetor,4,calibracao,190,42.596256750514016,0.4717894770817356,-188.53095224583248
lightgbm,quantil_0.70,M1_com_vetor,8,avaliacao,102,193.72567642893705,0.6902440266562275,-467.3563394805126
lightgbm,quantil_0.70,M1_com_vetor,8,calibracao,186,44.60772225999364,0.4043981199310035,-243.9196467298739
lightgbm,quantil_0.70,M1_com_vetor,12,avaliacao,102,186.2739748946249,0.7183096604094252,-449.89423220755197
lightgbm,quantil_0.70,M1_com_vetor,12,calibracao,182,42.87492337305077,0.4632973580423947,-260.1348594455026
lightgbm,quantil_0.80,M0_sem_vetor,1,avaliacao,109,157.5017815531485,0.8005471159201281,-109.26440310556798
lightgbm,quantil_0.80,M0_sem_vetor,1,calibracao,198,43.029682085205266,0.4776780102064264,-76.76269592535556
lightgbm,quantil_0.80,M0_sem_vetor,4,avaliacao,109,175.61050016239318,0.761595936061221,-194.6430828084793
lightgbm,quantil_0.80,M0_sem_vetor,4,calibracao,195,46.67875423210535,0.5113455907286727,-126.94803656703121
lightgbm,quantil_0.80,M0_sem_vetor,8,avaliacao,109,172.24262890463808,0.7744752400777596,-348.8614087833262
lightgbm,quantil_0.80,M0_sem_vetor,8,calibracao,191,44.74135790918987,0.4663999164281174,-194.44313027339467
lightgbm,quantil_0.80,M0_sem_vetor,12,avaliacao,109,198.78638661055794,0.6752015671249125,-454.04226120037976
lightgbm,quantil_0.80,M0_sem_vetor,12,calibracao,187,43.700594619338716,0.4723993254679836,-208.76643483678833
lightgbm,quantil_0.80,M1_com_vetor,1,avaliacao,102,154.65416311899975,0.7829559651562893,-180.72493598161
lightgbm,quantil_0.80,M1_com_vetor,1,calibracao,193,42.83028585690258,0.5266907188402125,-70.9041612374159
lightgbm,quantil_0.80,M1_com_vetor,4,avaliacao,102,173.11715696496248,0.785986288692742,-294.254981544098
lightgbm,quantil_0.80,M1_com_vetor,4,calibracao,190,45.7425991228982,0.5385487290150783,-85.41000256555846
lightgbm,quantil_0.80,M1_com_vetor,8,avaliacao,102,176.98870316232063,0.7630778006573773,-363.26840970681786
lightgbm,quantil_0.80,M1_com_vetor,8,calibracao,186,46.06624149729289,0.5225584147826927,-143.51748560199624
lightgbm,quantil_0.80,M1_com_vetor,12,avaliacao,102,167.14409859841513,0.7873654030354812,-340.518302885516
lightgbm,quantil_0.80,M1_com_vetor,12,calibracao,182,42.80002073185623,0.5481235713223022,-174.6806227280114
lightgbm,quantil_0.85,M0_sem_vetor,1,avaliacao,109,149.4007291567326,0.8054366345495954,-4.062808893578415
lightgbm,quantil_0.85,M0_sem_vetor,1,calibracao,198,45.4690778352129,0.45665107298620233,-17.345042163858487
lightgbm,quantil_0.85,M0_sem_vetor,4,avaliacao,109,184.19389849336778,0.751754038707162,-97.15098787596463
lightgbm,quantil_0.85,M0_sem_vetor,4,calibracao,195,53.82861733880219,0.41213219612869956,-78.0932771094601
lightgbm,quantil_0.85,M0_sem_vetor,8,avaliacao,109,169.90097188955954,0.7928789108464549,-305.68757856709954
lightgbm,quantil_0.85,M0_sem_vetor,8,calibracao,191,43.346819717316706,0.5454646600302515,-161.928174947983
lightgbm,quantil_0.85,M0_sem_vetor,12,avaliacao,109,196.70009853316876,0.7116116693526618,-400.2720901363764
lightgbm,quantil_0.85,M0_sem_vetor,12,calibracao,187,46.47102100077955,0.5132358447634682,-153.654245847951
lightgbm,quantil_0.85,M1_com_vetor,1,avaliacao,102,132.87165350818944,0.8281540453814074,-89.84498121847496
lightgbm,quantil_0.85,M1_com_vetor,1,calibracao,193,48.16106318712044,0.4570249713251685,-15.403327823952331
lightgbm,quantil_0.85,M1_com_vetor,4,avaliacao,102,160.63651579743737,0.8157010448366333,-184.3452203817693
lightgbm,quantil_0.85,M1_com_vetor,4,calibracao,190,50.720449208783535,0.45517686280066705,-56.89645693156549
lightgbm,quantil_0.85,M1_com_vetor,8,avaliacao,102,162.35436027826742,0.8075461824243572,-317.3544053668363
lightgbm,quantil_0.85,M1_com_vetor,8,calibracao,186,53.39172479606095,0.42727191111638363,-113.36713894614326
lightgbm,quantil_0.85,M1_com_vetor,12,avaliacao,102,171.6489773000861,0.7866797837024514,-320.29367813886336
lightgbm,quantil_0.85,M1_com_vetor,12,calibracao,182,46.4496731779056,0.5559283279123878,-117.82856213853742
lightgbm,quantil_0.90,M0_sem_vetor,1,avaliacao,109,144.88846554481987,0.7968634231296416,103.33419486237983
lightgbm,quantil_0.90,M0_sem_vetor,1,calibracao,198,47.53694160388796,0.39068583742399166,42.21862623291631
lightgbm,quantil_0.90,M0_sem_vetor,4,avaliacao,109,187.4066989232763,0.7276763602277123,-51.835425926515306
lightgbm,quantil_0.90,M0_sem_vetor,4,calibracao,195,57.6848216374511,0.3385130041699149,-26.65529700955905
lightgbm,quantil_0.90,M0_sem_vetor,8,avaliacao,109,176.11324198481688,0.8007827694567,-255.01836828602399
lightgbm,quantil_0.90,M0_sem_vetor,8,calibracao,191,43.91229710042475,0.5686527385598441,-99.45732795092383
lightgbm,quantil_0.90,M0_sem_vetor,12,avaliacao,109,204.41604717624836,0.7023573784056039,-366.1316336538248
lightgbm,quantil_0.90,M0_sem_vetor,12,calibracao,187,49.51362542171122,0.49000172131968267,-102.50063367816003
lightgbm,quantil_0.90,M1_com_vetor,1,avaliacao,102,133.86745857189987,0.7983160816096191,4.787696587601388
lightgbm,quantil_0.90,M1_com_vetor,1,calibracao,193,49.40463066392681,0.42069959381913047,36.87163472757012
lightgbm,quantil_0.90,M1_com_vetor,4,avaliacao,102,162.69077692670152,0.8094794184711225,-98.76088098614105
lightgbm,quantil_0.90,M1_com_vetor,4,calibracao,190,53.93192670965496,0.3988054161219472,-6.914599353197432
lightgbm,quantil_0.90,M1_com_vetor,8,avaliacao,102,173.527004670538,0.7914475097564742,-289.65715382119475
lightgbm,quantil_0.90,M1_com_vetor,8,calibracao,186,59.44605943088885,0.3114377793083034,-68.65354071555865
lightgbm,quantil_0.90,M1_com_vetor,12,avaliacao,102,179.25307699075853,0.77008612398165,-308.57517606282283
lightgbm,quantil_0.90,M1_com_vetor,12,calibracao,182,51.821587247014385,0.5088840685668156,-79.92641202954775
