data_ini_se,vetor_fonte,n_armadilhas,aegypti_total,aegypti_femea,albopictus_total,culex_total,aegypti_por_armadilha,imfa_femea
2018-12-30,marilia,1292,55,,1,128,0.04256965944272446,
2019-01-06,marilia,1364,57,,10,180,0.041788856304985335,
2019-01-13,marilia,1365,455,,46,628,0.3333333333333333,
2019-01-20,marilia,1365,371,,29,549,0.2717948717948718,
2019-01-27,marilia,1426,438,,47,704,0.3071528751753156,
2019-02-03,marilia,1434,443,,41,587,0.3089260808926081,
2019-02-10,marilia,1434,406,,41,567,0.28312412831241285,
2019-02-17,marilia,1434,526,,32,568,0.3668061366806137,
2019-02-24,marilia,1434,448,,30,600,0.3124128312412831,
2019-03-03,marilia,1421,543,,45,318,0.3821252638986629,
2019-03-10,marilia,1422,429,,34,309,0.30168776371308015,
2019-03-17,marilia,1430,657,,45,325,0.45944055944055945,
2019-03-24,marilia,1426,608,,120,381,0.426367461430575,
2019-03-31,marilia,1434,616,,51,402,0.4295676429567643,
2019-04-07,marilia,1434,575,,41,339,0.40097629009762903,
2019-04-14,marilia,1434,447,,33,411,0.3117154811715481,
2019-04-21,marilia,1433,506,,46,374,0.3531053733426378,
2019-04-28,marilia,1430,529,,32,483,0.36993006993006994,
2019-05-05,marilia,1431,538,,32,348,0.37596086652690425,
2019-05-12,marilia,1433,440,,42,357,0.30704815073272856,
2019-05-19,marilia,1434,615,,32,402,0.42887029288702927,
2019-05-26,marilia,1434,356,,16,308,0.2482566248256625,
2019-06-02,marilia,1434,327,,29,325,0.2280334728033473,
2019-06-09,marilia,1434,343,,23,564,0.2391910739191074,
2019-06-16,marilia,1434,455,,26,466,0.3172942817294282,
2019-06-23,marilia,1362,362,,36,459,0.2657856093979442,
2019-06-30,marilia,1362,156,,7,293,0.1145374449339207,
2019-07-07,marilia,1434,48,,2,331,0.03347280334728033,
2019-07-14,marilia,1362,61,,4,268,0.044787077826725405,
2019-07-21,marilia,1264,19,,2,181,0.015031645569620253,
2019-07-28,marilia,1142,22,,44,159,0.01926444833625219,
2019-08-04,marilia,1215,13,,0,170,0.010699588477366255,
2019-08-11,marilia,1429,13,,1,128,0.009097270818754374,
2019-08-18,marilia,1361,9,,0,190,0.006612784717119765,
2019-08-25,marilia,1289,20,,0,117,0.015515903801396431,
2019-09-01,marilia,1290,20,,10,117,0.015503875968992248,
2019-09-08,marilia,1219,4,,2,101,0.003281378178835111,
2019-09-15,marilia,1217,7,,1,94,0.005751848808545604,
2019-09-22,marilia,1289,18,,3,171,0.013964313421256789,
2019-09-29,marilia,1288,33,,2,193,0.02562111801242236,
2019-10-06,marilia,1360,29,,6,202,0.021323529411764706,
2019-10-13,marilia,1359,43,,6,311,0.03164091243561442,
2019-10-20,marilia,1431,35,,4,291,0.02445842068483578,
2019-10-27,marilia,1431,40,,6,272,0.027952480782669462,
2019-11-03,marilia,1431,102,,8,273,0.07127882599580712,
2019-11-10,marilia,1430,80,,14,371,0.055944055944055944,
2019-11-17,marilia,1432,149,,20,293,0.10405027932960893,
2019-11-24,marilia,1430,254,,21,423,0.17762237762237762,
2019-12-01,marilia,1430,198,,15,417,0.13846153846153847,
2019-12-08,marilia,1430,235,,21,394,0.16433566433566432,
2019-12-15,marilia,1430,222,,18,425,0.15524475524475526,
2019-12-22,marilia,1376,244,,20,577,0.17732558139534885,
2019-12-29,marilia,1321,229,,22,467,0.17335352006056018,
2020-01-05,marilia,1387,323,,18,495,0.2328767123287671,
2020-01-12,marilia,1397,310,,11,622,0.22190408017179672,
2020-01-19,marilia,1405,359,,20,536,0.25551601423487547,
2020-01-26,marilia,1409,431,,26,522,0.3058907026259759,
2020-02-02,marilia,1408,452,,27,716,0.3210227272727273,
2020-02-09,marilia,1407,437,,35,610,0.31058990760483296,
2020-02-16,marilia,1407,488,,29,554,0.3468372423596304,
2020-02-23,marilia,1323,363,,20,316,0.2743764172335601,
2020-03-01,marilia,1336,357,,19,419,0.26721556886227543,
2020-03-08,marilia,1358,470,,22,355,0.34609720176730485,
2020-03-15,marilia,1357,467,,19,174,0.344141488577745,
2020-03-22,marilia,1323,302,,25,131,0.22826908541194255,
2020-03-29,marilia,1083,316,,9,123,0.2917820867959372,
2020-04-05,marilia,1106,300,,16,212,0.27124773960216997,
2020-04-12,marilia,1055,233,,8,202,0.22085308056872038,
2020-04-19,marilia,1019,235,,9,198,0.23061825318940138,
2020-04-26,marilia,993,303,,17,202,0.30513595166163143,
2020-05-03,marilia,985,318,,8,242,0.32284263959390863,
2020-05-10,marilia,959,191,,13,260,0.1991657977059437,
2020-05-17,marilia,949,154,,10,244,0.16227608008429925,
2020-05-24,marilia,942,87,,7,182,0.09235668789808917,
2020-05-31,marilia,943,93,,10,140,0.09862142099681867,
2020-06-07,marilia,941,39,,3,113,0.04144527098831031,
2020-06-14,marilia,939,50,,0,102,0.05324813631522897,
2020-06-21,marilia,884,107,,5,147,0.12104072398190045,
2020-06-28,marilia,877,30,,1,190,0.03420752565564424,
2020-07-05,marilia,840,7,,0,107,0.008333333333333333,
2020-07-12,marilia,782,7,,0,59,0.008951406649616368,
2020-07-19,marilia,780,11,,0,112,0.014102564102564103,
2020-07-26,marilia,826,10,,1,86,0.012106537530266344,
2020-08-02,marilia,821,11,,0,99,0.013398294762484775,
2020-08-09,marilia,864,14,,0,128,0.016203703703703703,
2020-08-16,marilia,862,15,,0,125,0.01740139211136891,
2020-08-23,marilia,826,7,,0,105,0.00847457627118644,
2020-08-30,marilia,773,9,,0,75,0.01164294954721863,
2020-09-06,marilia,761,3,,0,65,0.003942181340341655,
2020-09-13,marilia,726,2,,0,54,0.0027548209366391185,
2020-09-20,marilia,800,5,,0,70,0.00625,
2020-09-27,marilia,804,14,,0,99,0.017412935323383085,
2020-10-04,marilia,734,9,,1,82,0.01226158038147139,
2020-10-11,marilia,735,22,,1,65,0.029931972789115645,
2020-10-18,marilia,734,19,,2,103,0.025885558583106268,
2020-10-25,marilia,798,27,,2,134,0.03383458646616541,
2020-11-01,marilia,798,29,,2,191,0.03634085213032581,
2020-11-08,marilia,852,37,,7,211,0.04342723004694836,
2020-11-15,marilia,852,42,,6,192,0.04929577464788732,
2020-11-22,marilia,837,41,,4,183,0.04898446833930705,
2020-11-29,marilia,751,69,,2,112,0.09187749667110519,
2020-12-06,marilia,750,65,,6,335,0.08666666666666667,
2020-12-13,marilia,741,135,,6,163,0.18218623481781376,
2020-12-20,marilia,737,236,,10,366,0.3202170963364993,
2020-12-27,marilia,771,237,,7,294,0.30739299610894943,
2021-01-03,marilia,756,306,,8,310,0.40476190476190477,
2021-01-10,marilia,741,235,,6,268,0.31713900134952766,
2021-01-17,marilia,752,242,,7,274,0.32180851063829785,
2021-01-24,marilia,760,218,,10,248,0.2868421052631579,
2021-01-31,marilia,751,227,,13,221,0.3022636484687084,
2021-02-07,marilia,789,560,,13,218,0.7097591888466414,
2021-02-14,marilia,782,530,,10,179,0.6777493606138107,
2021-02-21,marilia,750,432,,16,191,0.576,
2021-02-28,marilia,788,474,,12,252,0.6015228426395939,
2021-03-07,marilia,786,354,,30,249,0.45038167938931295,
2021-03-14,marilia,840,444,,17,179,0.5285714285714286,
2021-03-21,marilia,840,407,,37,215,0.4845238095238095,
2021-03-28,marilia,844,437,,21,181,0.5177725118483413,
2021-04-04,marilia,845,566,,32,150,0.6698224852071006,
2021-04-11,marilia,847,1413,,50,290,1.6682408500590318,
2021-04-18,marilia,853,933,,40,295,1.0937866354044548,
2021-04-25,marilia,878,761,,23,217,0.8667425968109339,
2021-05-02,marilia,904,523,,16,276,0.5785398230088495,
2021-05-09,marilia,918,328,,7,307,0.3572984749455338,
2021-05-16,marilia,942,244,,4,220,0.25902335456475584,
2021-05-23,marilia,954,149,,5,282,0.15618448637316562,
2021-05-30,marilia,974,95,,0,222,0.09753593429158111,
2021-06-06,marilia,979,107,,1,188,0.10929519918283963,
2021-06-13,marilia,983,76,,2,146,0.07731434384537131,
2021-06-20,marilia,988,25,,2,98,0.025303643724696356,
2021-06-27,marilia,991,12,,1,117,0.012108980827447022,
2021-07-04,marilia,1012,11,,1,122,0.010869565217391304,
2021-07-11,marilia,1011,22,,1,99,0.021760633036597428,
2021-07-18,marilia,1012,10,,0,81,0.009881422924901186,
2021-07-25,marilia,1011,10,,0,128,0.009891196834817012,
2021-08-01,marilia,1017,0,,0,81,0.0,
2021-08-08,marilia,1020,6,,0,130,0.0058823529411764705,
2021-08-15,marilia,1022,6,,4,137,0.005870841487279843,
2021-08-22,marilia,1026,4,,0,160,0.003898635477582846,
2021-08-29,marilia,1018,10,,1,164,0.009823182711198428,
2021-09-05,marilia,726,10,,1,135,0.013774104683195593,
2021-09-12,marilia,670,15,,2,84,0.022388059701492536,
2021-09-19,marilia,565,9,,1,75,0.01592920353982301,
2021-09-26,marilia,489,31,,2,138,0.06339468302658487,
2021-10-03,marilia,373,23,,5,127,0.06166219839142091,
2021-10-10,marilia,666,55,,2,157,0.08258258258258258,
2021-10-17,marilia,715,18,,1,29,0.025174825174825177,
2021-10-24,marilia,631,50,,2,42,0.07923930269413629,
2021-10-31,marilia,741,130,,5,75,0.17543859649122806,
2021-11-07,marilia,748,160,,3,64,0.21390374331550802,
2021-11-14,marilia,755,148,,4,83,0.19602649006622516,
2021-11-21,marilia,755,218,,9,212,0.28874172185430463,
2021-11-28,marilia,757,217,,13,69,0.2866578599735799,
2021-12-05,marilia,851,369,,14,72,0.4336075205640423,
2021-12-12,marilia,908,362,,3,70,0.3986784140969163,
2021-12-19,marilia,910,514,,10,57,0.5648351648351648,
2021-12-26,marilia,899,578,,7,83,0.64293659621802,
2022-01-02,marilia,905,866,,12,119,0.9569060773480663,
2022-01-09,marilia,910,626,,9,128,0.6879120879120879,
2022-01-16,marilia,910,642,,8,230,0.7054945054945055,
2022-01-23,marilia,910,504,,8,193,0.5538461538461539,
2022-01-30,marilia,910,484,,10,220,0.5318681318681319,
2022-02-06,marilia,910,844,,17,179,0.9274725274725275,
2022-02-13,marilia,910,746,,15,111,0.8197802197802198,
2022-02-20,marilia,910,670,,6,38,0.7362637362637363,
2022-02-27,marilia,910,603,,4,114,0.6626373626373626,
2022-03-06,marilia,910,939,,16,73,1.031868131868132,
2022-03-13,marilia,910,860,,15,45,0.945054945054945,
2022-03-20,marilia,910,1055,,13,127,1.1593406593406594,
2022-03-27,marilia,910,1184,,10,74,1.3010989010989011,
2022-04-03,marilia,910,896,,17,104,0.9846153846153847,
2022-04-10,marilia,910,540,,7,41,0.5934065934065934,
2022-04-17,marilia,910,784,,25,63,0.8615384615384616,
2022-04-24,marilia,910,819,,19,117,0.9,
2022-05-01,marilia,910,361,,13,70,0.3967032967032967,
2022-05-08,marilia,910,717,,6,54,0.7879120879120879,
2022-05-15,marilia,910,251,,7,66,0.27582417582417584,
2022-05-22,marilia,910,238,,14,92,0.26153846153846155,
2022-05-29,marilia,910,127,,1,56,0.13956043956043956,
2022-06-05,marilia,910,91,,9,38,0.1,
2022-06-12,marilia,910,39,,7,58,0.04285714285714286,
2022-06-19,marilia,910,21,,0,52,0.023076923076923078,
2022-06-26,marilia,910,11,,0,13,0.012087912087912088,
2022-07-03,marilia,910,13,,0,12,0.014285714285714285,
2022-07-10,marilia,910,2,,0,4,0.002197802197802198,
2022-07-17,marilia,910,3,,0,21,0.0032967032967032967,
2022-07-24,marilia,910,5,,0,9,0.005494505494505495,
2022-07-31,marilia,910,0,,0,9,0.0,
2022-08-07,marilia,910,0,,0,1,0.0,
2022-08-14,marilia,910,0,,0,2,0.0,
2022-08-21,marilia,870,0,,0,0,0.0,
2022-08-28,marilia,910,48,,4,44,0.05274725274725275,
2022-09-04,marilia,910,32,,0,37,0.035164835164835165,
2022-09-11,marilia,910,35,,5,31,0.038461538461538464,
2022-09-18,marilia,910,22,,2,33,0.024175824175824177,
2022-09-25,marilia,910,22,,2,37,0.024175824175824177,
2022-10-02,marilia,910,14,,2,59,0.015384615384615385,
2022-10-09,marilia,910,17,,5,40,0.01868131868131868,
2022-10-16,marilia,910,29,,2,29,0.031868131868131866,
2022-10-23,marilia,910,44,,3,78,0.04835164835164835,
2022-10-30,marilia,910,64,,2,109,0.07032967032967033,
2022-11-06,marilia,910,40,,0,137,0.04395604395604396,
2022-11-13,marilia,910,61,,1,169,0.06703296703296703,
2022-11-20,marilia,910,97,,4,159,0.10659340659340659,
2022-11-27,marilia,910,128,,2,66,0.14065934065934066,
2022-12-04,marilia,910,124,,1,89,0.13626373626373625,
2022-12-11,marilia,910,150,,1,223,0.16483516483516483,
2022-12-18,marilia,910,113,,4,319,0.12417582417582418,
2022-12-25,marilia,910,234,,0,222,0.2571428571428571,
2023-01-01,marilia,910,313,,1,278,0.34395604395604396,
2023-01-08,marilia,910,605,,4,442,0.6648351648351648,
2023-01-15,marilia,910,453,,6,254,0.4978021978021978,
2023-01-22,marilia,910,422,,7,234,0.46373626373626375,
2023-01-29,marilia,910,308,,5,184,0.3384615384615385,
2023-02-05,marilia,910,1085,,8,215,1.1923076923076923,
2023-02-12,marilia,910,903,,11,103,0.9923076923076923,
2023-02-19,marilia,910,451,,6,123,0.4956043956043956,
2023-02-26,marilia,910,458,,2,82,0.5032967032967033,
2023-03-05,marilia,910,524,,12,117,0.5758241758241758,
2023-03-12,marilia,910,1955,,11,178,2.1483516483516483,
2023-03-19,marilia,910,1583,,16,189,1.7395604395604396,
2023-03-26,marilia,910,888,,2,101,0.9758241758241758,
2023-04-02,marilia,910,657,,8,81,0.721978021978022,
2023-04-09,marilia,910,894,,10,123,0.9824175824175824,
2023-04-16,marilia,910,1459,,30,128,1.6032967032967034,
2023-04-23,marilia,910,1103,,11,119,1.212087912087912,
2023-04-30,marilia,910,534,,13,82,0.5868131868131868,
2023-05-07,marilia,910,594,,5,96,0.6527472527472528,
2023-05-14,marilia,910,592,,9,130,0.6505494505494506,
2023-05-21,marilia,910,993,,8,192,1.091208791208791,
2023-05-28,marilia,910,1040,,16,166,1.1428571428571428,
2023-06-04,marilia,910,722,,11,143,0.7934065934065934,
2025-08-10,raspagem,910,2,2,0,60,0.002197802197802198,0.002197802197802198
2025-08-17,raspagem,910,1,1,0,41,0.001098901098901099,0.001098901098901099
2025-08-24,raspagem,910,1,1,6,85,0.001098901098901099,0.001098901098901099
2025-08-31,raspagem,910,4,4,0,41,0.004395604395604396,0.004395604395604396
2025-09-07,raspagem,910,9,9,0,65,0.00989010989010989,0.00989010989010989
2025-09-14,raspagem,910,29,27,0,129,0.031868131868131866,0.02967032967032967
2025-09-21,raspagem,910,49,49,0,144,0.05384615384615385,0.05384615384615385
2025-09-28,raspagem,910,62,62,0,95,0.06813186813186813,0.06813186813186813
2025-10-12,raspagem,910,113,113,4,189,0.12417582417582418,0.12417582417582418
2025-10-19,raspagem,910,92,92,0,111,0.1010989010989011,0.1010989010989011
2025-10-26,raspagem,910,208,208,9,181,0.22857142857142856,0.22857142857142856
2025-11-02,raspagem,910,183,182,4,143,0.2010989010989011,0.2
2025-11-09,raspagem,910,173,173,5,276,0.1901098901098901,0.1901098901098901
2025-11-16,raspagem,910,203,203,3,257,0.2230769230769231,0.2230769230769231
2025-11-23,raspagem,910,254,253,8,343,0.27912087912087913,0.27802197802197803
2025-11-30,raspagem,910,475,473,8,400,0.521978021978022,0.5197802197802198
2025-12-07,raspagem,910,499,495,9,413,0.5483516483516484,0.5439560439560439
2025-12-14,raspagem,910,344,343,11,411,0.378021978021978,0.3769230769230769
2025-12-21,raspagem,910,246,246,8,236,0.2703296703296703,0.2703296703296703
2025-12-28,raspagem,910,302,302,11,317,0.33186813186813185,0.33186813186813185
2026-01-04,raspagem,910,878,847,33,455,0.9648351648351648,0.9307692307692308
2026-01-11,raspagem,910,926,923,31,445,1.0175824175824175,1.0142857142857142
2026-01-18,raspagem,910,788,786,30,317,0.865934065934066,0.8637362637362638
2026-01-25,raspagem,910,819,807,28,235,0.9,0.8868131868131868
2026-02-01,raspagem,910,763,762,37,215,0.8384615384615385,0.8373626373626374
2026-02-08,raspagem,910,577,577,12,114,0.634065934065934,0.634065934065934
2026-02-15,raspagem,910,1063,1059,16,117,1.1681318681318682,1.1637362637362638
2026-02-22,raspagem,910,950,946,19,240,1.043956043956044,1.0395604395604396
2026-03-01,raspagem,910,1024,1021,21,142,1.1252747252747253,1.121978021978022
2026-03-08,raspagem,910,1023,1018,41,164,1.1241758241758242,1.1186813186813187
2026-03-15,raspagem,910,1121,1121,25,133,1.231868131868132,1.231868131868132
2026-03-22,raspagem,910,842,839,52,122,0.9252747252747253,0.921978021978022
2026-03-29,raspagem,910,919,919,43,122,1.0098901098901099,1.0098901098901099
2026-04-05,raspagem,910,1190,1186,65,149,1.3076923076923077,1.3032967032967033
2026-04-12,raspagem,910,777,776,49,155,0.8538461538461538,0.8527472527472527
2026-04-19,raspagem,910,841,841,20,118,0.9241758241758242,0.9241758241758242
2026-04-26,raspagem,910,609,608,23,123,0.6692307692307692,0.6681318681318681
2026-05-03,raspagem,910,433,433,7,107,0.4758241758241758,0.4758241758241758
2026-05-10,raspagem,910,439,439,19,168,0.4824175824175824,0.4824175824175824
2026-05-17,raspagem,910,275,275,16,129,0.3021978021978022,0.3021978021978022
2026-05-24,raspagem,910,122,119,13,127,0.13406593406593406,0.13076923076923078
2026-05-31,raspagem,910,161,161,2,163,0.17692307692307693,0.17692307692307693
,raspagem,910,165,165,4,95,0.1813186813186813,0.1813186813186813
