h,data_origem,real,previsao_expansivel_2012,n_treino_expansivel_2012,previsao_expansivel_2020,n_treino_expansivel_2020,previsao_deslizante_6anos,n_treino_deslizante_6anos
1,2022-01-02,0.6906873614190687,0.5060503933607424,472,0.7670768721802518,104,0.5796227410788386,305
1,2022-01-09,0.7056229327453142,0.39136525077804823,473,0.5051799700973795,105,0.6248313903324654,305
1,2022-01-16,0.5534729878721059,0.7204824332492881,474,0.6539601140303264,106,0.7229284486035549,305
1,2022-01-23,0.5411499436302142,0.6851954868810254,475,0.6364724741382441,107,0.7962591911365646,305
1,2022-01-30,0.934589800443459,0.6367791411702718,476,0.7372402952703057,108,0.626993834991234,305
1,2022-02-06,0.8050660792951542,0.7705819767968026,477,0.862577341140507,109,0.8639016259621367,305
1,2022-02-13,0.752262443438914,0.6039925514309329,478,0.8090293224780196,110,0.8515146169174704,305
1,2022-02-20,0.6822323462414579,0.5548979315238088,479,0.7436273232858265,111,0.6920452620599409,305
1,2022-02-27,1.096244131455399,0.5772453789447658,480,0.6240026182411929,112,0.5314259892948482,305
1,2022-03-06,0.963677639046538,0.871987894240346,481,0.8256818601256866,113,0.7623269844534741,305
1,2022-03-13,1.256902761104442,0.9169224433773411,482,0.7964207755732442,114,1.0991220286010959,305
1,2022-03-20,1.339002267573696,0.9741327910644882,483,0.9401594033996697,115,1.059264712033626,305
1,2022-03-27,1.0311778290993072,1.3014896917252734,484,0.9653735022955845,116,0.9564720174401636,305
1,2022-04-03,0.7681365576102418,1.1606322199398709,485,0.6720931753514136,117,0.9055419977501411,305
1,2022-04-10,0.994904458598726,0.9775440282050554,486,0.6560111349990475,118,0.9401238332359079,305
1,2022-04-17,1.0435897435897437,0.9843342406345214,487,0.8813666993212228,119,0.8263463599129225,305
1,2022-04-24,0.4819277108433735,0.6627741256705104,488,0.7855490112454269,120,0.5173309071766996,305
1,2022-05-01,0.8200692041522492,0.48481108149899893,489,0.5905746059201588,121,0.36151756850361,305
1,2022-05-08,0.288837744533947,0.5595399514248169,490,0.5966510763676717,122,0.544334552002747,305
1,2022-05-15,0.2637485970819304,0.338769201743348,491,0.5076402434832739,123,0.4196806126256978,305
1,2022-05-22,0.1407982261640798,0.2463148825245682,492,0.20972361625782363,124,0.3893097906708797,305
1,2022-05-29,0.0991189427312775,0.07329540113807395,493,0.08947090506983,125,0.2162882158955742,305
1,2022-06-05,0.0449308755760368,0.08643458594627898,494,0.037236498506548026,126,0.09343655590385848,305
1,2022-06-12,0.0233333333333333,0.038859141837790274,495,0.05286781913151812,127,0.038966575071582625,305
1,2022-06-19,0.0121951219512195,0.044043603292950616,496,0.06226998572291808,128,0.014814519909899125,305
1,2022-06-26,0.0144124168514412,0.00602065922063931,497,0.025886871306485246,129,0.020436060515097804,305
1,2022-07-03,0.0066225165562913,-0.006087323760789695,498,0.014836740670914044,130,0.0011053950248199626,305
1,2022-07-10,0.0149253731343283,-0.0034421303985930083,499,0.02431808801373631,131,0.007525179051989999,305
1,2022-07-17,0.0273224043715847,0.015123252491591114,500,0.04905490640699748,132,-0.004065688456649289,305
1,2022-07-24,0.0,0.0316007486295182,501,-0.019589892915333168,133,0.01773126564260042,305
1,2022-07-31,0.0,0.0450747833145494,502,0.02366771400268074,134,0.04266783948510425,305
1,2022-08-07,0.0,0.025485628220204188,503,-0.008271906837064604,135,0.017461461926005246,305
1,2022-09-25,0.0156075808249721,0.02747451763124704,504,0.004004582485849466,136,0.030870821991260067,299
1,2022-10-02,0.0194508009153318,0.0410694536515729,505,0.005275184443832646,137,0.05976739755880564,299
1,2022-10-09,0.0324748040313549,0.027266817199979934,506,0.0067510536891318635,138,0.01538710616829542,299
1,2022-10-16,0.0493273542600896,0.023715197671655218,507,0.02490963698067156,139,0.022747337150704847,299
1,2022-10-23,0.0718358038768529,0.047627362165710015,508,0.06883418090031986,140,0.03963884985418717,299
1,2022-10-30,0.0432852386237513,0.08963655229506365,509,0.12759750537167153,141,0.07051051496954758,299
1,2022-11-06,0.0686936936936937,0.08197597380670751,510,0.09819042503702781,142,0.10218270419675185,299
1,2022-11-13,0.1097285067873303,0.10734140246674277,511,0.17607868372159974,143,0.05328101130568716,299
1,2022-11-20,0.1452894438138479,0.1882446452387489,512,0.21469814355210032,144,0.13469303122544535,299
1,2022-11-27,0.1428571428571428,0.18016018102948084,513,0.12031639584789262,145,0.1383332194413561,299
1,2022-12-04,0.1698754246885617,0.24767653864052433,514,0.274363229671211,146,0.23367701948169245,299
1,2022-12-11,0.1430429128738621,0.3031580286638903,515,0.299638691789272,147,0.25471420023334473,299
1,2022-12-18,0.3367198838896952,0.28791083147443813,516,0.35125834300770764,148,0.2562849013747766,299
1,2022-12-25,0.4138398914518317,0.18476897147656002,517,0.12856256643471342,149,0.11562085394784671,299
1,2023-01-01,0.7045720984759671,0.38543152115906115,518,0.3190589521863602,150,0.3764420201922543,299
1,2023-01-08,0.5067873303167421,0.572581658259335,519,0.4942258978219138,151,0.5530076844105526,299
1,2023-01-15,0.4779161947904869,0.47863230923088984,520,0.6027811172981729,152,0.5453838950574461,299
1,2023-01-22,0.3923566878980892,0.4505406525240327,521,0.5274056191651696,153,0.4765742437027904,299
1,2023-01-29,1.227633069082673,0.5345393880206237,522,0.5777825581918844,154,0.5973692013837956,299
1,2023-02-05,1.0124293785310734,0.8600410722317238,523,0.8129403235701269,155,0.6913029001360091,299
1,2023-02-12,0.5510455104551045,0.9808699893118477,524,0.8894769196358356,156,0.9430404978562229,299
1,2023-02-19,0.5106145251396648,0.7022467448450008,525,0.8284671608550653,157,0.7635518262701163,299
1,2023-02-26,0.5861678004535147,0.6672164893816319,526,0.6929746492910623,158,0.7791921542361603,299
1,2023-03-05,2.1798882681564247,0.6754056730978524,527,0.8929641075053645,159,0.8201847596445783,299
1,2023-03-12,1.7882219705549265,1.2548262638014753,528,1.1005346685673874,160,1.3185787646430753,299
1,2023-03-19,1.0079455164585698,1.4237940625381986,529,1.1045492449602294,161,1.0485319371609259,299
1,2023-03-26,0.764294049008168,1.1481413301309895,530,0.8397927955751645,162,0.965973074721749,299
1,2023-04-02,1.0101925254813138,1.1133679742128983,531,0.9644102898205674,163,0.922577805749453,299
1,2023-04-09,1.6522727272727271,1.0522893990779776,532,0.7618445737309805,164,0.9883804099268915,299
1,2023-04-16,1.245475113122172,1.2183522264387887,533,1.0495996802026901,165,1.0544803790468107,299
1,2023-04-23,1.00187617260788,0.6720601686329348,534,0.5961876360944599,166,0.7045711042684926,299
1,2023-04-30,0.6723356009070295,0.44638297861744564,535,0.5744291823853888,167,0.42571461486447437,299
1,2023-05-07,0.6636670416197975,0.6021620168693683,536,0.6580136916656931,168,0.6200171468606346,299
1,2023-05-14,1.1309794988610478,0.5467109673338131,537,0.5428035183426252,169,0.5209642068106642,299
1,2023-05-21,1.1901489117983963,0.5393569751377411,538,0.4627613215667952,170,0.589260809393681,299
1,2023-05-28,0.8933177022274326,0.7644581408788967,539,0.7199387161920093,171,0.8157292236066264,299
1,2023-06-04,0.6301587301587301,0.5408417120846484,540,0.6376644418549535,172,0.49624831723730134,299
1,2023-06-11,0.2079905992949471,0.5157405540672537,541,0.423847231538674,173,0.45623232648748063,299
1,2023-06-18,0.3066361556064073,0.21949480898193915,542,0.5998891587767197,174,0.5350633737466928,299
1,2023-06-25,0.2064896755162241,0.15168368633160914,543,0.2742388618145999,175,0.22220665981664636,299
1,2023-07-02,0.1661392405063291,0.10778372597712964,544,0.16516306123891225,176,0.11121946214559271,299
1,2023-07-09,0.0871613663133097,0.11266453597680826,545,0.06176246231774787,177,0.12019954183214006,299
1,2023-07-16,0.1220930232558139,0.06896223527870342,546,0.07260155886796826,178,0.09397400444828947,299
1,2023-07-23,0.1342756183745583,0.08582773770835943,547,-0.0036134073012622043,179,0.0434217188889117,299
1,2023-07-30,0.1302774427020506,0.1044978945398705,548,0.06905063323227947,180,0.051695854559217484,299
1,2023-08-06,0.0761904761904762,0.11268135230402855,549,0.06053451739723317,181,0.10004237680785276,299
1,2023-08-13,0.1658878504672897,0.09649062362387881,550,0.10514923597756765,182,0.08606661807435333,299
1,2023-08-20,0.1063084112149532,0.11031686459254689,551,0.08587371531603775,183,0.11256801421220171,299
1,2023-08-27,0.12784588441331,0.10978895300281621,552,0.15049403342531667,184,0.15564480400873298,299
1,2023-09-03,0.1267605633802817,0.12186885396638994,553,0.14141156964894677,185,0.12635974149111898,299
1,2023-09-10,0.1365131578947368,0.09339114343104553,554,0.12316910048640226,186,0.15587685723810543,299
1,2023-09-17,0.0793237971391417,0.11934676275761906,555,0.17796102941126973,187,0.16915277311806237,299
1,2023-09-24,0.0995203836930455,0.1968584639203594,556,0.1503063531230084,188,0.16829265290488002,299
1,2023-10-01,0.1492178098676293,0.10900950362207001,557,0.22599836958993755,189,0.15117643935252426,299
1,2023-10-08,0.184757505773672,0.13604159941910554,558,0.23808902056881678,190,0.18907076528386696,299
1,2023-10-15,0.1993127147766323,0.20512796676456516,559,0.24466390938963298,191,0.20524870464176856,299
1,2023-10-22,0.2956852791878173,0.24632465144924456,560,0.12402311426999031,192,0.23022591914991578,299
1,2023-10-29,0.2806818181818182,0.34244454268255403,561,0.1876954600159039,193,0.2999365188121307,299
1,2023-11-05,0.3371924746743849,0.3473933417388705,562,0.28558505508390253,194,0.3172351505632517,299
1,2023-11-12,0.3013544018058691,0.3693990604401592,563,0.29505094010861993,195,0.3237831921892569,299
1,2023-11-19,0.4131668558456299,0.4328253253601115,564,0.3883506916134067,196,0.4001643742563538,299
1,2023-11-26,0.3599088838268792,0.4078922224424175,565,0.44045173756662165,197,0.39606899451220856,299
1,2023-12-03,0.3993095512082854,0.5422523383882861,566,0.6166414897641812,198,0.44316979117387884,299
1,2023-12-10,1.0823798627002288,0.5749121240737038,567,0.46275645975963786,199,0.47150986726035277,299
1,2023-12-17,0.7153748411689962,0.6912087555243644,568,0.6464334507954601,200,0.5886574945371214,299
1,2023-12-24,0.645320197044335,0.8222319823749948,569,1.0093288630235975,201,0.8692269429790407,300
1,2023-12-31,0.7168674698795181,0.6343177307536322,570,0.5977104064225021,202,0.6415226307599416,301
1,2024-01-07,0.5585443037974683,0.6932862267873429,571,0.8069280240841408,203,0.5885409336475179,302
1,2024-01-14,1.1465116279069767,0.7792197554603265,572,1.037879291690415,204,1.0279949949187848,303
1,2024-01-21,1.2939814814814814,0.9786497726235309,573,0.7482013344365046,205,0.7348467419784267,304
1,2024-01-28,1.8866348448687351,1.1122603258060482,574,0.7828320546830011,206,0.8298997145273789,305
1,2024-02-04,1.3858695652173914,0.9861783321219207,575,0.7043744189479071,207,0.7900325338738731,306
1,2024-02-11,1.1296518607442978,1.0034572608628025,576,0.9182645129976525,208,0.855084589151856,307
1,2024-02-18,1.9345794392523368,0.8199460937197222,577,1.0722936936251968,209,0.9262864923456903,307
1,2024-02-25,1.7001153402537486,1.171975199266285,578,1.6291118706889525,210,1.6305241312618255,307
1,2024-03-03,0.9817351598173516,1.4509081984954093,579,1.6897611507026695,211,1.67538682289767,307
1,2024-03-10,0.9149425287356322,1.2207184846291315,580,1.4829774883147613,212,1.5001950577336627,307
1,2024-03-17,0.8809801633605601,1.1549092908709373,581,1.2547512988584706,213,1.1414828750145367,307
1,2024-03-24,1.7904191616766467,1.2323075049569279,582,1.3109119999017376,214,1.2151920952315092,307
1,2024-03-31,1.022673031026253,1.2942081749675967,583,1.284714017699485,215,1.2982352067088996,307
1,2024-04-07,0.8323831242873432,1.0227272695094158,584,1.134865940569914,216,0.8812851306868119,307
1,2024-04-14,0.9022727272727272,0.813917133548722,585,1.0872338999929334,217,0.8292428689825543,307
1,2024-06-16,0.1837672281776416,0.2071996725301989,586,0.1665689565040021,218,0.24771721468210303,299
1,2024-06-23,0.0600490196078431,0.24410249443158774,587,0.22985507127586793,219,0.24187048482848233,299
1,2024-06-30,0.0353982300884955,0.08443806364245411,588,0.10392921469021237,220,0.11495763910897018,299
1,2024-07-07,0.0176470588235294,0.12079509850933372,589,0.054672475818931,221,0.08700478371937613,299
1,2024-07-14,0.0410958904109589,0.01885248166870476,590,0.024531716122347648,222,0.024842324535784752,299
1,2024-07-21,0.0470035252643948,0.006222859216109534,591,0.004342351793956577,223,0.006353401202008616,299
1,2024-07-28,0.0531914893617021,0.04957073889978563,592,0.0544743790826175,224,0.019658795358691823,299
1,2024-08-04,0.017220172201722,0.05398904126474775,593,0.01446943325753003,225,0.011217642846296415,299
1,2024-08-11,0.0209790209790209,0.04307590679116059,594,0.029524789281645075,226,0.02554533644959307,299
1,2024-08-18,0.017412935323383,0.027097605114111495,595,-0.018238845969973858,227,-0.00010586873697463373,299
1,2024-08-25,0.0270588235294117,0.03270894717605625,596,0.014058043053326506,228,0.022364533142119676,299
1,2024-09-01,0.0188679245283018,0.024902704300432284,597,0.011875928655712683,229,0.015584942017021751,299
1,2024-09-08,0.0129366106080207,0.009058999456352296,598,0.0017929966118269353,230,-0.01594297115807487,299
1,2024-09-15,0.0284237726098191,0.03227339653119801,599,0.05260818196820603,231,0.0335536578623445,299
1,2024-09-22,0.0368020304568527,0.03591705219398127,600,0.025491008825982202,232,0.026631610635690185,299
1,2024-09-29,0.0521885521885521,0.034414322210869396,601,0.045021528772840706,233,0.04824634291866083,299
1,2024-10-06,0.1119402985074626,0.095682778913909,602,0.1139134242696109,234,0.04640831576799132,299
1,2024-10-13,0.185006045949214,0.10595449137499709,603,0.008562403828794854,235,0.055371239251513,299
1,2024-10-20,0.1848225214198286,0.12458620281670411,604,0.17539632956407067,236,0.1542403923240018,299
1,2024-10-27,0.2203196347031963,0.24703969162747813,605,0.1932228284413922,237,0.1696717625774108,299
1,2024-11-03,0.1475972540045766,0.24069837296801036,606,0.23820514416136135,238,0.25490781667285595,299
1,2024-11-10,0.2465057179161372,0.26407579308681944,607,0.2541971885037242,239,0.20169925327167673,299
1,2024-11-17,0.3356481481481481,0.30384130296754247,608,0.2926669389751934,240,0.2862848280800307,299
1,2024-11-24,0.479064039408867,0.28954537931613566,609,0.34310397669121395,241,0.3068788450690674,299
1,2024-12-01,0.4168797953964194,0.4264128042050331,610,0.5076178973969839,242,0.4688208313940838,299
1,2024-12-08,0.4917647058823529,0.6007779384230456,611,0.8051904957760618,243,0.684626682893728,299
1,2024-12-15,0.525035765379113,0.4581400042923375,612,0.673502868330224,244,0.6513374500715854,299
1,2024-12-22,0.8408759124087591,0.7189445630652568,613,0.5648406536388995,245,0.6804884966854583,299
1,2024-12-29,0.891566265060241,0.8214332166883023,614,0.9183487776531374,246,0.8164264548358137,299
1,2025-01-05,0.95707656612529,0.8208877912056772,615,0.8379693585342913,247,0.9164263562237093,299
1,2025-01-12,0.9733178654292344,0.7986894396395398,616,1.061786146611737,248,0.9227493639962357,299
1,2025-01-19,0.9500594530321046,0.6231579973599836,617,1.0646776054129738,249,1.025750576200842,299
1,2025-01-26,1.0345224395857306,0.9735846917605875,618,0.9744297967550956,250,1.0898999696393452,299
1,2025-02-02,1.3726937269372694,1.0114390472603776,619,1.3356227182606693,251,1.2253962288677778,299
1,2025-02-09,0.6686320754716981,1.0571836479584076,620,1.175132032341102,252,1.1784292847109135,299
1,2025-02-16,0.9545983701979044,0.9514042730898203,621,1.0352967066655525,253,1.0976634558984344,299
1,2025-02-23,1.7041499330655958,1.0125756270835413,622,1.0825737976531824,254,1.3458687099590196,299
1,2025-03-02,1.0581527936145951,1.2808541800301667,623,1.4550894099740557,255,1.4059313287521857,299
1,2025-03-09,0.8752834467120182,1.1237021681741637,624,1.1013918678263426,256,1.0353419714406815,299
1,2025-03-16,1.132118451025057,0.9152551389164012,625,1.0058398885157638,257,1.0350908075915817,299
1,2025-03-23,1.6757679180887373,0.9167107713615413,626,0.8445100958152614,258,0.7760787839259331,299
1,2025-03-30,0.7241770715096482,1.337336192114309,627,1.314805472619894,259,1.225636707568276,299
1,2025-04-06,0.7186046511627907,1.1063190808068484,628,1.0721785707126563,260,1.0263175056904084,299
1,2025-04-13,1.1059907834101383,0.8287342972454493,629,0.9003191173056312,261,0.905947600951044,299
1,2025-04-20,0.9354094579008074,0.8036231936182926,630,1.312775879097504,262,1.1419022252620132,299
1,2025-04-27,1.020408163265306,0.8955234366364889,631,0.925880445804124,263,0.8736622421024964,299
1,2025-05-04,0.7815699658703071,0.6091963072082288,632,0.8182298827383004,264,0.6995034526794651,299
1,2025-05-11,0.6114285714285714,0.4632852780634876,633,0.46760491099494345,265,0.43189095888695345,299
1,2025-05-18,0.3174342105263157,0.587902889113989,634,0.34510305515448925,266,0.46524642786107173,299
1,2025-05-25,0.1626848691695108,0.39405057849071295,635,0.43490269772882256,267,0.4200038644600354,299
1,2025-06-01,0.1191294387170675,0.18670365466868824,636,0.27443809398303903,268,0.25389194147831917,299
1,2025-06-08,0.1189024390243902,0.11813757067482136,637,0.0866909650596911,269,0.0814838594991396,299
1,2025-06-15,0.0840046029919447,0.10849265157904098,638,0.10373670461785041,270,0.07235906923897964,299
1,2025-06-22,0.0196759259259259,0.09507085369294255,639,0.0669425446766971,271,0.03934185621678308,299
1,2025-06-29,0.0214932126696832,0.031081790151810753,640,0.03849451592681786,272,0.0376252104820848,299
1,2025-07-06,0.0073891625615763,0.0315257557957688,641,0.014476466926643403,273,0.01936743297386366,299
1,2025-07-13,0.0148911798396334,0.019639677985562775,642,0.03331918036827004,274,0.0347326186487954,299
1,2025-07-20,0.0034762456546929,0.010379192451566361,643,-0.009707431261858766,275,-0.005948651388134795,299
1,2025-07-27,0.0082159624413145,-0.0003670084041961274,644,0.008811293341887062,276,0.018022439168536252,299
1,2025-08-03,0.0022650056625141,0.0004118134539540183,645,0.0027466530393767483,277,-0.0017396251432748623,299
1,2025-08-10,0.0011778563015312,-0.0015466546110031725,646,0.005144529956483783,278,0.003302108177052767,299
1,2025-08-17,0.0011376564277588,0.0004093796723784177,647,0.01980166109919641,279,0.02446009275694175,299
1,2025-08-24,0.0121457489878542,0.006361313391171767,648,0.01640044422062918,280,-0.0014257229701301168,299
1,2025-08-31,0.0103806228373702,0.019104360157929965,649,0.01473496886767114,281,0.00029208849158526314,299
1,2025-09-07,0.0308924485125858,-0.0012610678180297724,650,-0.013479624833328888,282,-0.014152074854767369,299
1,2025-09-14,0.0559360730593607,0.007050058554882358,651,0.030465747504801955,283,0.018312036257864765,299
1,2025-09-21,0.0742049469964664,0.053389038629445815,652,0.03959080294503316,284,0.025534136499341175,299
1,2025-09-28,0.0766590389016018,0.08191516184366648,653,0.07570831735018825,285,0.0816249617055779,299
1,2025-10-05,0.1396140749148694,0.12854248839134086,654,0.09652159674998279,286,0.1286177457371659,299
1,2025-10-12,0.1590909090909091,0.13015673610445863,655,0.1377966879925407,287,0.1706156348397386,299
1,2025-10-19,0.2407407407407407,0.2084885136653508,656,0.13614613950002596,288,0.18307060507771106,299
1,2025-10-26,0.2063492063492063,0.24538118188457336,657,0.22862774839116023,289,0.21229247043706453,299
1,2025-11-02,0.1970387243735763,0.2532463906575761,658,0.2250109861472947,290,0.2567900379431155,299
1,2025-11-09,0.2355658198614318,0.2643362929387146,659,0.2096604561875283,291,0.2316090818886346,299
1,2025-11-16,0.2875,0.29781824155803577,660,0.26885877305519185,292,0.2988043535301113,299
1,2025-11-23,0.5368898978433598,0.36717189559585217,661,0.3200536201708817,293,0.3230630201310902,299
1,2025-11-30,0.573943661971831,0.420669446635322,662,0.3597773172286813,294,0.3829373452717441,299
1,2025-12-07,0.3965317919075145,0.5107019819465815,663,0.42125301260183845,295,0.4130086011046977,299
1,2025-12-14,0.4749034749034749,0.4776485410015035,664,0.5621238485249542,296,0.5281081580680739,299
1,2025-12-21,0.5383244206773619,0.6837720849151739,665,0.5905439698843803,297,0.5263070133839755,299
1,2025-12-28,1.0107398568019093,0.6165589265603969,666,0.6490517155710097,298,0.6422718480767333,299
1,2026-01-04,1.0732558139534885,1.1346361887044132,667,1.2198278495416828,299,1.2198278495416828,299
1,2026-01-11,0.9150174621653084,0.9354067749658695,668,1.030762889345551,300,1.0150724816271786,299
1,2026-01-18,0.9405594405594404,0.8080901720385456,669,0.9185523136666974,301,0.8912414727769912,299
1,2026-01-25,0.9028436018957346,0.9962331542002352,670,1.0979800041251926,302,1.0831686390379236,299
1,2026-02-01,1.2020833333333334,0.9797910109780311,671,1.1222786751034506,303,1.1292904503800847,299
1,2026-02-08,1.5106990014265336,1.007885627168582,672,1.0454135415662889,304,1.1571015748875566,299
1,2026-02-15,1.1012805587892898,1.267280090825451,673,1.0428231824622591,305,0.9661117673414117,299
1,2026-02-22,1.1695303550973657,1.3026496228642617,674,0.9059732726955386,306,1.0231655970835352,299
1,2026-03-01,1.172811059907834,1.1762414731305568,675,1.0448311107898454,307,1.043105906417869,299
1,2026-03-08,1.3393070489844685,1.4119450084851823,676,1.294353644342924,308,1.297654224302002,299
1,2026-03-15,0.9710648148148148,1.2216985588956217,677,1.189408486090361,309,1.1669415850549718,299
1,2026-03-22,1.066125290023202,0.9570611639025912,678,1.0303214026004361,310,1.0104362659396613,299
1,2026-03-29,1.3523375142531358,1.4203590678654257,679,1.359453748031164,311,1.3334717187254106,299
1,2026-04-05,0.8838268792710706,1.307050204842944,680,1.3006515152402744,312,1.2111503890815107,299
1,2026-04-12,1.1878531073446328,0.8716706397188584,681,1.1009411103580797,313,0.9595369388905046,299
1,2026-04-19,0.6948571428571428,1.2121685496378183,682,1.265582707323319,314,1.1618863050970811,299
1,2026-04-26,0.5843454790823212,0.744237520935107,683,1.130096073751536,315,1.0377875356846054,299
1,2026-05-03,0.5480649188514357,0.789894941737079,684,0.9384691743435752,316,0.9889025223694007,299
1,2026-05-10,0.3117913832199546,0.594948565296198,685,0.6442559272022684,317,0.6255610909410197,299
1,2026-05-17,0.1356898517673888,0.32868839861316107,686,0.696660208892451,318,0.6997003967547081,299
1,2026-05-24,0.1844215349369988,0.15173799172448377,687,0.09586521454804299,319,0.13584296881759056,299
1,2026-05-31,0.2017114914425428,0.10612966103691872,688,0.056756690314396764,320,0.07818623318110149,299
1,2026-06-07,0.0523321956769055,0.1153725581868778,689,0.1047553269016637,321,0.10875396022261838,299
1,2026-06-14,0.0344036697247706,0.10619793671736315,690,0.08698843014860648,322,0.10280102306177358,299
1,2026-06-21,0.0123595505617977,0.05484780085155812,691,0.020433957328280863,323,0.024639809946161564,299
1,2026-06-28,0.0,0.012595164546143263,692,0.008911076255797732,324,0.013121939817362894,299
1,2026-07-05,0.0090497737556561,0.019202488493589406,693,0.017714988400470262,325,0.013738051255806703,299
1,2026-07-12,0.0057251908396946,0.0083931791455528,694,0.01129379597044659,326,0.0146240938769459,299
1,2026-07-19,0.0155148095909732,0.00031070077904621807,695,0.0013934537959753438,327,-0.008723646552012068,299
1,2026-07-26,0.0157303370786516,0.012260708396274711,696,0.005498813110985967,328,0.04249927215793422,299
1,2026-08-02,0.0228136882129277,0.019838204994619583,697,0.00801207305351796,329,0.016435321402243068,299
4,2022-01-02,0.5411499436302142,0.8916058183423127,470,0.6430185180558927,104,0.7336948315569478,303
4,2022-01-09,0.934589800443459,0.9885106874816404,471,0.8030142772637275,105,0.7632694211362244,303
4,2022-01-16,0.8050660792951542,0.9958548881562239,472,0.932635654265192,106,1.0050462706664933,303
4,2022-01-23,0.752262443438914,0.9554174645137891,473,0.8894069812032837,107,1.012575390585073,303
4,2022-01-30,0.6822323462414579,1.0167684483900121,474,0.9815145064380753,108,1.327687412633823,303
4,2022-02-06,1.096244131455399,0.9159114998163953,475,0.8446611041402614,109,1.0404297613626103,303
4,2022-02-13,0.963677639046538,0.9727950827831625,476,0.7196957228944417,110,0.9601236935088171,303
4,2022-02-20,1.256902761104442,0.6831652660021311,477,0.9109303306321626,111,0.6127450501117918,303
4,2022-02-27,1.339002267573696,0.6820096107520729,478,0.9101826946446763,112,0.7620063055002002,303
4,2022-03-06,1.0311778290993072,0.8705047673934658,479,0.9626330919856569,113,0.9375038259574086,303
4,2022-03-13,0.7681365576102418,0.9667945686088042,480,1.0263374464816801,114,1.0444154406871018,303
4,2022-03-20,0.994904458598726,1.2984221923806105,481,1.0384297933893096,115,1.121329073094319,303
4,2022-03-27,1.0435897435897437,0.8772188858007399,482,0.4712896579790462,116,0.7613662523577823,303
4,2022-04-03,0.4819277108433735,0.47209663044344824,483,0.17450486646977167,117,0.36340320730651166,303
4,2022-04-10,0.8200692041522492,0.39260585151128846,484,0.22346340197209372,118,0.3484927492788409,303
4,2022-04-17,0.288837744533947,0.4492981574134024,485,0.3825606018587634,119,0.27911518076069114,303
4,2022-04-24,0.2637485970819304,0.2540049472115924,486,0.09527260524747115,120,0.17100429288354138,303
4,2022-05-01,0.1407982261640798,0.38173867865157995,487,0.35824688057945386,121,0.22075415177722843,303
4,2022-05-08,0.0991189427312775,0.10901413282570961,488,0.1602749003456786,122,0.19553462764893118,303
4,2022-05-15,0.0449308755760368,0.16379481882957164,489,0.07430045970785046,123,0.10471925622411818,303
4,2022-05-22,0.0233333333333333,0.04419283607594274,490,0.03788512312214819,124,0.12137950477112014,303
4,2022-05-29,0.0121951219512195,0.04836224100184675,491,0.00588009200668025,125,-0.04053094794156295,303
4,2022-06-05,0.0144124168514412,0.0023188682447509157,492,0.03760189404624858,126,0.0028830964410849237,303
4,2022-06-12,0.0066225165562913,0.01826414349576549,493,-0.012584118954985369,127,0.03540523469766303,303
4,2022-06-19,0.0149253731343283,0.031534844146529024,494,-0.0007411515849316034,128,0.005117955865520054,303
4,2022-06-26,0.0273224043715847,0.025662242556836162,495,-0.005658328858846398,129,0.009818237628606287,303
4,2022-07-03,0.0,0.010188573040024804,496,-0.0017090199828879136,130,0.00018453349357821223,303
4,2022-07-10,0.0,0.006883201754127863,497,-0.012951160536747316,131,0.007278901894373817,303
4,2022-07-17,0.0,0.027350024775059947,498,0.033780667228934746,132,-0.0089797413962784,303
4,2022-07-31,0.0662983425414364,0.06917864356619816,499,0.02263609408037587,133,0.032347648112387044,302
4,2022-08-07,0.0481927710843373,0.03852374812433427,500,0.01909779526878078,134,0.020724170750405245,302
4,2022-08-14,0.0402298850574712,0.03979514512349846,501,0.00524166899882872,135,0.008380732528321435,302
4,2022-09-25,0.0493273542600896,0.07991340870627035,502,0.04613841631228771,136,0.05199968905412659,297
4,2022-10-02,0.0718358038768529,0.10638954833921431,503,0.014442291595285161,137,0.06558210584667389,297
4,2022-10-09,0.0432852386237513,0.07800622938572166,504,0.04139087229460928,138,0.07781148538826348,297
4,2022-10-16,0.0686936936936937,0.05892052642006832,505,0.04756346873059367,139,0.03182983741719472,297
4,2022-10-23,0.1097285067873303,0.08319834998346382,506,0.18168754344819904,140,0.05157065302839329,297
4,2022-10-30,0.1452894438138479,0.1302909643160241,507,0.2886607873073367,141,0.16210759573921033,297
4,2022-11-06,0.1428571428571428,0.18008645448837451,508,0.24334110924473493,142,0.14859479522136954,297
4,2022-11-13,0.1698754246885617,0.15450511674395,509,0.21643148260366177,143,0.14073243097021915,297
4,2022-11-20,0.1430429128738621,0.3193724614050168,510,0.3539447436466228,144,0.32592995056942414,297
4,2022-11-27,0.3367198838896952,0.4802641239533722,511,0.41306565995211164,145,0.37751392839810427,297
4,2022-12-04,0.4138398914518317,0.4243171578784772,512,0.3848763997490554,146,0.2725407238294741,297
4,2022-12-11,0.7045720984759671,0.36745315324545513,513,0.2569074827409199,147,0.4592368728392241,297
4,2022-12-18,0.5067873303167421,0.3209446165267228,514,0.5030338473818512,148,0.3786765211892858,297
4,2022-12-25,0.4779161947904869,0.25451011188675726,515,0.42234044500547785,149,0.2683127514269625,297
4,2023-01-01,0.3923566878980892,0.5296540968076524,516,0.445931445411359,150,0.34264709977866153,297
4,2023-01-08,1.227633069082673,0.5350491200004232,517,0.6882551709599576,151,0.5697908778278766,297
4,2023-01-15,1.0124293785310734,0.5292305500449145,518,0.64268164825367,152,0.7211950471982603,297
4,2023-01-22,0.5510455104551045,0.6958437450555526,519,0.7589036293549664,153,0.8055890411906254,297
4,2023-01-29,0.5106145251396648,0.8200060588656217,520,0.7881819126178308,154,0.7368137678936237,297
4,2023-02-05,0.5861678004535147,0.9224538715294183,521,1.0108889622819985,155,0.8999208671509581,297
4,2023-02-12,2.1798882681564247,0.5592903518695843,522,0.7776447494442021,156,0.785230087325204,297
4,2023-02-19,1.7882219705549265,0.9210378187111643,523,1.0358923520497834,157,1.0296805857158138,297
4,2023-02-26,1.0079455164585698,0.9052939316741726,524,0.8578807863320405,158,0.9895214183338376,297
4,2023-03-05,0.764294049008168,0.9776122258584296,525,0.614140951339536,159,0.6663164042151661,297
4,2023-03-12,1.0101925254813138,0.8511454541459462,526,0.7082647889769365,160,0.8050391906390929,297
4,2023-03-19,1.6522727272727271,1.0209447082061731,527,0.8322630450204637,161,0.8225475046763264,297
4,2023-03-26,1.245475113122172,1.1141551969124368,528,1.090327425135639,162,1.1235175199906475,297
4,2023-04-02,1.00187617260788,0.6646462067298718,529,0.7267260328690465,163,0.9746958251752206,297
4,2023-04-09,0.6723356009070295,0.7970392214281304,530,0.8360457451916019,164,0.847499567114431,297
4,2023-04-16,0.6636670416197975,0.5495869604050241,531,0.5514192110021762,165,0.5647497336967289,297
4,2023-04-23,1.1309794988610478,0.3319639741505178,532,0.5025733740301541,166,0.37475146305143714,297
4,2023-04-30,1.1901489117983963,0.2826985670942711,533,0.4664093178029618,167,0.414308342775633,297
4,2023-05-07,0.8933177022274326,0.7379991290253513,534,0.6340885243699323,168,0.532186428882828,297
4,2023-05-14,0.6301587301587301,0.24321919401219058,535,0.3537739452573191,169,0.26584737800734387,297
4,2023-05-21,0.2079905992949471,0.16908148142139584,536,0.173722605660724,170,0.04493464887727181,297
4,2023-05-28,0.3066361556064073,0.15238002887450922,537,0.326023183161625,171,0.1968182152968546,297
4,2023-06-04,0.2064896755162241,0.32672191620698526,538,0.29243688166675513,172,0.19024125007873174,297
4,2023-06-11,0.1661392405063291,0.24997997607257913,539,-0.051533950438196426,173,-0.06839650670634566,297
4,2023-06-18,0.0871613663133097,0.1582422957503232,540,0.12777465123969095,174,0.13802007522693316,297
4,2023-06-25,0.1220930232558139,-0.0006634463329800557,541,0.14562875456200716,175,0.10766255964271194,297
4,2023-07-02,0.1342756183745583,0.03724655348815888,542,0.10493465091181567,176,0.15630729875111615,297
4,2023-07-09,0.1302774427020506,0.05804901526408561,543,0.08231620210688774,177,0.0077790467395250544,297
4,2023-07-16,0.0761904761904762,0.05238814331171347,544,0.12414346407589498,178,0.05765473829571871,297
4,2023-07-23,0.1658878504672897,0.02420205022970493,545,0.09356938843018031,179,0.040445126699814656,297
4,2023-07-30,0.1063084112149532,0.06431224873512223,546,0.0659416842278728,180,0.08855092198563796,297
4,2023-08-06,0.12784588441331,0.12376362254563207,547,0.08700375774159197,181,0.09674657601285588,297
4,2023-08-13,0.1267605633802817,0.08796081844760309,548,0.13041596710420814,182,0.1343914028613908,297
4,2023-08-20,0.1365131578947368,0.12696616938501076,549,0.11260017388127196,183,0.08128780053648399,297
4,2023-08-27,0.0793237971391417,0.08178279381194167,550,0.18745479401806087,184,0.11289242038742119,297
4,2023-09-03,0.0995203836930455,0.09897758506587934,551,0.18209526595961306,185,0.11879333979291136,297
4,2023-09-10,0.1492178098676293,0.16396402736333626,552,0.1733409300464072,186,0.19729309511327142,297
4,2023-09-17,0.184757505773672,0.15424512328867068,553,0.1954788544264289,187,0.191141747959219,297
4,2023-09-24,0.1993127147766323,0.32857443107416523,554,0.3296127242338122,188,0.3001284615579195,297
4,2023-10-01,0.2956852791878173,0.33911928388840706,555,0.2450855552433953,189,0.21873088694007142,297
4,2023-10-08,0.2806818181818182,0.164454751431423,556,0.19334957091902727,190,0.19552263740258752,297
4,2023-10-15,0.3371924746743849,0.21507284441439908,557,0.3507727320879413,191,0.21750258643566117,297
4,2023-10-22,0.3013544018058691,0.34625472788895045,558,0.2824554499192755,192,0.27622128501151144,297
4,2023-10-29,0.4131668558456299,0.311552041095171,559,0.32467150318624044,193,0.2386288972678122,297
4,2023-11-05,0.3599088838268792,0.4262367642223114,560,0.47391768551138236,194,0.36195657094439415,297
4,2023-11-12,0.3993095512082854,0.6158576463585123,561,0.45417353111384734,195,0.35294292283909773,297
4,2023-11-19,1.0823798627002288,0.7312985976492742,562,0.5477518529588064,196,0.4025880234439358,297
4,2023-11-26,0.7153748411689962,0.6309387465674265,563,0.652361022180847,197,0.593350617087217,297
4,2023-12-03,0.645320197044335,0.9538431738787583,564,0.7211939308731277,198,0.6214461761803183,298
4,2023-12-10,0.7168674698795181,0.8557458192810585,565,0.7995738000802868,199,0.7223210344173225,299
4,2023-12-17,0.5585443037974683,0.7214051842323833,566,0.7360865367054542,200,0.4306959834947386,300
4,2023-12-24,1.1465116279069767,0.8789168159515689,567,1.0126100235919613,201,0.7878552735213962,300
4,2023-12-31,1.2939814814814814,0.819136806134746,568,0.7290387418626167,202,0.8270096963950487,301
4,2024-01-07,1.8866348448687351,0.9817373638391237,569,0.9783257117949812,203,0.9604422900533102,302
4,2024-01-14,1.3858695652173914,1.2488002484793002,570,0.6699287541086967,204,0.6624508741559291,303
4,2024-01-21,1.1296518607442978,1.0577983887506843,571,1.147622671043942,205,0.9939773181429494,304
4,2024-01-28,1.9345794392523368,0.9493775846448357,572,1.28908143180487,206,1.304011235050821,305
4,2024-02-04,1.7001153402537486,1.1406847201599393,573,1.1416478538659325,207,1.1208262575078987,306
4,2024-02-11,0.9817351598173516,1.1558828870043376,574,0.9234274274955052,208,0.9400606685319921,307
4,2024-02-18,0.9149425287356322,1.0539080742834426,575,0.9158000125832355,209,0.8795984317970136,307
4,2024-02-25,0.8809801633605601,0.9815564751553408,576,1.3168887483006098,210,1.3643961341467434,307
4,2024-03-03,1.7904191616766467,1.2351595362430132,577,1.4281458231102115,211,1.3108488805646448,307
4,2024-03-10,1.022673031026253,1.226809194565364,578,1.1862006337059168,212,1.3167500497444078,307
4,2024-03-17,0.8323831242873432,1.0548976193759116,579,1.2306684307287419,213,1.2659168881065654,307
4,2024-03-24,0.9022727272727272,1.2454032515003486,580,1.2330536228829332,214,1.1168135124793757,307
4,2024-04-21,0.0,0.6532666091593815,581,0.5226754423546364,215,0.35657632742827566,304
4,2024-06-16,0.0176470588235294,0.09531215565216761,582,0.07284961367424667,216,0.06799067862540088,297
4,2024-06-23,0.0410958904109589,0.1641551687719674,583,0.1185842533265118,217,0.1113168549690648,297
4,2024-06-30,0.0470035252643948,0.1108277878387312,584,0.13357401139539166,218,0.15111763826677868,297
4,2024-07-07,0.0531914893617021,0.08191971631524952,585,0.18163237584607667,219,0.09549186918323327,297
4,2024-07-14,0.017220172201722,0.0688170125085829,586,0.0879196103765662,220,0.05409304431402276,297
4,2024-07-21,0.0209790209790209,0.05297418735422528,587,0.03073781399152345,221,-0.001418755977048687,297
4,2024-07-28,0.017412935323383,0.1024462647127063,588,0.02782205788310721,222,0.012873662501614005,297
4,2024-08-04,0.0270588235294117,0.12737451457288418,589,-0.01282013502431034,223,0.026457842398104427,297
4,2024-08-11,0.0188679245283018,0.12243069297768651,590,0.00827166009035634,224,0.02095475341452082,297
4,2024-08-18,0.0129366106080207,0.04497113884706645,591,-0.028012335835764606,225,0.004770451608735286,297
4,2024-08-25,0.0284237726098191,0.06564351165942175,592,0.006647210863603472,226,0.01913750244100042,297
4,2024-09-01,0.0368020304568527,0.030351663282867383,593,-0.033331823857800154,227,-0.00428641842481052,297
4,2024-09-08,0.0521885521885521,0.029657054901139724,594,0.038980303921343315,228,0.02602688762194508,297
4,2024-09-15,0.1119402985074626,0.09170693998936348,595,0.0556047246857443,229,0.012235956043446792,297
4,2024-09-22,0.185006045949214,0.09229703277642408,596,0.12936128529402452,230,0.07269983915327478,297
4,2024-09-29,0.1848225214198286,0.18303974782999993,597,0.18127244405575205,231,0.11359146751563558,297
4,2024-10-06,0.2203196347031963,0.166207763236344,598,0.2739838937544939,232,0.18191032777855495,297
4,2024-10-13,0.1475972540045766,0.24152978457723973,599,0.1414620896914247,233,0.17539729178647595,297
4,2024-10-20,0.2465057179161372,0.30211379648531905,600,0.129725220951232,234,0.14278322587862052,297
4,2024-10-27,0.3356481481481481,0.38828167553990106,601,0.22003112802267177,235,0.16339240798486143,297
4,2024-11-03,0.479064039408867,0.3818569007091176,602,0.3132041131795831,236,0.27566822984023526,297
4,2024-11-10,0.4168797953964194,0.4776638243074879,603,0.40443601335822293,237,0.43321443738124665,297
4,2024-11-17,0.4917647058823529,0.4068254262092346,604,0.5759148513626362,238,0.3974269688443947,297
4,2024-11-24,0.525035765379113,0.3689805008025547,605,0.5704128167486553,239,0.4555591202236105,297
4,2024-12-01,0.8408759124087591,0.5665717747196989,606,0.5492966563746808,240,0.5721835949644273,297
4,2024-12-08,0.891566265060241,0.8140541971913433,607,0.8581195328098805,241,0.8770775573372785,297
4,2024-12-15,0.95707656612529,0.857008674081292,608,0.7519602996225203,242,0.6856612078421287,297
4,2024-12-22,0.9733178654292344,1.014780377144087,609,1.0274391199862785,243,0.9793831291334045,297
4,2024-12-29,0.9500594530321046,0.9376113776504755,610,1.0241248822712308,244,0.9715730495788663,297
4,2025-01-05,1.0345224395857306,0.9461040228036436,611,1.0872743212975067,245,0.9559074436413871,297
4,2025-01-12,1.3726937269372694,0.750146821000197,612,1.0267869815965676,246,1.0453903869664025,297
4,2025-01-19,0.6686320754716981,1.0307152001541795,613,1.121752824091494,247,1.1642732514364549,297
4,2025-01-26,0.9545983701979044,0.9347279826237004,614,1.1484641246899048,248,1.0584094996113045,297
4,2025-02-02,1.7041499330655958,1.2008124912758529,615,1.10867306029459,249,1.033375157150097,297
4,2025-02-09,1.0581527936145951,1.3636104763657582,616,1.4255534583128664,250,1.4127871662284048,297
4,2025-02-16,0.8752834467120182,1.5988088538534426,617,1.509877696483359,251,1.4859084372624451,297
4,2025-02-23,1.132118451025057,1.0092534028672175,618,1.035711672805178,252,1.1817547171135756,297
4,2025-03-02,1.6757679180887373,1.1856367103261527,619,1.0260794543346468,253,1.0275067278098062,297
4,2025-03-09,0.7241770715096482,1.1750438508989705,620,1.369278208776179,254,1.3634124736433153,297
4,2025-03-16,0.7186046511627907,0.9887879533408915,621,1.0655116562089226,255,0.9373478435679351,297
4,2025-03-23,1.1059907834101383,0.9879982871746599,622,0.6814696664975904,256,0.6788237026650331,297
4,2025-03-30,0.9354094579008074,0.9690553657007058,623,0.7635804897603107,257,0.794247984707582,297
4,2025-04-06,1.020408163265306,0.6342676816138432,624,0.9982828980263954,258,1.0040275963887388,297
4,2025-04-13,0.7815699658703071,0.5206172212504582,625,0.46509633099317366,259,0.3963577012509213,297
4,2025-04-20,0.6114285714285714,0.4212981064468884,626,0.5019744394194362,260,0.5627269809557927,297
4,2025-04-27,0.3174342105263157,0.40545472025217305,627,0.46879577712815607,261,0.4974631764177019,297
4,2025-05-04,0.1626848691695108,0.11776979479348393,628,-0.012933202332540333,262,-0.04140862353941687,297
4,2025-05-11,0.1191294387170675,0.26390915256308894,629,0.2939296203801414,263,0.1853813673596923,297
4,2025-05-18,0.1189024390243902,0.3915621955796279,630,0.3831320238929041,264,0.3073120236884996,297
4,2025-05-25,0.0840046029919447,0.25793614798189507,631,0.2745003151777383,265,0.22327103718993654,297
4,2025-06-01,0.0196759259259259,0.09011476446570552,632,0.03553588682962126,266,0.07195829903103551,297
4,2025-06-08,0.0214932126696832,0.037240541780049215,633,0.032113141138960355,267,-0.0078281872311116,297
4,2025-06-15,0.0073891625615763,0.017117133097630174,634,0.021104071982668733,268,0.03252909587516298,297
4,2025-06-22,0.0148911798396334,0.05353072787943885,635,0.041396363584313874,269,0.008726669823136841,297
4,2025-06-29,0.0034762456546929,0.038259530758971906,636,0.023662286006778974,270,0.02302776721326279,297
4,2025-07-06,0.0082159624413145,0.027099928882115914,637,0.012677496850634067,271,0.007946300138951938,297
4,2025-07-13,0.0022650056625141,0.004285195891475161,638,-0.011179748907199303,272,-0.000649239636604576,297
4,2025-07-20,0.0011778563015312,-0.002788427405548912,639,0.0014527176097990997,273,-0.0025756355366164923,297
4,2025-07-27,0.0011376564277588,0.013448058139822168,640,0.019443996393075504,274,0.01681983371352044,297
4,2025-08-03,0.0121457489878542,0.01799860159947536,641,0.02778359385650399,275,0.02550622466845468,297
4,2025-08-10,0.0103806228373702,0.0072248794580869816,642,0.02114903702690084,276,0.025201222602220463,297
4,2025-08-17,0.0308924485125858,0.006762373194822366,643,0.017557796777451007,277,0.02006107292581971,297
4,2025-08-24,0.0559360730593607,-0.021572921195346876,644,0.010514223719909557,278,0.004004105734166154,297
4,2025-08-31,0.0742049469964664,0.009216731287978931,645,0.004044901677766526,279,0.015103649922079992,297
4,2025-09-07,0.0766590389016018,0.01920127350911827,646,0.05278589183808868,280,0.04047302898553268,297
4,2025-09-14,0.1396140749148694,0.030414498602564514,647,0.07097707361520696,281,0.04811570653241958,297
4,2025-09-21,0.1590909090909091,0.0875710235618073,648,0.07942263342205223,282,0.07833035438911692,297
4,2025-09-28,0.2407407407407407,0.11238805537406349,649,0.14859296527973337,283,0.1595687327100705,297
4,2025-10-05,0.2063492063492063,0.17701957640760602,650,0.14172982435926007,284,0.13851842566946823,297
4,2025-10-12,0.1970387243735763,0.2882973243390132,651,0.18906840623267263,285,0.19273607223138806,297
4,2025-10-19,0.2355658198614318,0.35366008171501945,652,0.20384628469087096,286,0.22384175337284973,297
4,2025-10-26,0.2875,0.3994307214206143,653,0.22842054554154761,287,0.22131756793625204,297
4,2025-11-02,0.5368898978433598,0.20654092609708566,654,0.28348374662559045,288,0.3221756284151093,297
4,2025-11-09,0.573943661971831,0.3159355731958505,655,0.36313344737318076,289,0.41154285293607334,297
4,2025-11-16,0.3965317919075145,0.4285287494832975,656,0.4312378129922862,290,0.4270422186660322,297
4,2025-11-23,0.4749034749034749,0.4718791192023316,657,0.44358048963329877,291,0.4656919109005631,297
4,2025-11-30,0.5383244206773619,0.6119586257262029,658,0.5418980847960555,292,0.5561075235273896,297
4,2025-12-07,1.0107398568019093,0.8483295318709748,659,0.6107011867546083,293,0.6000014212110178,297
4,2025-12-14,1.0732558139534885,1.0741709877876577,660,0.8817572370548711,294,0.9128627018001605,297
4,2025-12-21,0.9150174621653084,0.838290336548211,661,0.7341549350735957,295,0.8214858472541879,297
4,2025-12-28,0.9405594405594404,0.8793565998182143,662,1.0546203921613166,296,1.0597414486298666,297
4,2026-01-04,0.9028436018957346,0.9044313171778282,663,1.0426715877465984,297,1.0426715877465984,297
4,2026-01-11,1.2020833333333334,1.2962244638567886,664,1.4548771131656226,298,1.445733650474414,297
4,2026-01-18,1.5106990014265336,1.0219717421641483,665,0.8508146349446053,299,0.8184343841807064,297
4,2026-01-25,1.1012805587892898,0.8376320755177548,666,0.8891277176106175,300,0.8097789966625866,297
4,2026-02-01,1.1695303550973657,1.0110306353055494,667,1.0964936734585626,301,0.9950341241097151,297
4,2026-02-08,1.172811059907834,1.0536403916837567,668,1.1884733808040226,302,1.0681067714254575,297
4,2026-02-15,1.3393070489844685,1.4328355190899753,669,1.5805599508027985,303,1.538544722297531,297
4,2026-02-22,0.9710648148148148,1.5683378004740842,670,1.3757625759734184,304,1.4268765256894032,297
4,2026-03-01,1.066125290023202,1.4405962222743778,671,1.382354962855383,305,1.4442127166976617,297
4,2026-03-08,1.3523375142531358,1.4851151187281078,672,1.4907363273908516,306,1.3292067106714684,297
4,2026-03-15,0.8838268792710706,1.339062819884296,673,1.0593025672368022,307,1.1278652053524267,297
4,2026-03-22,1.1878531073446328,0.8520301663816995,674,1.1273577118480045,308,1.117653859215419,297
4,2026-03-29,0.6948571428571428,0.8783266147003553,675,1.0766956109211767,309,1.1257007372324672,297
4,2026-04-05,0.5843454790823212,1.0347017837894767,676,1.230922732320964,310,1.1457464742585284,297
4,2026-04-12,0.5480649188514357,0.7399785151090438,677,1.0332976176092175,311,1.1131138900586781,297
4,2026-04-19,0.3117913832199546,0.5903995111554454,678,0.638062731658198,312,0.7264715528933594,297
4,2026-04-26,0.1356898517673888,0.7066731912352007,679,0.8868241968324385,313,0.8644664362317114,297
4,2026-05-03,0.1844215349369988,0.3825223800183976,680,0.53178512261373,314,0.5385167105392854,297
4,2026-05-10,0.2017114914425428,0.2754741425829408,681,0.3253581701855441,315,0.3141059137795476,297
4,2026-05-17,0.0523321956769055,0.07282050377767692,682,0.1506164621849085,316,0.2196370308874699,297
4,2026-05-24,0.0344036697247706,0.018732099807396225,683,0.06300242687380811,317,0.12204473067289316,297
4,2026-05-31,0.0123595505617977,0.039350109496794024,684,0.031051724226155063,318,0.04296330898251047,297
4,2026-06-07,0.0,0.02863328729514426,685,0.029125335771280708,319,0.0383178800233387,297
4,2026-06-14,0.0090497737556561,0.03342178908322155,686,0.039882850383398574,320,0.05312487622336213,297
4,2026-06-21,0.0057251908396946,0.016257479503735964,687,-0.0012266974100929875,321,0.006133680451834538,297
4,2026-06-28,0.0155148095909732,0.0010721515815370708,688,-0.0053278888300012555,322,-0.01593531414429342,297
4,2026-07-05,0.0157303370786516,-0.0018978960122481773,689,-0.0073914695064524775,323,-0.01789023808114666,297
4,2026-07-12,0.0228136882129277,-0.009623985744510236,690,-0.011153710931560628,324,0.0003612300040820554,297
8,2022-01-02,0.6822323462414579,0.8921829721148622,470,0.6656533956814787,104,0.9460199765758838,303
8,2022-01-09,1.096244131455399,0.8605395758424103,471,0.6718907853208201,105,0.9441795367001266,303
8,2022-01-16,0.963677639046538,0.8733903118036593,472,0.6985270646010042,106,1.0388430385301464,303
8,2022-01-23,1.256902761104442,0.8618008001028545,473,0.7860795936494106,107,1.021604538655686,303
8,2022-01-30,1.339002267573696,0.7961118403691958,474,0.8296232737192434,108,0.957548244445613,303
8,2022-02-06,1.0311778290993072,0.9404041424849601,475,1.124676030522705,109,0.9618644189395856,303
8,2022-02-13,0.7681365576102418,0.8783930506706366,476,0.9629819780655046,110,1.146728931787775,303
8,2022-02-20,0.994904458598726,0.7858245984598485,477,0.7996647090749994,111,1.0016005451760386,303
8,2022-02-27,1.0435897435897437,0.8307397211928899,478,0.8197147394614035,112,0.9249411802539669,303
8,2022-03-06,0.4819277108433735,0.507603421688125,479,0.6639281318548081,113,0.407163428358222,303
8,2022-03-13,0.8200692041522492,0.3529075038238829,480,0.6527573842311297,114,0.36928805365440226,303
8,2022-03-20,0.288837744533947,0.508279632600456,481,0.4261839374493232,115,0.3610028403891815,303
8,2022-03-27,0.2637485970819304,0.3445745466811325,482,0.29619287552128454,116,0.45575287307718854,303
8,2022-04-03,0.1407982261640798,0.09574800243909552,483,0.2628250718938637,117,0.1606713680734782,303
8,2022-04-10,0.0991189427312775,0.12784723911839627,484,0.2094106021833216,118,0.21785144071711646,303
8,2022-04-17,0.0449308755760368,0.07385410498356039,485,0.09056125887756004,119,0.11498458119360619,303
8,2022-04-24,0.0233333333333333,0.018089374951555277,486,0.09240561788910216,120,0.07524411739084058,303
8,2022-05-01,0.0121951219512195,0.029293480064178954,487,0.11696829143802377,121,0.08997392942110004,303
8,2022-05-08,0.0144124168514412,0.011487923048179475,488,0.03575542897033741,122,0.03468305144382446,303
8,2022-05-15,0.0066225165562913,0.03861947429395498,489,0.1020702218954885,123,0.07166647029731794,303
8,2022-05-22,0.0149253731343283,0.01847249053284335,490,0.0033793134534064392,124,-0.001525425296824119,303
8,2022-05-29,0.0273224043715847,0.04142634864704088,491,-0.011023642332729275,125,0.01966812335784555,303
8,2022-06-05,0.0,0.02328272645372357,492,0.0032857929266514123,126,0.00942885078720741,303
8,2022-06-12,0.0,0.0365715166826288,493,0.05806302751715412,127,0.02286206077064081,303
8,2022-06-19,0.0,0.014778712076664426,494,0.010538005416175658,128,-0.005710450539674526,303
8,2022-07-03,0.0662983425414364,0.0015253735642224893,495,-0.006886978295271945,129,-0.006863325742049426,302
8,2022-07-10,0.0481927710843373,0.025693095633925304,496,-0.015691626350139442,130,0.0348585763934355,302
8,2022-07-17,0.0402298850574712,0.03716903021780014,497,0.005561148508821683,131,0.009722853459027262,302
8,2022-07-24,0.0263473053892215,0.01481662316367468,498,0.0035354316558302615,132,0.0383436308409741,302
8,2022-07-31,0.0250569476082004,0.047939307068097924,499,-0.017604846156040462,133,0.01082491476970018,302
8,2022-08-07,0.0156075808249721,-0.005229510080440702,500,-0.027473098074434075,134,-0.032826275350321094,302
8,2022-08-14,0.0194508009153318,0.0394860166026358,501,0.021584687034583678,135,0.009302868683723894,302
8,2022-09-25,0.1097285067873303,0.28082323964314004,502,0.17710064430060365,136,0.2350847374440633,297
8,2022-10-02,0.1452894438138479,0.35218889542915083,503,0.13715796037669614,137,0.18120734847510386,297
8,2022-10-09,0.1428571428571428,0.26630002120181867,504,0.18933955210897127,138,0.21018057191307246,297
8,2022-10-16,0.1698754246885617,0.3282302972640038,505,0.2837286790766819,139,0.26464426482532083,297
8,2022-10-23,0.1430429128738621,0.28422074813626486,506,0.2974461355843981,140,0.25134188330174506,297
8,2022-10-30,0.3367198838896952,0.35549587044647196,507,0.398409862067701,141,0.36471838014858793,297
8,2022-11-06,0.4138398914518317,0.38181287345162895,508,0.43763747178465323,142,0.34135406502469945,297
8,2022-11-13,0.7045720984759671,0.33325051989602783,509,0.4311686515345149,143,0.23978408847307733,297
8,2022-11-20,0.5067873303167421,0.4669042343195624,510,0.5017357478547525,144,0.31301632451968225,297
8,2022-11-27,0.4779161947904869,0.7251820724438706,511,0.5061933854825229,145,0.48979128939636857,297
8,2022-12-04,0.3923566878980892,0.5433558698024344,512,0.7041752980608261,146,0.4777335192132503,297
8,2022-12-11,1.227633069082673,0.4745128195863746,513,0.5660381058524868,147,0.37091990211321646,297
8,2022-12-18,1.0124293785310734,0.5223287127015593,514,0.6243574060554304,148,0.5103801212936868,297
8,2022-12-25,0.5510455104551045,0.4057578187823234,515,0.6529685069302734,149,0.3639337995464128,297
8,2023-01-01,0.5106145251396648,0.456677431362502,516,0.4888880764595189,150,0.4623124954204474,297
8,2023-01-08,0.5861678004535147,0.5905836075422306,517,0.5770380951024833,151,0.6019075612255264,297
8,2023-01-15,2.1798882681564247,0.828388509016296,518,0.8645749436757855,152,0.8926325642568689,297
8,2023-01-22,1.7882219705549265,0.9531446115916256,519,0.96279573991903,153,0.8109083720222313,297
8,2023-01-29,1.0079455164585698,1.0309630439854585,520,0.945665199991717,154,1.1334714971237647,297
8,2023-02-05,0.764294049008168,0.6972880201518943,521,0.8587998819973868,155,0.7874217409589926,297
8,2023-02-12,1.0101925254813138,0.9650407388438031,522,1.1122073109911423,156,1.1099328412344411,297
8,2023-02-19,1.6522727272727271,0.9283743716116079,523,0.9764808226030733,157,0.8935224477197867,297
8,2023-02-26,1.245475113122172,0.7895329675677131,524,0.9019941891078244,158,0.9105451426893442,297
8,2023-03-05,1.00187617260788,0.3721134861863831,525,0.4486662935573586,159,0.5300030460243376,297
8,2023-03-12,0.6723356009070295,0.40559906099962956,526,0.5847796770596474,160,0.5894946097038861,297
8,2023-03-19,0.6636670416197975,0.4943304203136832,527,0.48046882330025975,161,0.3446287545219647,297
8,2023-03-26,1.1309794988610478,0.6001234507564563,528,0.37455199272687756,162,0.4472651090710309,297
8,2023-04-02,1.1901489117983963,0.35681937547114617,529,0.14803728980377742,163,0.282473968835901,297
8,2023-04-09,0.8933177022274326,0.2917734622504917,530,0.08893958757658472,164,0.19886664501195883,297
8,2023-04-16,0.6301587301587301,0.1547188009902806,531,0.1393567613415595,165,0.08926314842981437,297
8,2023-04-23,0.2079905992949471,0.12601503942589273,532,0.06003272251506427,166,0.04615454323935008,297
8,2023-04-30,0.3066361556064073,0.09156187043703312,533,0.05374531797615473,167,0.05119618131843381,297
8,2023-05-07,0.2064896755162241,0.15626100723212866,534,0.12497222579137413,168,0.1467365352378474,297
8,2023-05-14,0.1661392405063291,-0.0064311192940756995,535,-0.016277500684327085,169,-0.0865968531600678,297
8,2023-05-21,0.0871613663133097,0.04556762179242062,536,-0.01143450945020069,170,-0.0143192274813106,297
8,2023-05-28,0.1220930232558139,0.04409295928875032,537,0.03995486907587274,171,-0.000882252795454072,297
8,2023-06-04,0.1342756183745583,-0.012962611105723332,538,0.008508814334307007,172,-0.015236002549471024,297
8,2023-06-11,0.1302774427020506,0.03397549334029538,539,0.24461439482291833,173,0.09858571384014346,297
8,2023-06-18,0.0761904761904762,0.04423042339779635,540,0.07864501372541913,174,0.03348570448228103,297
8,2023-06-25,0.1658878504672897,0.07530969152331835,541,0.052815108959932876,175,0.03345496161283129,297
8,2023-07-02,0.1063084112149532,0.0982001426601069,542,0.05421327679148326,176,0.0466570016995938,297
8,2023-07-09,0.12784588441331,0.08276400198890338,543,0.02892854910367089,177,0.005970194475651539,297
8,2023-07-16,0.1267605633802817,0.06371204370099308,544,0.0390862119750859,178,0.029774707060408755,297
8,2023-07-23,0.1365131578947368,0.0630926363908147,545,0.047702176678718955,179,0.007475051524961469,297
8,2023-07-30,0.0793237971391417,0.09894854031153942,546,0.08827994574922855,180,0.05053877144581723,297
8,2023-08-06,0.0995203836930455,0.1293714886698875,547,0.05834333362203136,181,0.09332041821339394,297
8,2023-08-13,0.1492178098676293,0.13899907992976462,548,0.18041738407297664,182,0.1463261337020188,297
8,2023-08-20,0.184757505773672,0.14375540790361124,549,0.17603803678615632,183,0.16752176775103883,297
8,2023-08-27,0.1993127147766323,0.187496757553494,550,0.28910990629141975,184,0.2077614649530307,297
8,2023-09-03,0.2956852791878173,0.22658722574826407,551,0.19745086627394548,185,0.17289377418156926,297
8,2023-09-10,0.2806818181818182,0.23709132167027744,552,0.3022547457335727,186,0.2712593506102521,297
8,2023-09-17,0.3371924746743849,0.2660840399898289,553,0.24734532793225356,187,0.24516866607642174,297
8,2023-09-24,0.3013544018058691,0.39435044939226255,554,0.47770431661911017,188,0.3272045139737321,297
8,2023-10-01,0.4131668558456299,0.35230295389276145,555,0.391146458942885,189,0.34801132489260395,297
8,2023-10-08,0.3599088838268792,0.3958928671068144,556,0.4933341518615641,190,0.3548082257337169,297
8,2023-10-15,0.3993095512082854,0.34414881788885016,557,0.5340601319466719,191,0.4032446351844478,297
8,2023-10-22,1.0823798627002288,0.5131669326099644,558,0.5030459743144305,192,0.5029072262837925,297
8,2023-10-29,0.7153748411689962,0.6170864538456703,559,0.7345365909981996,193,0.7137129316368395,297
8,2023-11-05,0.645320197044335,0.8268157183149145,560,0.7328326527981999,194,0.750554294077006,298
8,2023-11-12,0.7168674698795181,0.8539617829778834,561,0.7095377881980646,195,0.5647751020999474,299
8,2023-11-19,0.5585443037974683,0.8216976514179085,562,0.7549284987038638,196,0.6093736899708417,300
8,2023-11-26,1.1465116279069767,0.7607219590763786,563,0.7028861613492299,197,0.4660148135892193,300
8,2023-12-03,1.2939814814814814,0.7229419074083012,564,0.7380867231053534,198,0.6597687662059475,300
8,2023-12-10,1.8866348448687351,0.795645024347026,565,0.8149211420147244,199,0.8185214653069394,300
8,2023-12-17,1.3858695652173914,1.2126137117042117,566,1.3039033467995185,200,1.0097982878201428,300
8,2023-12-24,1.1296518607442978,1.3109402254243174,567,1.3938068204997218,201,1.4075084440373793,300
8,2023-12-31,1.9345794392523368,1.291546212745074,568,1.4184296361963773,202,1.21888002639611,301
8,2024-01-07,1.7001153402537486,1.09693155658564,569,1.2276487145269803,203,1.125857899458997,302
8,2024-01-14,0.9817351598173516,1.12235527521075,570,1.1794105129928076,204,1.1625567058132062,303
8,2024-01-21,0.9149425287356322,1.1355412040916095,571,1.2789899686026283,205,1.1084395426655684,304
8,2024-01-28,0.8809801633605601,1.1234929495770767,572,1.1960627247722762,206,1.0507610406356376,305
8,2024-02-04,1.7904191616766467,1.1659911937948106,573,1.2871995051985026,207,1.0263528115907852,306
8,2024-02-11,1.022673031026253,1.0194047286017849,574,1.4443598469755763,208,1.0975408500077102,307
8,2024-02-18,0.8323831242873432,1.0256918872797989,575,1.43253672394814,209,1.349047484198603,307
8,2024-02-25,0.9022727272727272,1.0497418807374947,576,1.2252512039617904,210,1.2404326049982355,307
8,2024-03-24,0.0,0.488599857530881,577,0.5273860384284874,211,0.49344599794375205,304
8,2024-03-31,0.0842911877394636,0.5559918945936736,578,0.807833092065285,212,0.8850590134795201,304
8,2024-04-07,0.2854640980735551,0.365374428270491,579,0.4068228807779239,213,0.34016271124076897,304
8,2024-04-14,0.266304347826087,0.1267600798739234,580,0.26257787388657583,214,0.24085465353187238,304
8,2024-04-21,0.2922755741127348,0.05602144897969926,581,-0.024143768711208154,215,0.015879767029958324,304
8,2024-06-16,0.017220172201722,0.11491845415850463,582,0.07679163499220817,216,0.07247039360334684,297
8,2024-06-23,0.0209790209790209,0.12948479465282145,583,0.05593051226435923,217,0.040337306909067144,297
8,2024-06-30,0.017412935323383,0.08980467537286003,584,0.1330627513342733,218,0.07297415749235636,297
8,2024-07-07,0.0270588235294117,0.041216109885793495,585,0.14703633949646722,219,0.053373140266852595,297
8,2024-07-14,0.0188679245283018,0.039962583725331166,586,0.08093747110061088,220,0.015650495338306418,297
8,2024-07-21,0.0129366106080207,0.03034693022095117,587,0.027153620807412494,221,0.018573166834083128,297
8,2024-07-28,0.0284237726098191,0.0889508429595341,588,0.014706712942657242,222,0.055657166972202785,297
8,2024-08-04,0.0368020304568527,0.084049936097977,589,0.013367313509737709,223,0.02687782627043472,297
8,2024-08-11,0.0521885521885521,0.07289962653289073,590,0.020539714157164667,224,0.04499518672773067,297
8,2024-08-18,0.1119402985074626,0.06951350453139045,591,0.10930563695341974,225,0.06748987181819324,297
8,2024-08-25,0.185006045949214,0.137537844209619,592,0.04650073867236096,226,0.02964846090804203,297
8,2024-09-01,0.1848225214198286,0.1580925555963922,593,0.07035581584750372,227,0.06357156908392547,297
8,2024-09-08,0.2203196347031963,0.19855324167735722,594,0.0771332802667955,228,0.05866541033039267,297
8,2024-09-15,0.1475972540045766,0.16399382478234117,595,0.11743326532179474,229,0.08859606544886744,297
8,2024-09-22,0.2465057179161372,0.2729512131512047,596,0.1179003070026091,230,0.12465982419420536,297
8,2024-09-29,0.3356481481481481,0.20242070157320852,597,0.09000888146625453,231,0.11910093567496643,297
8,2024-10-06,0.479064039408867,0.22866570158997684,598,0.22353276664559982,232,0.25562885539205554,297
8,2024-10-13,0.4168797953964194,0.42094833241297214,599,0.33862249973627867,233,0.35799097958525333,297
8,2024-10-20,0.4917647058823529,0.4698041233892468,600,0.4232793645840566,234,0.2767807370280156,297
8,2024-10-27,0.525035765379113,0.6264764729051576,601,0.6149399080755313,235,0.5381990191297578,297
8,2024-11-03,0.8408759124087591,0.7233131603771386,602,0.8058253334105134,236,0.6119886805791193,297
8,2024-11-10,0.891566265060241,0.9829657611337956,603,0.7894126474461052,237,0.7290712592496027,297
8,2024-11-17,0.95707656612529,0.6005463230110905,604,0.6838240340824573,238,0.5713593281321453,297
8,2024-11-24,0.9733178654292344,0.7724813851929636,605,0.7693084591302122,239,0.6265874549713094,297
8,2024-12-01,0.9500594530321046,0.5304626914488998,606,0.5171971281225415,240,0.47211251759398215,297
8,2024-12-08,1.0345224395857306,1.289688306231808,607,1.1492577014688572,241,1.252621048763226,297
8,2024-12-15,1.3726937269372694,1.0944938982211423,608,1.2776616377404704,242,1.135383060125291,297
8,2024-12-22,0.6686320754716981,1.0077538924355944,609,1.14005058247704,243,1.2588134368749537,297
8,2024-12-29,0.9545983701979044,1.2440782773117323,610,1.2693436596323078,244,1.2595698859086544,297
8,2025-01-05,1.7041499330655958,0.8465942070834761,611,1.2123671917056769,245,1.2520395228444219,297
8,2025-01-12,1.0581527936145951,1.09097308906546,612,0.7719241176729796,246,0.8601112300415098,297
8,2025-01-19,0.8752834467120182,0.9153860483991805,613,1.1273694242952983,247,1.1521894353765345,297
8,2025-01-26,1.132118451025057,0.895653386084352,614,0.7555064931837024,248,0.8189526807127628,297
8,2025-02-02,1.6757679180887373,1.039401197401511,615,0.8332323261703936,249,0.8868074815563917,297
8,2025-02-09,0.7241770715096482,0.8728772645269524,616,0.9370076879985272,250,0.9681623220625171,297
8,2025-02-16,0.7186046511627907,0.9905242230959197,617,1.1229571571933432,251,1.1201935485635983,297
8,2025-02-23,1.1059907834101383,0.773863688836503,618,1.0485987502624043,252,0.999827593581288,297
8,2025-03-02,0.9354094579008074,0.5236449553639725,619,0.6854810551105672,253,0.5745306929485696,297
8,2025-03-09,1.020408163265306,0.582173421615442,620,0.6658477880741667,254,0.6648378451249286,297
8,2025-03-16,0.7815699658703071,0.731319996837626,621,0.6964140339383058,255,0.6977466748308913,297
8,2025-03-23,0.6114285714285714,0.7117104481230278,622,0.6753964030410682,256,0.7256716358775945,297
8,2025-03-30,0.3174342105263157,0.3282003068385251,623,0.26193725278480107,257,0.24554580370057072,297
8,2025-04-06,0.1626848691695108,0.19442944873542015,624,0.20261525356396495,258,0.2805013768170173,297
8,2025-04-13,0.1191294387170675,0.195245680065775,625,0.39689308516993493,259,0.49628265299864877,297
8,2025-04-20,0.1189024390243902,0.1198102076037088,626,0.20808017329330378,260,0.29390342027931043,297
8,2025-04-27,0.0840046029919447,0.09213892662634315,627,0.027685128344139505,261,0.027842215206930428,297
8,2025-05-04,0.0196759259259259,0.07011429073314057,628,0.1040864732512981,262,0.049344308206245094,297
8,2025-05-11,0.0214932126696832,0.055037817358244506,629,0.08799032876922941,263,0.161151922632049,297
8,2025-05-18,0.0073891625615763,0.08669386794975446,630,0.10652404477880033,264,0.07099613456613148,297
8,2025-05-25,0.0148911798396334,0.0603311284819606,631,0.04349462335620592,265,0.04515414108217234,297
8,2025-06-01,0.0034762456546929,0.029337367953450964,632,-0.007620475337156798,266,-0.030946241592371273,297
8,2025-06-08,0.0082159624413145,0.04817168286080129,633,0.04624046884368659,267,0.03190242544120438,297
8,2025-06-15,0.0022650056625141,0.05351602333301003,634,0.032916206661652576,268,0.03561840664831282,297
8,2025-06-22,0.0011778563015312,0.08544381728360229,635,0.037148405860247036,269,0.015525766395659356,297
8,2025-06-29,0.0011376564277588,0.09483580944819611,636,-0.0032233294442090207,270,0.010816015344305296,297
8,2025-07-06,0.0121457489878542,0.03405468429123837,637,0.0042372065654182915,271,0.0063074566423363225,297
8,2025-07-13,0.0103806228373702,0.009665126342102266,638,0.02435021151070197,272,0.031353947685546696,297
8,2025-07-20,0.0308924485125858,0.016722962232613953,639,0.021078544820772722,273,0.00493184104555222,297
8,2025-07-27,0.0559360730593607,0.03356872682876177,640,0.02313153200410609,274,0.03049161397833098,297
8,2025-08-03,0.0742049469964664,0.027084207132342206,641,0.06084192851735003,275,0.03241763827835332,297
8,2025-08-10,0.0766590389016018,0.02142612139934868,642,0.029519966008314504,276,0.014953989445047689,297
8,2025-08-17,0.1396140749148694,0.03954383360183085,643,0.08237708237993603,277,0.06545667974131084,297
8,2025-08-24,0.1590909090909091,0.06257911586319317,644,0.11591257680438298,278,0.06833859601681024,297
8,2025-08-31,0.2407407407407407,0.07285457953739867,645,0.11045939329276923,279,0.09925155837837123,297
8,2025-09-07,0.2063492063492063,0.0640477769801965,646,0.13815693125686437,280,0.10038965910084398,297
8,2025-09-14,0.1970387243735763,0.08921497322237015,647,0.15437301639464018,281,0.1281498348722148,297
8,2025-09-21,0.2355658198614318,0.2619375794936827,648,0.10420610359190097,282,0.1464038980209271,297
8,2025-09-28,0.2875,0.4217300881824505,649,0.2730415375373629,283,0.2713727292649006,297
8,2025-10-05,0.5368898978433598,0.3962020036108445,650,0.3069510149608404,284,0.33915959188039213,297
8,2025-10-12,0.573943661971831,0.6070088286173139,651,0.48297800337030355,285,0.5417296384004462,297
8,2025-10-19,0.3965317919075145,0.6062623613262129,652,0.6039825234227794,286,0.6323206909026897,297
8,2025-10-26,0.4749034749034749,0.6940487118389866,653,0.6679686008822839,287,0.7423344060202485,297
8,2025-11-02,0.5383244206773619,0.8775706647227609,654,0.8036091437359686,288,0.8478928651516331,297
8,2025-11-09,1.0107398568019093,0.8525296893204222,655,0.8292324556209424,289,0.7997397836042925,297
8,2025-11-16,1.0732558139534885,0.7095491087235722,656,0.7456782287973444,290,0.7139505319504486,297
8,2025-11-23,0.9150174621653084,0.6504064242982001,657,0.6397249566699541,291,0.6642513219973526,297
8,2025-11-30,0.9405594405594404,0.6300499593976352,658,0.6415759018224505,292,0.5074790301086171,297
8,2025-12-07,0.9028436018957346,0.8172160313215003,659,0.8598578584101111,293,0.8141065380094321,297
8,2025-12-14,1.2020833333333334,0.8298799634457866,660,1.2416623721681443,294,1.282706874526427,297
8,2025-12-21,1.5106990014265336,0.826886890708793,661,1.0272218931593504,295,1.0324794925040406,297
8,2025-12-28,1.1012805587892898,0.8860730079433244,662,1.0160132238690378,296,1.1820673540687592,297
8,2026-01-04,1.1695303550973657,0.9740633037523184,663,1.0144907785064332,297,1.0144907785064332,297
8,2026-01-11,1.172811059907834,1.329168932189449,664,1.400964367989905,298,1.4733053126674591,297
8,2026-01-18,1.3393070489844685,1.1693461809378818,665,1.4146668471584654,299,1.418123056116655,297
8,2026-01-25,0.9710648148148148,1.3547704968599465,666,1.161212278300488,300,1.247740367508907,297
8,2026-02-01,1.066125290023202,1.1555582312439512,667,1.17225775365168,301,1.084646722360925,297
8,2026-02-08,1.3523375142531358,1.1187078240838204,668,1.133357223483478,302,1.0853356667393514,297
8,2026-02-15,0.8838268792710706,1.1256546914358152,669,0.9141184839817428,303,0.8429674590587897,297
8,2026-02-22,1.1878531073446328,1.0699995344273683,670,0.9754125411309003,304,1.0216153886010262,297
8,2026-03-01,0.6948571428571428,1.1695647541771172,671,1.1452027496913517,305,1.1442445619713983,297
8,2026-03-08,0.5843454790823212,0.7836081513799572,672,0.6484502629351344,306,0.7551886983829732,297
8,2026-03-15,0.5480649188514357,0.4913810394064,673,0.5108726389262326,307,0.39516085084209307,297
8,2026-03-22,0.3117913832199546,0.42120498220193503,674,0.46865765915818625,308,0.4656468051547969,297
8,2026-03-29,0.1356898517673888,0.19492428638376708,675,0.47576925847226254,309,0.3785554273750504,297
8,2026-04-05,0.1844215349369988,0.5411231266330061,676,0.502953070283786,310,0.5623482487797645,297
8,2026-04-12,0.2017114914425428,0.6983151025856478,677,0.7435410037985432,311,0.6911886106784256,297
8,2026-04-19,0.0523321956769055,0.4449991806105483,678,0.5629488618364336,312,0.683809049675028,297
8,2026-04-26,0.0344036697247706,0.08771182180687388,679,-0.017021255476140428,313,0.007514859828568971,297
8,2026-05-03,0.0123595505617977,0.1372836318934877,680,0.16366402251698467,314,0.19749151678540922,297
8,2026-05-10,0.0,0.03251863964725845,681,0.09319821098970398,315,0.05104893353943519,297
8,2026-05-17,0.0090497737556561,0.07269639009122664,682,0.0654809884165348,316,0.12341292872154662,297
8,2026-05-24,0.0057251908396946,2.7622272299092712e-06,683,0.007707050357531981,317,-0.0159619839667731,297
8,2026-05-31,0.0155148095909732,0.04054315067925743,684,0.043064442649228235,318,0.033220305934594054,297
8,2026-06-07,0.0157303370786516,0.01873736379027716,685,0.05857639952190908,319,0.1274471722663507,297
8,2026-06-14,0.0228136882129277,0.02625225716355865,686,0.04363239893905528,320,0.043337390740581384,297
12,2022-01-02,1.339002267573696,0.8510613172372565,470,1.0498711777979068,104,0.9346173408471209,303
12,2022-01-09,1.0311778290993072,1.0153508921954602,471,1.0188638356150477,105,1.2661797894793274,303
12,2022-01-16,0.7681365576102418,0.896020287847663,472,1.1393557249386304,106,1.1847412059393314,303
12,2022-01-23,0.994904458598726,0.9967738795735593,473,0.9920290755459826,107,1.030283177567932,303
12,2022-01-30,1.0435897435897437,0.7275573960661393,474,0.8449494439194442,108,0.9026480543792141,303
12,2022-02-06,0.4819277108433735,0.471003529468785,475,0.6505832988894104,109,0.5674883309556342,303
12,2022-02-13,0.8200692041522492,0.2854922440613918,476,0.4505448987017116,110,0.5328232249468444,303
12,2022-02-20,0.288837744533947,0.18825749819309645,477,0.43558822375163836,111,0.4029979479374226,303
12,2022-02-27,0.2637485970819304,0.37044397287550995,478,0.3166962930161622,112,0.22791108822525954,303
12,2022-03-06,0.1407982261640798,0.25118851833272304,479,0.29236410489539716,113,0.28878771992535035,303
12,2022-03-13,0.0991189427312775,0.14660995126913828,480,0.30790018118554446,114,0.2110042189012619,303
12,2022-03-20,0.0449308755760368,0.01368238737436299,481,0.1335602596965885,115,0.05654354496189911,303
12,2022-03-27,0.0233333333333333,0.0650650873406434,482,0.007571683717908221,116,0.06682655889508632,303
12,2022-04-03,0.0121951219512195,0.10008538908095257,483,-0.048394622760603884,117,0.13643123907630203,303
12,2022-04-10,0.0144124168514412,0.0064592692561428935,484,-0.05097245083889441,118,0.013242735202523033,303
12,2022-04-17,0.0066225165562913,-0.025949689268653504,485,0.046682359390556365,119,0.04321183364981186,303
12,2022-04-24,0.0149253731343283,0.048042608199102874,486,0.021532003427181208,120,0.005489665142327913,303
12,2022-05-01,0.0273224043715847,0.019600420106857065,487,-0.01942903321827956,121,0.008209790346174072,303
12,2022-05-08,0.0,0.057640665059532595,488,-0.041341651501412086,122,0.007501220323686359,303
12,2022-05-15,0.0,0.003361879866384021,489,0.03142835495390652,123,0.00864073621785901,303
12,2022-05-22,0.0,0.02008325667299868,490,0.14564584314998147,124,0.029827653892775564,303
12,2022-06-05,0.0662983425414364,0.03965612076344287,491,0.004519469862086784,125,-0.01270825980741797,302
12,2022-06-12,0.0481927710843373,0.026757722548014316,492,0.000404721573476896,126,0.020139858140559498,302
12,2022-06-19,0.0402298850574712,0.014682867568772422,493,0.09291181647560338,127,0.030540960548986654,302
12,2022-06-26,0.0263473053892215,-0.0070641538738725265,494,-0.008294137466020172,128,0.02173147845440841,302
12,2022-07-03,0.0250569476082004,0.005857721770318743,495,0.021149207673966875,129,0.03287139596967912,302
12,2022-07-10,0.0156075808249721,-0.027762586857620213,496,0.01012524290431161,130,-0.01991030331872827,302
12,2022-07-17,0.0194508009153318,0.10443332805591755,497,-0.03040405112072874,131,0.053506813304391825,302
12,2022-07-24,0.0324748040313549,0.10361340728959512,498,0.05160051611309807,132,0.08166783122270505,302
12,2022-07-31,0.0493273542600896,0.06851401543100878,499,0.06743759440185863,133,0.04786481006125902,302
12,2022-08-07,0.0718358038768529,0.0928771727956804,500,0.011201318989407861,134,0.03467332254212654,302
12,2022-08-14,0.0432852386237513,0.07324533774878687,501,0.029183143432798982,135,0.12418597191550557,302
12,2022-09-25,0.1430429128738621,0.5844882864378157,502,0.3790083657905617,136,0.4010733123583743,297
12,2022-10-02,0.3367198838896952,0.5116809413792259,503,0.3886551922432909,137,0.45406773842173187,297
12,2022-10-09,0.4138398914518317,0.4955108525613756,504,0.3204499899530026,138,0.5042392555271775,297
12,2022-10-16,0.7045720984759671,0.6454065268455994,505,0.3690318653612217,139,0.48985352332608134,297
12,2022-10-23,0.5067873303167421,0.5369357285202752,506,0.4646422765435637,140,0.5652796263151643,297
12,2022-10-30,0.4779161947904869,0.46330064187651454,507,0.43154862623257745,141,0.43664066426206016,297
12,2022-11-06,0.3923566878980892,0.6031988501269068,508,0.6690949597222472,142,0.5369454018503586,297
12,2022-11-13,1.227633069082673,0.5666661689372364,509,0.736568759015969,143,0.563915118398683,297
12,2022-11-20,1.0124293785310734,0.7877690491115097,510,0.9253604289202785,144,0.6225387042094989,297
12,2022-11-27,0.5510455104551045,0.8277498362155836,511,0.7290221000759983,145,0.6042933347101529,297
12,2022-12-04,0.5106145251396648,0.5174913292403663,512,0.6874797911953684,146,0.36937093326697795,297
12,2022-12-11,0.5861678004535147,0.5337754677227079,513,0.5538312890183664,147,0.45595775358620605,297
12,2022-12-18,2.1798882681564247,0.6025108089522566,514,0.614751264736001,148,0.48318533173297107,297
12,2022-12-25,1.7882219705549265,0.5910296272059897,515,0.6084246871213282,149,0.5786691253674255,297
12,2023-01-01,1.0079455164585698,0.5691516783042545,516,1.035354799148973,150,0.8381737001315206,297
12,2023-01-08,0.764294049008168,0.4569052484197342,517,0.6747883585650374,151,0.927770063706229,297
12,2023-01-15,1.0101925254813138,0.8827158099366305,518,0.7544622885476424,152,0.7851709593188448,297
12,2023-01-22,1.6522727272727271,0.9287562112213406,519,0.9373198000212485,153,0.9706194969775609,297
12,2023-01-29,1.245475113122172,1.0120505190553861,520,0.8077272682640169,154,0.9201492170512799,297
12,2023-02-05,1.00187617260788,0.5561896056190235,521,0.7068089502218465,155,0.7450146908027012,297
12,2023-02-12,0.6723356009070295,0.5104475152056605,522,0.5718989834200315,156,0.6208770037098366,297
12,2023-02-19,0.6636670416197975,0.34732966109363717,523,0.42591312733254144,157,0.44081927046998426,297
12,2023-02-26,1.1309794988610478,0.3911662518182422,524,0.17730154982000462,158,0.34964485091397135,297
12,2023-03-05,1.1901489117983963,0.26686930302838585,525,0.05522751195159181,159,0.22241742997626493,297
12,2023-03-12,0.8933177022274326,0.22955480269078418,526,0.18218875040692412,160,0.3069800116389931,297
12,2023-03-19,0.6301587301587301,0.1510764015193654,527,0.10226787005528602,161,0.08601223760487607,297
12,2023-03-26,0.2079905992949471,0.30673980719256544,528,0.12136697214892322,162,0.16664016160416123,297
12,2023-04-02,0.3066361556064073,0.04616646465727206,529,0.07852814586166162,163,0.09318939064102243,297
12,2023-04-09,0.2064896755162241,0.14013166890719983,530,-0.05720602280445739,164,0.058269768563825305,297
12,2023-04-16,0.1661392405063291,0.01576502200744588,531,-0.030934158652494395,165,0.01266309478062997,297
12,2023-04-23,0.0871613663133097,-0.04335654344723956,532,-0.048213385239005584,166,-0.08074969473800195,297
12,2023-04-30,0.1220930232558139,-0.037809131284160497,533,-0.04084317098262148,167,-0.11325293130896807,297
12,2023-05-07,0.1342756183745583,-0.00014015117307205347,534,0.04415610714147958,168,0.025635826003862293,297
12,2023-05-14,0.1302774427020506,-0.014969860718255984,535,-0.01944206777930137,169,0.02158371320726779,297
12,2023-05-21,0.0761904761904762,0.04799799261945473,536,-0.06225740346228475,170,0.00040074600689562925,297
12,2023-05-28,0.1658878504672897,0.06330409727662498,537,0.07147195291038624,171,0.0237941940076827,297
12,2023-06-04,0.1063084112149532,0.04305378970895484,538,0.11805833934104475,172,0.07268219801466473,297
12,2023-06-11,0.12784588441331,0.09290325703999901,539,0.08748957898074462,173,0.08432901165583383,297
12,2023-06-18,0.1267605633802817,0.06465537571993785,540,0.03298484940684123,174,0.030667431371217233,297
12,2023-06-25,0.1365131578947368,0.06996550218484791,541,0.08319255137388436,175,0.032160010728339426,297
12,2023-07-02,0.0793237971391417,0.09187226321163659,542,0.09325798659441326,176,0.01294076913659196,297
12,2023-07-09,0.0995203836930455,0.10014412300562107,543,0.023992929170045568,177,0.012355904707261453,297
12,2023-07-16,0.1492178098676293,0.05140168375628503,544,0.07265763209827629,178,0.05617291084127976,297
12,2023-07-23,0.184757505773672,0.03340701338805928,545,0.10905614011765784,179,0.01781704664858874,297
12,2023-07-30,0.1993127147766323,0.08353698662358629,546,0.10092188502452305,180,0.0723779442038373,297
12,2023-08-06,0.2956852791878173,0.2098822202570589,547,0.13567515728405805,181,0.1903271629603813,297
12,2023-08-13,0.2806818181818182,0.2307372332456414,548,0.1601580069862653,182,0.2911820949388703,297
12,2023-08-20,0.3371924746743849,0.28251959470497634,549,0.3585703572303952,183,0.30615534240617426,297
12,2023-08-27,0.3013544018058691,0.28994870090608554,550,0.26434748748100184,184,0.23016603509186856,297
12,2023-09-03,0.4131668558456299,0.37631414189379514,551,0.3892517558013498,185,0.23433803595671915,297
12,2023-09-10,0.3599088838268792,0.45227542309986424,552,0.30861479943742265,186,0.3544025557535157,297
12,2023-09-17,0.3993095512082854,0.4679994561065481,553,0.3547491239905937,187,0.3855055167369742,297
12,2023-09-24,1.0823798627002288,0.5502494906904569,554,0.27015059270641556,188,0.4200200729617576,297
12,2023-10-01,0.7153748411689962,0.7055261628374121,555,0.5936714327966849,189,0.5981256943054378,297
12,2023-10-08,0.645320197044335,0.7209608104938152,556,0.9104764753860499,190,0.6964498087408002,298
12,2023-10-15,0.7168674698795181,1.092686315616364,557,0.7658194236162941,191,0.654224321498921,299
12,2023-10-22,0.5585443037974683,0.889871729445626,558,0.8318469247117906,192,0.7475068162108042,300
12,2023-10-29,1.1465116279069767,0.8198087604793802,559,0.5554179913423901,193,0.6382801204976838,300
12,2023-11-05,1.2939814814814814,0.8671616168607317,560,0.5632216936468354,194,0.5442866215372,300
12,2023-11-12,1.8866348448687351,0.9780988737036452,561,1.1460566439235105,195,0.621476375460658,300
12,2023-11-19,1.3858695652173914,1.1165750553672777,562,1.2869142070272552,196,0.9117605473197277,300
12,2023-11-26,1.1296518607442978,0.9157013813782905,563,1.3036509984890203,197,0.7632112084154477,300
12,2023-12-03,1.9345794392523368,1.1177518888355342,564,1.167289416077439,198,0.8510626176867102,300
12,2023-12-10,1.7001153402537486,0.9445675881654874,565,1.0575477000686448,199,0.6998264681405153,300
12,2023-12-17,0.9817351598173516,1.1606431488910711,566,1.4315522418677256,200,1.0900889013443738,300
12,2023-12-24,0.9149425287356322,1.332666864348255,567,1.4056012859234521,201,1.3464462651781988,300
12,2023-12-31,0.8809801633605601,1.2002457607519323,568,1.4678698544696707,202,1.4226810955647196,301
12,2024-01-07,1.7904191616766467,0.9800693688880558,569,1.2199663622853756,203,1.0142341420682048,302
12,2024-01-14,1.022673031026253,1.0590147017908937,570,0.9339507441533652,204,1.011626104827129,303
12,2024-01-21,0.8323831242873432,1.0647133465468686,571,0.9690377326459728,205,0.9608252838540671,304
12,2024-01-28,0.9022727272727272,0.9078127649513972,572,1.1068725839201123,206,1.0496835785047982,305
12,2024-02-25,0.0,0.23962968308829216,573,0.30121866985922435,207,0.15361157179338106,304
12,2024-03-03,0.0842911877394636,0.3384963178093131,574,0.2731196307124003,208,0.25481927459646453,304
12,2024-03-10,0.2854640980735551,0.2863249963917381,575,0.2868903851255481,209,0.16768412970798935,304
12,2024-03-17,0.266304347826087,0.2784601087238785,576,0.2319914170332068,210,0.08747900945932936,304
12,2024-03-24,0.2922755741127348,0.1814755398304516,577,0.03235696704614083,211,0.11302292473596004,304
12,2024-03-31,0.1837672281776416,0.23912343712690673,578,0.013458851469606741,212,-0.10187458384415017,304
12,2024-04-07,0.0600490196078431,0.16352540846686808,579,0.07737181951316317,213,0.1772986890094473,304
12,2024-04-14,0.0353982300884955,0.08403551064138425,580,0.15589513323037166,214,0.11994155246145853,304
12,2024-04-21,0.0176470588235294,0.013022338603269812,581,0.07106240310384208,215,0.007964737864444321,304
12,2024-06-16,0.0188679245283018,0.11805117674091983,582,0.2451189840380298,216,0.16935535033787222,297
12,2024-06-23,0.0129366106080207,0.09707884717233105,583,0.30677191956207656,217,0.10180487087164827,297
12,2024-06-30,0.0284237726098191,0.0848254882442168,584,0.06585877647762285,218,0.09050452590971857,297
12,2024-07-07,0.0368020304568527,0.10692261166301713,585,0.19984704814074217,219,0.04472606728859784,297
12,2024-07-14,0.0521885521885521,0.02949272568077532,586,0.15273482560250434,220,0.015180553360923032,297
12,2024-07-21,0.1119402985074626,0.06987163919793656,587,0.1236724598084971,221,0.10367560959965477,297
12,2024-07-28,0.185006045949214,0.09325035773641592,588,0.09847185177303976,222,0.06496095130854,297
12,2024-08-04,0.1848225214198286,0.19064027678302745,589,0.12052422480736379,223,0.12453493131384394,297
12,2024-08-11,0.2203196347031963,0.2306319335658822,590,0.1488077701741197,224,0.16402427884890913,297
12,2024-08-18,0.1475972540045766,0.23160120087306715,591,0.09588461136023205,225,0.1357559540835067,297
12,2024-08-25,0.2465057179161372,0.21961221304852124,592,0.08351150838326381,226,0.07854169791239188,297
12,2024-09-01,0.3356481481481481,0.27286778549177554,593,0.15271210282229777,227,0.13634904045968174,297
12,2024-09-08,0.479064039408867,0.3886536836821873,594,0.14958570855269937,228,0.12602081317264044,297
12,2024-09-15,0.4168797953964194,0.29213620750368463,595,0.373300231171455,229,0.25926429538313694,297
12,2024-09-22,0.4917647058823529,0.4077025400731626,596,0.2859158397875945,230,0.24463252949097014,297
12,2024-09-29,0.525035765379113,0.512881591190702,597,0.6749370401380643,231,0.45854942926528636,297
12,2024-10-06,0.8408759124087591,0.4576506473718472,598,0.5959140189987489,232,0.47160997261402127,297
12,2024-10-13,0.891566265060241,0.5730824091203712,599,0.5759225258247104,233,0.5941912876273356,297
12,2024-10-20,0.95707656612529,0.6880425710874183,600,0.7193905331543013,234,0.5228172003474829,297
12,2024-10-27,0.9733178654292344,0.525494137976238,601,0.4871832801918996,235,0.36721259328574485,297
12,2024-11-03,0.9500594530321046,0.5214711340893537,602,0.5869076216679413,236,0.5030665004521816,297
12,2024-11-10,1.0345224395857306,1.0259916621251755,603,1.3072202659470502,237,0.9507010812030818,297
12,2024-11-17,1.3726937269372694,0.743633882511812,604,0.7632141952879724,238,0.6382664683845173,297
12,2024-11-24,0.6686320754716981,0.7237259507294468,605,0.8490505521211528,239,0.6896779063505973,297
12,2024-12-01,0.9545983701979044,0.6656990338983277,606,0.8032439860587216,240,0.5435980673932558,297
12,2024-12-08,1.7041499330655958,1.093846920119344,607,1.0655658007489552,241,0.9160006954433503,297
12,2024-12-15,1.0581527936145951,1.5921175002474424,608,1.3780861583983992,242,1.4913831857111406,297
12,2024-12-22,0.8752834467120182,1.3631393142906523,609,1.2974466776300464,243,1.340966125243166,297
12,2024-12-29,1.132118451025057,1.297672222070211,610,1.2975810150787201,244,1.0846951052590035,297
12,2025-01-05,1.6757679180887373,1.4296593233111914,611,1.2128548962542032,245,1.2009403323474124,297
12,2025-01-12,0.7241770715096482,1.2394496332863532,612,1.1740204704289394,246,1.1040488692016417,297
12,2025-01-19,0.7186046511627907,0.938116894022689,613,1.1414631975742378,247,1.0259249718742705,297
12,2025-01-26,1.1059907834101383,1.0325329886209234,614,0.8340193911502435,248,0.7403857731175575,297
12,2025-02-02,0.9354094579008074,0.8049307079729712,615,0.6737401149840676,249,0.7304152031592205,297
12,2025-02-09,1.020408163265306,0.42545678544230653,616,0.5836812554830351,250,0.4585817345064386,297
12,2025-02-16,0.7815699658703071,0.6856763458873686,617,0.21108437082961462,251,0.2311987585054772,297
12,2025-02-23,0.6114285714285714,0.3277859074701179,618,0.38942110331200613,252,0.4201003318489802,297
12,2025-03-02,0.3174342105263157,0.3762230528955606,619,0.6306884694634253,253,0.45748199882724605,297
12,2025-03-09,0.1626848691695108,0.4394177047643865,620,0.5338517216238525,254,0.39856524668860116,297
12,2025-03-16,0.1191294387170675,0.13989835469039338,621,0.15868034485174592,255,0.06831816541173959,297
12,2025-03-23,0.1189024390243902,0.17652259951931382,622,0.17499472191945778,256,0.32538574653570385,297
12,2025-03-30,0.0840046029919447,0.22927018576562044,623,0.2925196104952676,257,0.28109455657993,297
12,2025-04-06,0.0196759259259259,0.11182278307012469,624,0.21089007038900076,258,0.16812833684101877,297
12,2025-04-13,0.0214932126696832,0.07563469728850516,625,-0.017209371788572635,259,0.02195560283310284,297
12,2025-04-20,0.0073891625615763,0.004464885830212546,626,0.009562104259537954,260,0.061330410836227936,297
12,2025-04-27,0.0148911798396334,0.04505943041190806,627,-0.0028414657213394435,261,0.013506481552204335,297
12,2025-05-04,0.0034762456546929,0.03269910022592839,628,0.09419530646177866,262,0.09721367564862754,297
12,2025-05-11,0.0082159624413145,0.04799104406084502,629,0.06243047011063669,263,0.0734450433230976,297
12,2025-05-18,0.0022650056625141,0.08298747250997116,630,0.02516898994740556,264,0.02029960399930981,297
12,2025-05-25,0.0011778563015312,0.12237537505375982,631,0.06691211687667882,265,0.0908988811980824,297
12,2025-06-01,0.0011376564277588,0.06578830066194889,632,0.0742381090050836,266,0.060406694722824554,297
12,2025-06-08,0.0121457489878542,0.09253459954761263,633,0.03613403126708526,267,0.008368734000332596,297
12,2025-06-15,0.0103806228373702,0.0782393633227616,634,0.03996450336952125,268,0.025519478099495348,297
12,2025-06-22,0.0308924485125858,0.0672230757337239,635,0.02980681920500185,269,0.03361228138987075,297
12,2025-06-29,0.0559360730593607,0.0477658123853674,636,0.031923119719314885,270,0.060661465634072965,297
12,2025-07-06,0.0742049469964664,0.07837452801741247,637,0.026631264463527416,271,0.04786881721318435,297
12,2025-07-13,0.0766590389016018,0.06455550601031902,638,0.06707872252627874,272,0.061310422875781805,297
12,2025-07-20,0.1396140749148694,0.06862338894246875,639,0.11051064061345221,273,0.1010640190979913,297
12,2025-07-27,0.1590909090909091,0.08231669345490912,640,0.15116416965834042,274,0.09615282133657241,297
12,2025-08-03,0.2407407407407407,0.07242797181041928,641,0.13094274483232046,275,0.09963204604605987,297
12,2025-08-10,0.2063492063492063,0.06699979869188008,642,0.11262191367659746,276,0.08440065030290834,297
12,2025-08-17,0.1970387243735763,0.08727703126497972,643,0.12186702419836738,277,0.12322789915558462,297
12,2025-08-24,0.2355658198614318,0.11976599782132522,644,0.13739968120622054,278,0.13782913067251518,297
12,2025-08-31,0.2875,0.13172813736190386,645,0.2608950372897298,279,0.1948735141288049,297
12,2025-09-07,0.5368898978433598,0.25243625985346646,646,0.2534440589536869,280,0.1828074412607934,297
12,2025-09-14,0.573943661971831,0.17784966897472965,647,0.20826467764701126,281,0.15962532583189448,297
12,2025-09-21,0.3965317919075145,0.4264579734087767,648,0.48580431871012586,282,0.34452264439656266,297
12,2025-09-28,0.4749034749034749,0.5054494910216168,649,0.5030537278262981,283,0.5956836581812197,297
12,2025-10-05,0.5383244206773619,0.6382364480573384,650,0.6510216617887489,284,0.738547441343885,297
12,2025-10-12,1.0107398568019093,0.8807529317340947,651,0.7258921365630541,285,0.7514204178376316,297
12,2025-10-19,1.0732558139534885,0.8217757439888993,652,0.7318183527641473,286,0.7999539394359954,297
12,2025-10-26,0.9150174621653084,0.8142202285990342,653,0.8343557975169402,287,0.8245305427458116,297
12,2025-11-02,0.9405594405594404,0.6954636443384848,654,0.6013672677820006,288,0.7057955083046972,297
12,2025-11-09,0.9028436018957346,0.7961756675644842,655,0.8739575440518642,289,0.9442052975783175,297
12,2025-11-16,1.2020833333333334,0.823164375443644,656,1.0325677085241636,290,1.2023999556735174,297
12,2025-11-23,1.5106990014265336,0.5682286222139126,657,1.1586398929758888,291,1.1444375268206153,297
12,2025-11-30,1.1012805587892898,0.49504850155611885,658,0.8578536272426803,292,0.7824373054547837,297
12,2025-12-07,1.1695303550973657,0.8979484948044145,659,0.9813524661179795,293,0.8221466320055756,297
12,2025-12-14,1.172811059907834,1.0541752183383342,660,1.1619354474908739,294,1.0801575994320611,297
12,2025-12-21,1.3393070489844685,0.8256428824818098,661,1.2612383225405295,295,1.1783109992241119,297
12,2025-12-28,0.9710648148148148,1.2399051306199196,662,1.113455280767436,296,1.2073676371729285,297
12,2026-01-04,1.066125290023202,1.2469066657389107,663,1.2699260008688502,297,1.2699260008688502,297
12,2026-01-11,1.3523375142531358,1.2358307799952644,664,1.084812114274954,298,1.0779471479735325,297
12,2026-01-18,0.8838268792710706,0.9638920557763234,665,0.9513228619863396,299,0.8994574320984104,297
12,2026-01-25,1.1878531073446328,0.9253620957805085,666,0.9336137000227684,300,1.0492444155126495,297
12,2026-02-01,0.6948571428571428,1.0978679830615516,667,1.1022877021902175,301,1.0716517376538013,297
12,2026-02-08,0.5843454790823212,0.5971908526551825,668,0.8471918317231582,302,0.8761212999462008,297
12,2026-02-15,0.5480649188514357,0.797316093291013,669,0.6959339700909083,303,0.5210382962624435,297
12,2026-02-22,0.3117913832199546,0.6044111699921275,670,0.5346827761608128,304,0.6343034051163426,297
12,2026-03-01,0.1356898517673888,0.45653494494448477,671,0.42439549833439655,305,0.5722206835634844,297
12,2026-03-08,0.1844215349369988,0.20135741623489573,672,0.3165142868031454,306,0.5039126581185867,297
12,2026-03-15,0.2017114914425428,0.16680977523099555,673,0.2978388507244952,307,0.2437683629341544,297
12,2026-03-22,0.0523321956769055,0.16669448240475887,674,0.20573292230031306,308,0.14345668539497752,297
12,2026-03-29,0.0344036697247706,0.18494342043317513,675,0.3699059226104773,309,0.28933963537998286,297
12,2026-04-05,0.0123595505617977,0.31949712576149447,676,0.21281277227090806,310,0.28571503318727676,297
12,2026-04-12,0.0,0.21744026980406767,677,0.17610369894829342,311,0.09260067291055281,297
12,2026-04-19,0.0090497737556561,0.057437798474424234,678,0.15000986434759178,312,0.16292298545340247,297
12,2026-04-26,0.0057251908396946,0.06147487249681279,679,-0.012507883126153344,313,0.048596032390053716,297
12,2026-05-03,0.0155148095909732,0.008293501960533098,680,-0.07676866622727505,314,-0.04350532415812518,297
12,2026-05-10,0.0157303370786516,-0.014410756023439244,681,-0.016627112588171004,315,0.026144211804360815,297
12,2026-05-17,0.0228136882129277,-0.0009023873139708278,682,0.1019819235634529,316,0.042718106291254554,297
