h,data,real,pred,maximo_visto_no_treino,variante
1,2020-03-15,0.0,6.470481478242428,64.0,original
1,2020-03-29,2.0,0.9339643685317248,64.0,original
1,2020-04-12,1.0,3.5613895992557807,64.0,original
1,2020-04-26,0.0,1.1794012124256343,64.0,original
1,2020-05-10,1.0,0.45492972842832524,64.0,original
1,2020-05-24,0.0,0.043841481296015894,64.0,original
1,2020-06-07,0.0,0.13707491696700622,64.0,original
1,2020-06-21,0.0,-0.16039358540919402,64.0,original
1,2020-07-05,0.0,-0.5481703190010956,64.0,original
1,2020-07-19,0.0,0.0798170330350266,64.0,original
1,2020-08-02,0.0,0.2649473474146038,64.0,original
1,2020-08-16,0.0,-0.17925092463327744,64.0,original
1,2020-08-30,0.0,-0.2277715771190521,64.0,original
1,2020-09-13,0.0,-0.020280720740499494,64.0,original
1,2020-09-27,0.0,-0.08417016320003107,64.0,original
1,2020-10-11,0.0,-0.08280255875432134,64.0,original
1,2020-10-25,0.0,-0.0897422058821263,64.0,original
1,2020-11-08,0.0,-0.10954919975159569,64.0,original
1,2020-11-22,0.0,0.35049220001254827,64.0,original
1,2020-12-06,0.0,0.4067607565645172,64.0,original
1,2020-12-20,0.0,0.2946358697964702,64.0,original
1,2021-01-03,0.0,1.5222800195551123,64.0,original
1,2021-01-17,0.0,0.3156515856095648,64.0,original
1,2021-01-31,0.0,1.214966048764761,64.0,original
1,2021-02-14,2.0,-0.26464818322563277,64.0,original
1,2021-02-28,1.0,-0.054430062855228625,64.0,original
1,2021-03-14,1.0,-0.09185622661161254,64.0,original
1,2021-03-28,9.0,1.8741969769141902,64.0,original
1,2021-04-11,12.0,8.61790490480815,64.0,original
1,2021-04-25,7.0,5.974187248415504,64.0,original
1,2021-05-09,5.0,6.804622049626645,64.0,original
1,2021-05-23,1.0,-1.1624453587373749,64.0,original
1,2021-06-06,0.0,0.08101409956884306,64.0,original
1,2021-06-20,0.0,-0.08384275744897121,64.0,original
1,2021-07-04,0.0,-0.2214830526203206,64.0,original
1,2021-07-18,0.0,-0.10363460717560563,64.0,original
1,2021-08-01,0.0,0.08508036213503194,64.0,original
1,2021-08-15,0.0,-0.05031223762416569,64.0,original
1,2021-08-29,0.0,-0.1308925592876309,64.0,original
1,2021-09-12,0.0,-0.003349665477737906,64.0,original
1,2021-09-26,0.0,0.03963555205285665,64.0,original
1,2021-10-10,0.0,0.02015800047275881,64.0,original
1,2021-10-24,0.0,0.3411819242268953,64.0,original
1,2021-11-07,0.0,0.5446426040309476,64.0,original
1,2021-11-21,0.0,0.16318680114325612,64.0,original
1,2021-12-05,0.0,0.24468558613243838,64.0,original
1,2021-12-19,0.0,0.501720276716504,64.0,original
1,2022-01-02,0.0,0.18821136423824483,64.0,original
1,2022-01-16,0.0,1.3718623414819329,64.0,original
1,2022-01-30,2.0,0.3578089027701352,64.0,original
1,2022-02-13,20.0,14.821251995418447,64.0,original
1,2022-02-27,203.0,46.90814717584029,64.0,original
1,2022-03-13,463.0,81.93431135565667,269.0,original
1,2022-03-27,524.0,285.972880679447,482.0,original
1,2022-04-10,879.0,565.0936393230152,753.0,original
1,2022-04-24,344.0,596.5419977710299,879.0,original
1,2022-05-08,313.0,201.53687076321108,879.0,original
1,2022-05-22,92.0,149.7116566919745,879.0,original
1,2022-06-05,17.0,16.37769722669193,879.0,original
1,2022-06-19,19.0,9.295818320392879,879.0,original
1,2022-07-03,24.0,11.124346743569625,879.0,original
1,2022-07-17,11.0,18.808069372088454,879.0,original
1,2022-07-31,3.0,11.2921171478954,879.0,original
1,2022-08-14,3.0,-0.3870740533454511,879.0,original
1,2022-08-28,2.0,0.18337362181374547,879.0,original
1,2022-09-11,3.0,0.48489285768430435,879.0,original
1,2022-09-25,1.0,1.1320973893641353,879.0,original
1,2022-10-09,1.0,0.7573313856110004,879.0,original
1,2022-10-23,0.0,0.4586118850355976,879.0,original
1,2022-11-06,11.0,1.8161500766052707,879.0,original
1,2022-11-20,9.0,13.162064405216903,879.0,original
1,2022-12-04,4.0,6.820168762920923,879.0,original
1,2022-12-18,1.0,2.750033637985461,879.0,original
1,2023-01-01,3.0,-0.367810505199885,879.0,original
1,2023-01-15,0.0,1.2197271551499929,879.0,original
1,2023-01-29,0.0,2.2960965418497943,879.0,original
1,2023-02-12,7.0,29.665194769661177,879.0,original
1,2023-02-26,37.0,56.290465354802684,879.0,original
1,2023-03-12,199.0,142.30309701956898,879.0,original
1,2023-03-26,360.0,418.18293763808185,879.0,original
1,2023-04-09,589.0,571.519637777547,879.0,original
1,2023-04-23,760.0,745.0322978186439,879.0,original
1,2023-05-07,540.0,537.5960478088625,879.0,original
1,2023-05-21,450.0,480.15892151771214,879.0,original
1,2023-06-04,219.0,207.42577667080474,879.0,original
1,2023-06-18,76.0,61.075708734437306,879.0,original
1,2023-07-02,52.0,34.5871932091844,879.0,original
1,2023-07-16,25.0,39.78488199878762,879.0,original
1,2023-07-30,18.0,19.73331362783579,879.0,original
1,2023-08-13,9.0,7.749538361372713,879.0,original
1,2023-08-27,1.0,5.674584440637728,879.0,original
1,2023-09-10,3.0,5.001520410539518,879.0,original
1,2023-09-24,5.0,1.175930586567256,879.0,original
1,2023-10-08,4.0,3.088056790744612,879.0,original
1,2023-10-22,7.0,1.6980876166241954,879.0,original
1,2023-11-05,0.0,5.367870517235698,879.0,original
1,2023-11-19,3.0,0.8522497052478043,879.0,original
1,2023-12-03,3.0,11.136730173491157,879.0,original
1,2023-12-17,10.0,1.9531498788016495,879.0,original
1,2023-12-31,11.0,5.238240596184237,879.0,original
1,2024-01-14,30.0,15.652083188665722,879.0,original
1,2024-01-28,80.0,69.812586007649,879.0,original
1,2024-02-11,249.0,208.12101368625645,879.0,original
1,2024-02-25,1311.0,632.3704002160761,879.0,original
1,2024-03-10,995.0,1111.0962231586925,1311.0,original
1,2024-03-24,1601.0,792.2330020805707,1311.0,original
1,2024-04-07,1783.0,1367.6669614094724,1849.0,original
1,2024-04-21,1347.0,1719.0924183201078,1855.0,original
1,2024-05-05,1510.0,909.999064432167,1855.0,original
1,2024-05-19,520.0,1108.5873801501136,1855.0,original
1,2024-06-02,263.0,151.22593684290206,1855.0,original
1,2024-06-16,194.0,262.1227102503907,1855.0,original
1,2024-06-30,22.0,65.08294852172624,1855.0,original
1,2024-07-14,13.0,2.465905731533345,1855.0,original
1,2024-07-28,13.0,15.374790846763236,1855.0,original
1,2024-08-11,13.0,17.671808721245263,1855.0,original
1,2024-08-25,9.0,11.04560085016473,1855.0,original
1,2024-09-08,10.0,4.3242794647643175,1855.0,original
1,2024-09-22,3.0,9.114338925883654,1855.0,original
1,2024-10-06,2.0,7.180305452392767,1855.0,original
1,2024-10-20,3.0,3.4017411519421654,1855.0,original
1,2024-11-03,2.0,2.326354842611386,1855.0,original
1,2024-11-17,7.0,1.57354000220395,1855.0,original
1,2024-12-01,5.0,2.5164500538985743,1855.0,original
1,2024-12-15,1.0,2.3725916293743463,1855.0,original
1,2024-12-29,26.0,48.02260705548236,1855.0,original
1,2025-01-12,37.0,51.57142144531128,1855.0,original
1,2025-01-26,75.0,81.09761111110946,1855.0,original
1,2025-02-09,245.0,354.34992704099255,1855.0,original
1,2025-02-23,494.0,392.4634712866391,1855.0,original
1,2025-03-09,1199.0,931.375436469082,1855.0,original
1,2025-03-23,2381.0,1502.1034552005133,1855.0,original
1,2025-04-06,2247.0,1723.7990306692159,2381.0,original
1,2025-04-20,2212.0,2169.9972507033267,2381.0,original
1,2025-05-04,1944.0,2159.290764249027,2381.0,original
1,2025-05-18,883.0,1976.0500893420478,2381.0,original
1,2025-06-01,257.0,269.9356819826977,2381.0,original
1,2025-06-15,50.0,206.03248282086116,2381.0,original
1,2025-06-29,13.0,4.232470319206945,2381.0,original
1,2025-07-13,9.0,11.032570629523978,2381.0,original
1,2025-07-27,4.0,2.223729905299064,2381.0,original
1,2025-08-10,9.0,6.459654631617266,2381.0,original
1,2025-08-24,8.0,2.531939091143226,2381.0,original
1,2025-09-07,3.0,3.0791884818350796,2381.0,original
1,2025-09-21,6.0,6.544665877807184,2381.0,original
1,2025-10-05,5.0,7.988139729251916,2381.0,original
1,2025-10-19,8.0,4.099209308175669,2381.0,original
1,2025-11-02,0.0,3.8239336183300754,2381.0,original
1,2025-11-16,2.0,3.451045958277803,2381.0,original
1,2025-11-30,2.0,2.488855279315426,2381.0,original
1,2025-12-14,1.0,3.2839770782063193,2381.0,original
1,2025-12-28,2.0,4.5120312770938185,2381.0,original
1,2026-01-11,1.0,8.536592115359861,2381.0,original
1,2026-01-25,1.0,1.685628889084646,2381.0,original
4,2020-03-15,3.0,14.235106650357375,64.0,original
4,2020-03-29,0.0,-2.228179632427128,64.0,original
4,2020-04-12,0.0,-0.22194310678861692,64.0,original
4,2020-04-26,0.0,1.9988576939667944,64.0,original
4,2020-05-10,0.0,0.1049675669065287,64.0,original
4,2020-05-24,0.0,-0.02096279066567456,64.0,original
4,2020-06-07,0.0,-0.12522066767152398,64.0,original
4,2020-06-21,0.0,0.27627086397291994,64.0,original
4,2020-07-05,0.0,0.4860492740300047,64.0,original
4,2020-07-19,0.0,-0.03614239638890615,64.0,original
4,2020-08-02,0.0,0.023171959851977522,64.0,original
4,2020-08-16,0.0,0.40296907849639235,64.0,original
4,2020-08-30,0.0,0.387375310093579,64.0,original
4,2020-09-13,0.0,-0.04918194870748681,64.0,original
4,2020-09-27,0.0,0.5514641886306665,64.0,original
4,2020-10-11,0.0,-0.052625641600540216,64.0,original
4,2020-10-25,0.0,-0.1592907136893593,64.0,original
4,2020-11-08,0.0,0.29153730149852075,64.0,original
4,2020-11-22,0.0,0.756321795458633,64.0,original
4,2020-12-06,0.0,0.8496765454199892,64.0,original
4,2020-12-20,0.0,2.0946258626325176,64.0,original
4,2021-01-03,0.0,0.4896201807126337,64.0,original
4,2021-01-17,0.0,-0.38211573283450906,64.0,original
4,2021-01-31,0.0,5.209384500357377,64.0,original
4,2021-02-14,0.0,4.641561553204821,64.0,original
4,2021-02-28,1.0,4.88962137980317,64.0,original
4,2021-03-14,12.0,0.3608755901930128,64.0,original
4,2021-03-28,8.0,1.440000866177455,64.0,original
4,2021-04-11,9.0,41.92075519457285,64.0,original
4,2021-04-25,0.0,9.84717341561632,64.0,original
4,2021-05-09,1.0,-1.227860601058582,64.0,original
4,2021-05-23,0.0,1.356676923381344,64.0,original
4,2021-06-06,1.0,0.41960987632319774,64.0,original
4,2021-06-20,1.0,-0.09989651090763287,64.0,original
4,2021-07-04,0.0,0.28565334816177596,64.0,original
4,2021-07-18,0.0,0.5649269263817391,64.0,original
4,2021-08-01,0.0,-0.05573424131132772,64.0,original
4,2021-08-15,0.0,-0.021912574284015673,64.0,original
4,2021-08-29,0.0,0.07778644667977536,64.0,original
4,2021-09-12,0.0,-0.04841478211179449,64.0,original
4,2021-09-26,0.0,-0.013206823189784106,64.0,original
4,2021-10-10,0.0,-0.00011457834447966601,64.0,original
4,2021-10-24,0.0,0.02579453755149271,64.0,original
4,2021-11-07,1.0,0.40463648714925526,64.0,original
4,2021-11-21,0.0,0.450532252913797,64.0,original
4,2021-12-05,1.0,1.7627671415883448,64.0,original
4,2021-12-19,2.0,1.2590792951515766,64.0,original
4,2022-01-02,1.0,1.7621404911803376,64.0,original
4,2022-01-16,9.0,1.0821309257674359,64.0,original
4,2022-01-30,51.0,7.918457678222251,64.0,original
4,2022-02-13,269.0,157.85771909800218,203.0,original
4,2022-02-27,482.0,69.66342505593246,463.0,original
4,2022-03-13,753.0,269.34595653646875,524.0,original
4,2022-03-27,569.0,548.909496660401,879.0,original
4,2022-04-10,223.0,489.1204995412762,879.0,original
4,2022-04-24,122.0,295.2609393861629,879.0,original
4,2022-05-08,61.0,182.5081791946285,879.0,original
4,2022-05-22,26.0,49.11209741870361,879.0,original
4,2022-06-05,14.0,12.6982470284817,879.0,original
4,2022-06-19,13.0,9.514129016015186,879.0,original
4,2022-07-03,11.0,1.3944552140308393,879.0,original
4,2022-07-17,3.0,4.523564445661696,879.0,original
4,2022-07-31,1.0,9.029123828616008,879.0,original
4,2022-08-14,0.0,0.7546320517674314,879.0,original
4,2022-08-28,0.0,0.765155376953959,879.0,original
4,2022-09-11,0.0,-0.033855906466859834,879.0,original
4,2022-09-25,0.0,0.153810107699925,879.0,original
4,2022-10-09,6.0,0.279335517246186,879.0,original
4,2022-10-23,7.0,1.2323908025783648,879.0,original
4,2022-11-06,10.0,2.995925028612285,879.0,original
4,2022-11-20,0.0,8.653167761021143,879.0,original
4,2022-12-04,0.0,1.9414220624238254,879.0,original
4,2022-12-18,2.0,9.073105445979182,879.0,original
4,2023-01-01,2.0,30.366464853886146,879.0,original
4,2023-01-15,10.0,3.332221380026558,879.0,original
4,2023-01-29,27.0,-3.3479728174843855,879.0,original
4,2023-02-12,93.0,269.8925309235087,879.0,original
4,2023-02-26,250.0,310.4559682122263,879.0,original
4,2023-03-12,541.0,342.2333112880759,879.0,original
4,2023-03-26,581.0,673.7712520519491,879.0,original
4,2023-04-09,762.0,475.36857150688814,879.0,original
4,2023-04-23,473.0,237.06235279559937,879.0,original
4,2023-05-07,225.0,159.8785426778354,879.0,original
4,2023-05-21,66.0,206.1073616294539,879.0,original
4,2023-06-04,74.0,92.84578255725376,879.0,original
4,2023-06-18,32.0,15.272627439842651,879.0,original
4,2023-07-02,15.0,19.632580004873756,879.0,original
4,2023-07-16,13.0,19.18398964666657,879.0,original
4,2023-07-30,9.0,8.924247038443523,879.0,original
4,2023-08-13,9.0,2.277225069232124,879.0,original
4,2023-08-27,0.0,1.1556327101017867,879.0,original
4,2023-09-10,5.0,1.170069445073465,879.0,original
4,2023-09-24,3.0,1.6228405915522026,879.0,original
4,2023-10-08,6.0,4.150440837448731,879.0,original
4,2023-10-22,3.0,2.630729570110694,879.0,original
4,2023-11-05,7.0,1.9133336778741348,879.0,original
4,2023-11-19,3.0,2.1081730381747725,879.0,original
4,2023-12-03,9.0,-2.294007462533523,879.0,original
4,2023-12-17,12.0,5.042359538805506,879.0,original
4,2023-12-31,39.0,13.445177199008183,879.0,original
4,2024-01-14,156.0,145.13339812988661,879.0,original
4,2024-01-28,558.0,196.6520324898606,879.0,original
4,2024-02-11,1227.0,332.4393756018244,1311.0,original
4,2024-02-25,1109.0,949.5120715209713,1311.0,original
4,2024-03-10,1849.0,510.99295930095866,1601.0,original
4,2024-03-24,1855.0,699.2611178151265,1849.0,original
4,2024-04-07,911.0,1638.24112973058,1855.0,original
4,2024-04-21,646.0,1338.9575656186812,1855.0,original
4,2024-05-05,199.0,-144.0952769515351,1855.0,original
4,2024-05-19,277.0,75.10668158072674,1855.0,original
4,2024-06-02,89.0,70.94446668929575,1855.0,original
4,2024-06-16,10.0,32.06349495404519,1855.0,original
4,2024-06-30,22.0,43.166339513248715,1855.0,original
4,2024-07-14,16.0,10.595311795781537,1855.0,original
4,2024-07-28,14.0,17.943251597398472,1855.0,original
4,2024-08-11,7.0,4.675270976939081,1855.0,original
4,2024-08-25,7.0,6.632471105870989,1855.0,original
4,2024-09-08,6.0,9.016173723817744,1855.0,original
4,2024-09-22,3.0,4.224299592509257,1855.0,original
4,2024-10-06,1.0,7.158232676384448,1855.0,original
4,2024-10-20,0.0,2.784013125353244,1855.0,original
4,2024-11-03,4.0,2.1500828438772897,1855.0,original
4,2024-11-17,1.0,1.3028841073208262,1855.0,original
4,2024-12-01,19.0,2.4946427675488736,1855.0,original
4,2024-12-15,32.0,7.059894008302757,1855.0,original
4,2024-12-29,47.0,105.58982496449367,1855.0,original
4,2025-01-12,161.0,211.86607020503837,1855.0,original
4,2025-01-26,383.0,365.88553348314076,1855.0,original
4,2025-02-09,917.0,1040.2281499487865,1855.0,original
4,2025-02-23,1801.0,1246.0407340417073,1855.0,original
4,2025-03-09,2184.0,888.7264380892759,2381.0,original
4,2025-03-23,2229.0,1914.6756777209757,2381.0,original
4,2025-04-06,2159.0,1295.293541987154,2381.0,original
4,2025-04-20,1988.0,1622.351317418032,2381.0,original
4,2025-05-04,579.0,1101.4264849224633,2381.0,original
4,2025-05-18,105.0,497.91582879178117,2381.0,original
4,2025-06-01,22.0,47.605909174712245,2381.0,original
4,2025-06-15,7.0,25.504433917312912,2381.0,original
4,2025-06-29,5.0,11.73140851311615,2381.0,original
4,2025-07-13,11.0,5.099447958715366,2381.0,original
4,2025-07-27,4.0,4.061026598196683,2381.0,original
4,2025-08-10,6.0,6.32870650615143,2381.0,original
4,2025-08-24,9.0,1.9947742930239156,2381.0,original
4,2025-09-07,7.0,4.018820673097997,2381.0,original
4,2025-09-21,4.0,3.895322666782212,2381.0,original
4,2025-10-05,4.0,4.100367991957594,2381.0,original
4,2025-10-19,5.0,2.7286293488594455,2381.0,original
4,2025-11-02,3.0,5.748991692223461,2381.0,original
4,2025-11-16,1.0,5.130261143741668,2381.0,original
4,2025-11-30,0.0,4.692018921383838,2381.0,original
4,2025-12-14,1.0,0.12964953782000102,2381.0,original
4,2025-12-28,1.0,21.620679078950452,2381.0,original
8,2020-03-15,0.0,35.65675685225327,64.0,original
8,2020-03-29,0.0,6.420417153065747,64.0,original
8,2020-04-12,0.0,7.356425833059508,64.0,original
8,2020-04-26,0.0,2.4999339665142855,64.0,original
8,2020-05-10,0.0,0.12313605345996756,64.0,original
8,2020-05-24,0.0,-0.034440944568067455,64.0,original
8,2020-06-07,0.0,0.08958178889486265,64.0,original
8,2020-06-21,0.0,-0.17981886057747878,64.0,original
8,2020-07-05,0.0,-0.04391423597640352,64.0,original
8,2020-07-19,0.0,-0.022145747908255208,64.0,original
8,2020-08-02,0.0,0.05356081344390571,64.0,original
8,2020-08-16,0.0,-0.1073876825318971,64.0,original
8,2020-08-30,0.0,-0.004095301547417414,64.0,original
8,2020-09-13,0.0,0.04729351418417093,64.0,original
8,2020-09-27,0.0,-0.30889917020051366,64.0,original
8,2020-10-11,0.0,0.2036253062159131,64.0,original
8,2020-10-25,0.0,-0.18455383720899232,64.0,original
8,2020-11-08,0.0,1.4314696351601937,64.0,original
8,2020-11-22,0.0,0.19221818513344244,64.0,original
8,2020-12-06,0.0,0.6023921343490737,64.0,original
8,2020-12-20,0.0,1.989975392900956,64.0,original
8,2021-01-03,0.0,4.393688931945112,64.0,original
8,2021-01-17,0.0,0.3192385858514014,64.0,original
8,2021-01-31,1.0,12.635611000252098,64.0,original
8,2021-02-14,12.0,9.172758039431452,64.0,original
8,2021-02-28,8.0,8.441134154522958,64.0,original
8,2021-03-14,9.0,0.7523018576442753,64.0,original
8,2021-03-28,0.0,15.130243276437225,64.0,original
8,2021-04-11,1.0,30.092212630563807,64.0,original
8,2021-04-25,0.0,15.60572276813682,64.0,original
8,2021-05-09,1.0,-1.001679350952921,64.0,original
8,2021-05-23,1.0,0.5291718298123494,64.0,original
8,2021-06-06,0.0,0.522410687696199,64.0,original
8,2021-06-20,0.0,0.0316517759982347,64.0,original
8,2021-07-04,0.0,0.2640150103792862,64.0,original
8,2021-07-18,0.0,0.12620154029779246,64.0,original
8,2021-08-01,0.0,0.03323102446448233,64.0,original
8,2021-08-15,0.0,-0.01780040088085168,64.0,original
8,2021-08-29,0.0,0.018780239823231393,64.0,original
8,2021-09-12,0.0,0.17176725486963076,64.0,original
8,2021-09-26,0.0,0.07923661137132261,64.0,original
8,2021-10-10,1.0,0.09000710120000426,64.0,original
8,2021-10-24,0.0,0.059122002609708936,64.0,original
8,2021-11-07,1.0,0.5744979764625544,64.0,original
8,2021-11-21,2.0,-0.2492129824518392,64.0,original
8,2021-12-05,1.0,1.7596177688543408,64.0,original
8,2021-12-19,9.0,0.02476572867316321,64.0,original
8,2022-01-02,51.0,3.515921596797293,64.0,original
8,2022-01-16,269.0,31.03117077303403,203.0,original
8,2022-01-30,482.0,96.44039953760513,463.0,original
8,2022-02-13,753.0,125.53080025707516,524.0,original
8,2022-02-27,569.0,136.11558818419635,879.0,original
8,2022-03-13,223.0,253.181546951947,879.0,original
8,2022-03-27,122.0,86.25569818156202,879.0,original
8,2022-04-10,61.0,81.67426856240449,879.0,original
8,2022-04-24,26.0,45.2615611616117,879.0,original
8,2022-05-08,14.0,44.9946110681183,879.0,original
8,2022-05-22,13.0,-19.45799862753435,879.0,original
8,2022-06-05,11.0,15.985224755935711,879.0,original
8,2022-06-19,3.0,5.617633699159252,879.0,original
8,2022-07-03,1.0,0.5467813859962598,879.0,original
8,2022-07-17,0.0,0.23869678130102195,879.0,original
8,2022-07-31,0.0,17.039982723282282,879.0,original
8,2022-08-14,0.0,0.16219380317899543,879.0,original
8,2022-08-28,0.0,0.4048456117412502,879.0,original
8,2022-09-11,6.0,0.16395258584413647,879.0,original
8,2022-09-25,7.0,2.3890417194708404,879.0,original
8,2022-10-09,10.0,3.5552347620651137,879.0,original
8,2022-10-23,0.0,0.6849014697846993,879.0,original
8,2022-11-06,0.0,9.229342191257276,879.0,original
8,2022-11-20,2.0,8.593182345106941,879.0,original
8,2022-12-04,2.0,5.214333060408279,879.0,original
8,2022-12-18,10.0,14.076030922855988,879.0,original
8,2023-01-01,27.0,262.8238615810336,879.0,original
8,2023-01-15,93.0,-6.640820232091665,879.0,original
8,2023-01-29,250.0,112.32799366215473,879.0,original
8,2023-02-12,541.0,730.3863488836254,879.0,original
8,2023-02-26,581.0,411.0191565866234,879.0,original
8,2023-03-12,762.0,141.1802402639835,879.0,original
8,2023-03-26,473.0,206.91947010821994,879.0,original
8,2023-04-09,225.0,488.48244944309556,879.0,original
8,2023-04-23,66.0,62.97827736157713,879.0,original
8,2023-05-07,74.0,25.872911476620377,879.0,original
8,2023-05-21,32.0,35.77686379010375,879.0,original
8,2023-06-04,15.0,59.563249805790406,879.0,original
8,2023-06-18,13.0,5.2127577637510445,879.0,original
8,2023-07-02,9.0,4.075583767172836,879.0,original
8,2023-07-16,9.0,2.6207407241664633,879.0,original
8,2023-07-30,0.0,1.6497230149642699,879.0,original
8,2023-08-13,5.0,1.1374448764902179,879.0,original
8,2023-08-27,3.0,1.669803280108752,879.0,original
8,2023-09-10,6.0,3.619686360939561,879.0,original
8,2023-09-24,3.0,4.76095518417472,879.0,original
8,2023-10-08,7.0,3.9861344926768076,879.0,original
8,2023-10-22,3.0,2.5151351004129547,879.0,original
8,2023-11-05,9.0,1.6910487713338163,879.0,original
8,2023-11-19,12.0,3.045458346743142,879.0,original
8,2023-12-03,39.0,41.76724739544728,879.0,original
8,2023-12-17,156.0,11.342052798890462,879.0,original
8,2023-12-31,558.0,109.18340748050728,879.0,original
8,2024-01-14,1227.0,357.3772554959464,1311.0,original
8,2024-01-28,1109.0,756.6648737614328,1311.0,original
8,2024-02-11,1849.0,1373.8901867347747,1601.0,original
8,2024-02-25,1855.0,784.8526237754952,1849.0,original
8,2024-03-10,911.0,195.7845602756787,1855.0,original
8,2024-03-24,646.0,273.5154440572418,1855.0,original
8,2024-04-07,199.0,466.1215474002083,1855.0,original
8,2024-04-21,277.0,284.1399530643304,1855.0,original
8,2024-05-05,89.0,67.77168466228422,1855.0,original
8,2024-05-19,10.0,26.234304253277756,1855.0,original
8,2024-06-02,22.0,-12.864697600602788,1855.0,original
8,2024-06-16,16.0,26.366431658137046,1855.0,original
8,2024-06-30,14.0,85.28318439633898,1855.0,original
8,2024-07-14,7.0,7.341499588799284,1855.0,original
8,2024-07-28,7.0,2.54261680056241,1855.0,original
8,2024-08-11,6.0,3.154420093889522,1855.0,original
8,2024-08-25,3.0,2.7490518110805393,1855.0,original
8,2024-09-08,1.0,1.9821955024163074,1855.0,original
8,2024-09-22,0.0,2.398608531062292,1855.0,original
8,2024-10-06,4.0,4.55304472081179,1855.0,original
8,2024-10-20,1.0,0.883482126291626,1855.0,original
8,2024-11-03,19.0,3.8877078473406237,1855.0,original
8,2024-11-17,32.0,23.224012225292572,1855.0,original
8,2024-12-01,47.0,2.4641152177499257,1855.0,original
8,2024-12-15,161.0,56.26495064332921,1855.0,original
8,2024-12-29,383.0,759.8171911718958,1855.0,original
8,2025-01-12,917.0,662.250103559364,1855.0,original
8,2025-01-26,1801.0,1341.7800517349501,1855.0,original
8,2025-02-09,2184.0,2199.8645288031776,2381.0,original
8,2025-02-23,2229.0,1682.1237833904847,2381.0,original
8,2025-03-09,2159.0,594.3730057339602,2381.0,original
8,2025-03-23,1988.0,723.285826271319,2381.0,original
8,2025-04-06,579.0,239.7711150168542,2381.0,original
8,2025-04-20,105.0,511.0906833640317,2381.0,original
8,2025-05-04,22.0,147.46863550294123,2381.0,original
8,2025-05-18,7.0,-69.7210263413981,2381.0,original
8,2025-06-01,5.0,16.177165243886783,2381.0,original
8,2025-06-15,11.0,7.729757384072709,2381.0,original
8,2025-06-29,4.0,1.6223119807865252,2381.0,original
8,2025-07-13,6.0,2.4002813440991875,2381.0,original
8,2025-07-27,9.0,2.415679831788875,2381.0,original
8,2025-08-10,7.0,2.8038145027669747,2381.0,original
8,2025-08-24,4.0,3.1696330177074237,2381.0,original
8,2025-09-07,4.0,3.0532058131522035,2381.0,original
8,2025-09-21,5.0,-0.4424391080309923,2381.0,original
8,2025-10-05,3.0,7.31296189421377,2381.0,original
8,2025-10-19,1.0,2.9089698487644484,2381.0,original
8,2025-11-02,0.0,5.043873733007625,2381.0,original
8,2025-11-16,1.0,3.4177519100715883,2381.0,original
8,2025-11-30,1.0,10.591810086815812,2381.0,original
12,2020-03-15,0.0,21.86062354870984,64.0,original
12,2020-03-29,0.0,37.969402704150646,64.0,original
12,2020-04-12,0.0,3.7458726760582675,64.0,original
12,2020-04-26,0.0,1.6350203160067058,64.0,original
12,2020-05-10,0.0,0.5919244402179246,64.0,original
12,2020-05-24,0.0,-0.04750936038464393,64.0,original
12,2020-06-07,0.0,0.03726328089696873,64.0,original
12,2020-06-21,0.0,-0.11620665790087238,64.0,original
12,2020-07-05,0.0,0.0774712640994801,64.0,original
12,2020-07-19,0.0,-0.09148224371197676,64.0,original
12,2020-08-02,0.0,0.024381391647765455,64.0,original
12,2020-08-16,0.0,-0.14020444123562706,64.0,original
12,2020-08-30,0.0,0.14845306567326644,64.0,original
12,2020-09-13,0.0,0.3758106593717771,64.0,original
12,2020-09-27,0.0,1.313142157024765,64.0,original
12,2020-10-11,0.0,0.8773321639276046,64.0,original
12,2020-10-25,0.0,2.5884265714442924,64.0,original
12,2020-11-08,0.0,2.2531128852038607,64.0,original
12,2020-11-22,0.0,1.8794442069858943,64.0,original
12,2020-12-06,0.0,4.914558152060013,64.0,original
12,2020-12-20,0.0,2.9757417265988733,64.0,original
12,2021-01-03,1.0,6.916450396022814,64.0,original
12,2021-01-17,12.0,9.200037870575713,64.0,original
12,2021-01-31,8.0,38.94903795864852,64.0,original
12,2021-02-14,9.0,29.780517857906236,64.0,original
12,2021-02-28,0.0,9.735961814108625,64.0,original
12,2021-03-14,1.0,37.29067293032465,64.0,original
12,2021-03-28,0.0,4.643442310748992,64.0,original
12,2021-04-11,1.0,7.573201988561048,64.0,original
12,2021-04-25,1.0,1.6455847658678986,64.0,original
12,2021-05-09,0.0,0.5115419596458494,64.0,original
12,2021-05-23,0.0,0.8419443404387887,64.0,original
12,2021-06-06,0.0,0.03219560010748455,64.0,original
12,2021-06-20,0.0,0.07883981272133672,64.0,original
12,2021-07-04,0.0,-0.011712002558936068,64.0,original
12,2021-07-18,0.0,-0.07806441622598931,64.0,original
12,2021-08-01,0.0,0.0009523386283570468,64.0,original
12,2021-08-15,0.0,-0.03466583378141269,64.0,original
12,2021-08-29,0.0,0.16468171927722655,64.0,original
12,2021-09-12,1.0,-0.23116266703812066,64.0,original
12,2021-09-26,0.0,0.37826974826873017,64.0,original
12,2021-10-10,1.0,0.3307918426983607,64.0,original
12,2021-10-24,2.0,-0.45011399341522806,64.0,original
12,2021-11-07,1.0,1.6076450487702956,64.0,original
12,2021-11-21,9.0,-1.6553011821143697,64.0,original
12,2021-12-05,51.0,3.2314587340831737,64.0,original
12,2021-12-19,269.0,1.3953793952811981,203.0,original
12,2022-01-02,482.0,13.152715289464957,463.0,original
12,2022-01-16,753.0,108.00939221837102,524.0,original
12,2022-01-30,569.0,287.1263196030373,879.0,original
12,2022-02-13,223.0,72.35860336031617,879.0,original
12,2022-02-27,122.0,336.44319530563325,879.0,original
12,2022-03-13,61.0,53.56730907398983,879.0,original
12,2022-03-27,26.0,-18.902642563378325,879.0,original
12,2022-04-10,14.0,12.226571733151912,879.0,original
12,2022-04-24,13.0,18.272027277097347,879.0,original
12,2022-05-08,11.0,12.526839364901598,879.0,original
12,2022-05-22,3.0,8.570421264731262,879.0,original
12,2022-06-05,1.0,1.3181083908758664,879.0,original
12,2022-06-19,0.0,0.4272535482551779,879.0,original
12,2022-07-03,0.0,0.5053478207068399,879.0,original
12,2022-07-17,0.0,0.893316324373974,879.0,original
12,2022-07-31,0.0,2.2419911201208857,879.0,original
12,2022-08-14,6.0,0.40888648501972213,879.0,original
12,2022-08-28,7.0,3.844273799079158,879.0,original
12,2022-09-11,10.0,2.508401343744528,879.0,original
12,2022-09-25,0.0,6.310389658369125,879.0,original
12,2022-10-09,0.0,2.706941534345032,879.0,original
12,2022-10-23,2.0,1.1270514627613595,879.0,original
12,2022-11-06,2.0,2.798789327758608,879.0,original
12,2022-11-20,10.0,8.906986881714168,879.0,original
12,2022-12-04,27.0,18.341809498728207,879.0,original
12,2022-12-18,93.0,8.341514189999724,879.0,original
12,2023-01-01,250.0,355.72302600134014,879.0,original
12,2023-01-15,541.0,58.53768743429363,879.0,original
12,2023-01-29,581.0,23.44799462214725,879.0,original
12,2023-02-12,762.0,199.09817901868348,879.0,original
12,2023-02-26,473.0,109.91274974000747,879.0,original
12,2023-03-12,225.0,71.4357585024004,879.0,original
12,2023-03-26,66.0,-11.333962214283455,879.0,original
12,2023-04-09,74.0,179.26782214380148,879.0,original
12,2023-04-23,32.0,25.786735784419033,879.0,original
12,2023-05-07,15.0,10.528308831368488,879.0,original
12,2023-05-21,13.0,15.651273117105822,879.0,original
12,2023-06-04,9.0,9.096455737718594,879.0,original
12,2023-06-18,9.0,0.6151379821720795,879.0,original
12,2023-07-02,0.0,1.528966486137497,879.0,original
12,2023-07-16,5.0,1.222706884537934,879.0,original
12,2023-07-30,3.0,1.5050645637997946,879.0,original
12,2023-08-13,6.0,3.5836137215932555,879.0,original
12,2023-08-27,3.0,3.3988663854406957,879.0,original
12,2023-09-10,7.0,5.0977564442453165,879.0,original
12,2023-09-24,3.0,2.6122617891451805,879.0,original
12,2023-10-08,9.0,4.119943879465087,879.0,original
12,2023-10-22,12.0,7.722898824478768,879.0,original
12,2023-11-05,39.0,10.347376184584853,879.0,original
12,2023-11-19,156.0,59.657952726140415,879.0,original
12,2023-12-03,558.0,91.52498203662117,879.0,original
12,2023-12-17,1227.0,271.9752081756457,1311.0,original
12,2023-12-31,1109.0,729.1541187564152,1311.0,original
12,2024-01-14,1849.0,953.4935649934063,1601.0,original
12,2024-01-28,1855.0,230.9830237269247,1849.0,original
12,2024-02-11,911.0,241.32225910086362,1855.0,original
12,2024-02-25,646.0,278.12701580003585,1855.0,original
12,2024-03-10,199.0,229.94750835891872,1855.0,original
12,2024-03-24,277.0,67.99561143878753,1855.0,original
12,2024-04-07,89.0,134.95713420342645,1855.0,original
12,2024-04-21,10.0,118.39233144885434,1855.0,original
12,2024-05-05,22.0,8.01659642573091,1855.0,original
12,2024-05-19,16.0,23.690095093074014,1855.0,original
12,2024-06-02,14.0,8.987151559963301,1855.0,original
12,2024-06-16,7.0,9.278063953766752,1855.0,original
12,2024-06-30,7.0,3.404971494545098,1855.0,original
12,2024-07-14,6.0,-3.1660427228654973,1855.0,original
12,2024-07-28,3.0,2.1067177702036624,1855.0,original
12,2024-08-11,1.0,3.063851465437114,1855.0,original
12,2024-08-25,0.0,2.957763619816625,1855.0,original
12,2024-09-08,4.0,-2.887753435840886,1855.0,original
12,2024-09-22,1.0,3.519150904512705,1855.0,original
12,2024-10-06,19.0,10.955855903171532,1855.0,original
12,2024-10-20,32.0,8.51576928245481,1855.0,original
12,2024-11-03,47.0,3.3662744535247415,1855.0,original
12,2024-11-17,161.0,318.1892950159773,1855.0,original
12,2024-12-01,383.0,211.96412414458132,1855.0,original
12,2024-12-15,917.0,497.9404933463669,1855.0,original
12,2024-12-29,1801.0,1254.775593805433,1855.0,original
12,2025-01-12,2184.0,2004.067051251439,2381.0,original
12,2025-01-26,2229.0,1741.1283678493558,2381.0,original
12,2025-02-09,2159.0,1013.3353530849496,2381.0,original
12,2025-02-23,1988.0,545.4947700400904,2381.0,original
12,2025-03-09,579.0,153.25275702168534,2381.0,original
12,2025-03-23,105.0,273.40892705790657,2381.0,original
12,2025-04-06,22.0,37.28247945688365,2381.0,original
12,2025-04-20,7.0,27.177843047915005,2381.0,original
12,2025-05-04,5.0,-6.834866109326462,2381.0,original
12,2025-05-18,11.0,7.319571354084093,2381.0,original
12,2025-06-01,4.0,16.7665673222894,2381.0,original
12,2025-06-15,6.0,3.2958288340052175,2381.0,original
12,2025-06-29,9.0,2.706551264166894,2381.0,original
12,2025-07-13,7.0,2.2747744854779715,2381.0,original
12,2025-07-27,4.0,1.7479845460841852,2381.0,original
12,2025-08-10,4.0,1.936982197791991,2381.0,original
12,2025-08-24,5.0,0.35607623024430557,2381.0,original
12,2025-09-07,3.0,4.185966854037745,2381.0,original
12,2025-09-21,1.0,3.707548107825679,2381.0,original
12,2025-10-05,0.0,3.165441256875503,2381.0,original
12,2025-10-19,1.0,20.03441645679003,2381.0,original
12,2025-11-02,1.0,4.602928310487512,2381.0,original
1,2020-03-15,0.0,1.8294311915234385,64.0,log1p
1,2020-03-29,2.0,1.1381550848158357,64.0,log1p
1,2020-04-12,1.0,3.525273840795158,64.0,log1p
1,2020-04-26,0.0,0.8704322764489747,64.0,log1p
1,2020-05-10,1.0,0.23717559678613284,64.0,log1p
1,2020-05-24,0.0,0.31921720374248447,64.0,log1p
1,2020-06-07,0.0,0.18271732228766624,64.0,log1p
1,2020-06-21,0.0,-0.20048235653498175,64.0,log1p
1,2020-07-05,0.0,-0.057324556013168715,64.0,log1p
1,2020-07-19,0.0,-0.01045624943978862,64.0,log1p
1,2020-08-02,0.0,0.038472328637318476,64.0,log1p
1,2020-08-16,0.0,-0.08479271140707197,64.0,log1p
1,2020-08-30,0.0,-0.020382955377326723,64.0,log1p
1,2020-09-13,0.0,0.12493118379283956,64.0,log1p
1,2020-09-27,0.0,-0.08957049291785042,64.0,log1p
1,2020-10-11,0.0,-0.06642583643223099,64.0,log1p
1,2020-10-25,0.0,-0.018092195779724065,64.0,log1p
1,2020-11-08,0.0,-0.0357863339202582,64.0,log1p
1,2020-11-22,0.0,0.22009343996665534,64.0,log1p
1,2020-12-06,0.0,0.16592269171800558,64.0,log1p
1,2020-12-20,0.0,0.5322074288905773,64.0,log1p
1,2021-01-03,0.0,1.5686850375691357,64.0,log1p
1,2021-01-17,0.0,0.2408344747864563,64.0,log1p
1,2021-01-31,0.0,0.15244510302266653,64.0,log1p
1,2021-02-14,2.0,-0.06660343404775401,64.0,log1p
1,2021-02-28,1.0,0.22464636929537513,64.0,log1p
1,2021-03-14,1.0,1.3618869946914365,64.0,log1p
1,2021-03-28,9.0,0.3975384903986511,64.0,log1p
1,2021-04-11,12.0,9.756575917610263,64.0,log1p
1,2021-04-25,7.0,6.721879547989743,64.0,log1p
1,2021-05-09,5.0,7.897844285743495,64.0,log1p
1,2021-05-23,1.0,-0.23396759029467198,64.0,log1p
1,2021-06-06,0.0,0.014275616287696908,64.0,log1p
1,2021-06-20,0.0,-0.057539697555681876,64.0,log1p
1,2021-07-04,0.0,-0.07948528189546097,64.0,log1p
1,2021-07-18,0.0,-0.012312773748159707,64.0,log1p
1,2021-08-01,0.0,0.08954226780460058,64.0,log1p
1,2021-08-15,0.0,0.03619065873502225,64.0,log1p
1,2021-08-29,0.0,-0.03114119068559049,64.0,log1p
1,2021-09-12,0.0,-0.00737202899157144,64.0,log1p
1,2021-09-26,0.0,0.008399480708368755,64.0,log1p
1,2021-10-10,0.0,0.007849245269680739,64.0,log1p
1,2021-10-24,0.0,0.1541012034145003,64.0,log1p
1,2021-11-07,0.0,0.26102111291194907,64.0,log1p
1,2021-11-21,0.0,0.040985470057224915,64.0,log1p
1,2021-12-05,0.0,0.05453648293233483,64.0,log1p
1,2021-12-19,0.0,0.27614926043289134,64.0,log1p
1,2022-01-02,0.0,0.027920605594883748,64.0,log1p
1,2022-01-16,0.0,0.898947431386729,64.0,log1p
1,2022-01-30,2.0,-0.10810725423681707,64.0,log1p
1,2022-02-13,20.0,12.17968769349301,64.0,log1p
1,2022-02-27,203.0,35.70935609716051,64.0,log1p
1,2022-03-13,463.0,127.6685579859147,269.0,log1p
1,2022-03-27,524.0,182.55304949168647,482.0,log1p
1,2022-04-10,879.0,271.2028005645987,753.0,log1p
1,2022-04-24,344.0,501.93055744278666,879.0,log1p
1,2022-05-08,313.0,251.5750217942118,879.0,log1p
1,2022-05-22,92.0,50.59907407629569,879.0,log1p
1,2022-06-05,17.0,39.53227302258683,879.0,log1p
1,2022-06-19,19.0,15.589262377290137,879.0,log1p
1,2022-07-03,24.0,6.991292410257052,879.0,log1p
1,2022-07-17,11.0,12.481443273682144,879.0,log1p
1,2022-07-31,3.0,8.55349213666589,879.0,log1p
1,2022-08-14,3.0,0.27646420159236385,879.0,log1p
1,2022-08-28,2.0,0.4630747437016749,879.0,log1p
1,2022-09-11,3.0,0.8831327627130676,879.0,log1p
1,2022-09-25,1.0,0.538170003022021,879.0,log1p
1,2022-10-09,1.0,0.7063874322001804,879.0,log1p
1,2022-10-23,0.0,0.7635165537924352,879.0,log1p
1,2022-11-06,11.0,0.5275898908594876,879.0,log1p
1,2022-11-20,9.0,11.989621151837083,879.0,log1p
1,2022-12-04,4.0,7.453201635306883,879.0,log1p
1,2022-12-18,1.0,1.6492809440460863,879.0,log1p
1,2023-01-01,3.0,1.1830245627581089,879.0,log1p
1,2023-01-15,0.0,1.217121963099878,879.0,log1p
1,2023-01-29,0.0,1.6911921279050013,879.0,log1p
1,2023-02-12,7.0,15.864411119467928,879.0,log1p
1,2023-02-26,37.0,51.16853473707913,879.0,log1p
1,2023-03-12,199.0,166.77562369126886,879.0,log1p
1,2023-03-26,360.0,411.04971906483405,879.0,log1p
1,2023-04-09,589.0,626.7379368875461,879.0,log1p
1,2023-04-23,760.0,549.2940148686577,879.0,log1p
1,2023-05-07,540.0,601.2124125190101,879.0,log1p
1,2023-05-21,450.0,367.71917322313845,879.0,log1p
1,2023-06-04,219.0,217.61211539596164,879.0,log1p
1,2023-06-18,76.0,53.143700219282884,879.0,log1p
1,2023-07-02,52.0,38.01323319236819,879.0,log1p
1,2023-07-16,25.0,30.253167528695275,879.0,log1p
1,2023-07-30,18.0,16.448831962699714,879.0,log1p
1,2023-08-13,9.0,11.71797673800779,879.0,log1p
1,2023-08-27,1.0,3.644220580566567,879.0,log1p
1,2023-09-10,3.0,4.970952608619366,879.0,log1p
1,2023-09-24,5.0,1.8581651494233766,879.0,log1p
1,2023-10-08,4.0,5.221993616330912,879.0,log1p
1,2023-10-22,7.0,1.4166045978538953,879.0,log1p
1,2023-11-05,0.0,5.54565460431017,879.0,log1p
1,2023-11-19,3.0,0.3446177283536591,879.0,log1p
1,2023-12-03,3.0,6.626692641960535,879.0,log1p
1,2023-12-17,10.0,2.370092041635657,879.0,log1p
1,2023-12-31,11.0,5.723095463074083,879.0,log1p
1,2024-01-14,30.0,14.529522195489529,879.0,log1p
1,2024-01-28,80.0,40.88937104656415,879.0,log1p
1,2024-02-11,249.0,151.35184119009074,879.0,log1p
1,2024-02-25,1311.0,678.0581656699661,879.0,log1p
1,2024-03-10,995.0,737.4203537289051,1311.0,log1p
1,2024-03-24,1601.0,856.20749097315,1311.0,log1p
1,2024-04-07,1783.0,1291.7915161935107,1849.0,log1p
1,2024-04-21,1347.0,1701.580149619703,1855.0,log1p
1,2024-05-05,1510.0,1010.8810436584173,1855.0,log1p
1,2024-05-19,520.0,669.9102557801264,1855.0,log1p
1,2024-06-02,263.0,162.88969626751063,1855.0,log1p
1,2024-06-16,194.0,226.2779245848156,1855.0,log1p
1,2024-06-30,22.0,37.79604100763329,1855.0,log1p
1,2024-07-14,13.0,8.115506534561817,1855.0,log1p
1,2024-07-28,13.0,15.243173346605039,1855.0,log1p
1,2024-08-11,13.0,8.574834464852279,1855.0,log1p
1,2024-08-25,9.0,13.699737463037652,1855.0,log1p
1,2024-09-08,10.0,4.779715773287261,1855.0,log1p
1,2024-09-22,3.0,6.257647914752327,1855.0,log1p
1,2024-10-06,2.0,6.817092370271785,1855.0,log1p
1,2024-10-20,3.0,1.357553043088521,1855.0,log1p
1,2024-11-03,2.0,2.0420009444723775,1855.0,log1p
1,2024-11-17,7.0,1.5346337702189117,1855.0,log1p
1,2024-12-01,5.0,2.3755804670028975,1855.0,log1p
1,2024-12-15,1.0,1.3493096176423234,1855.0,log1p
1,2024-12-29,26.0,28.861184264295638,1855.0,log1p
1,2025-01-12,37.0,51.73456011753902,1855.0,log1p
1,2025-01-26,75.0,58.916303733787025,1855.0,log1p
1,2025-02-09,245.0,244.97562373028933,1855.0,log1p
1,2025-02-23,494.0,418.46410238241714,1855.0,log1p
1,2025-03-09,1199.0,836.0279959346614,1855.0,log1p
1,2025-03-23,2381.0,1427.3922752586082,1855.0,log1p
1,2025-04-06,2247.0,1963.123511757459,2381.0,log1p
1,2025-04-20,2212.0,1773.8599383411647,2381.0,log1p
1,2025-05-04,1944.0,1644.3996595870424,2381.0,log1p
1,2025-05-18,883.0,1529.7486984458678,2381.0,log1p
1,2025-06-01,257.0,357.88395653087963,2381.0,log1p
1,2025-06-15,50.0,101.14714307936573,2381.0,log1p
1,2025-06-29,13.0,16.394587671584347,2381.0,log1p
1,2025-07-13,9.0,8.614909247164798,2381.0,log1p
1,2025-07-27,4.0,1.0407872362705028,2381.0,log1p
1,2025-08-10,9.0,4.801196187472619,2381.0,log1p
1,2025-08-24,8.0,3.5460500865887914,2381.0,log1p
1,2025-09-07,3.0,1.0832006463170134,2381.0,log1p
1,2025-09-21,6.0,6.575092964137174,2381.0,log1p
1,2025-10-05,5.0,3.261522233345995,2381.0,log1p
1,2025-10-19,8.0,2.5869928172168657,2381.0,log1p
1,2025-11-02,0.0,2.6492274601399757,2381.0,log1p
1,2025-11-16,2.0,2.5952089065176387,2381.0,log1p
1,2025-11-30,2.0,2.9469991042517627,2381.0,log1p
1,2025-12-14,1.0,2.4879471643589763,2381.0,log1p
1,2025-12-28,2.0,3.2522869467623887,2381.0,log1p
1,2026-01-11,1.0,4.124634929984163,2381.0,log1p
1,2026-01-25,1.0,1.34190088778011,2381.0,log1p
4,2020-03-15,3.0,9.934683367997783,64.0,log1p
4,2020-03-29,0.0,0.8892619936809234,64.0,log1p
4,2020-04-12,0.0,0.2214171271009641,64.0,log1p
4,2020-04-26,0.0,1.1694246478674073,64.0,log1p
4,2020-05-10,0.0,-0.022572739000026907,64.0,log1p
4,2020-05-24,0.0,-0.0067632621959140896,64.0,log1p
4,2020-06-07,0.0,-0.008715377044618956,64.0,log1p
4,2020-06-21,0.0,0.06263318232080564,64.0,log1p
4,2020-07-05,0.0,0.04900110187343873,64.0,log1p
4,2020-07-19,0.0,0.01878721347177701,64.0,log1p
4,2020-08-02,0.0,0.02504736587175284,64.0,log1p
4,2020-08-16,0.0,0.11834648324190343,64.0,log1p
4,2020-08-30,0.0,0.2035376021454426,64.0,log1p
4,2020-09-13,0.0,-0.021097574110163726,64.0,log1p
4,2020-09-27,0.0,0.7359545489164424,64.0,log1p
4,2020-10-11,0.0,-0.022914845146108455,64.0,log1p
4,2020-10-25,0.0,-0.02386113024872912,64.0,log1p
4,2020-11-08,0.0,0.33962943374724874,64.0,log1p
4,2020-11-22,0.0,0.6819687917621368,64.0,log1p
4,2020-12-06,0.0,0.10015685002517084,64.0,log1p
4,2020-12-20,0.0,1.553956600451335,64.0,log1p
4,2021-01-03,0.0,0.46506006776535724,64.0,log1p
4,2021-01-17,0.0,0.009184172809501482,64.0,log1p
4,2021-01-31,0.0,2.075165333192165,64.0,log1p
4,2021-02-14,0.0,1.3285452391293968,64.0,log1p
4,2021-02-28,1.0,0.16776311121159385,64.0,log1p
4,2021-03-14,12.0,0.9448450798758288,64.0,log1p
4,2021-03-28,8.0,1.2543254270929949,64.0,log1p
4,2021-04-11,9.0,21.80130649057935,64.0,log1p
4,2021-04-25,0.0,5.8660229465433,64.0,log1p
4,2021-05-09,1.0,1.2605481770725238,64.0,log1p
4,2021-05-23,0.0,-0.05797996966663547,64.0,log1p
4,2021-06-06,1.0,0.44473661997358166,64.0,log1p
4,2021-06-20,1.0,0.056084788850287115,64.0,log1p
4,2021-07-04,0.0,0.4760026643869079,64.0,log1p
4,2021-07-18,0.0,0.12161955816955347,64.0,log1p
4,2021-08-01,0.0,-0.05355742127402168,64.0,log1p
4,2021-08-15,0.0,0.013469458839577592,64.0,log1p
4,2021-08-29,0.0,0.057175826771570376,64.0,log1p
4,2021-09-12,0.0,0.0057633956131331165,64.0,log1p
4,2021-09-26,0.0,0.006055653282900259,64.0,log1p
4,2021-10-10,0.0,0.01488389255970063,64.0,log1p
4,2021-10-24,0.0,0.036169107464621625,64.0,log1p
4,2021-11-07,1.0,0.0879164380352913,64.0,log1p
4,2021-11-21,0.0,-0.005692102582658366,64.0,log1p
4,2021-12-05,1.0,1.3392340997885679,64.0,log1p
4,2021-12-19,2.0,0.6059307910082528,64.0,log1p
4,2022-01-02,1.0,0.8662509170198505,64.0,log1p
4,2022-01-16,9.0,1.2540941512699217,64.0,log1p
4,2022-01-30,51.0,4.453815289201667,64.0,log1p
4,2022-02-13,269.0,32.65335608483023,203.0,log1p
4,2022-02-27,482.0,30.39474875599844,463.0,log1p
4,2022-03-13,753.0,164.93708266008431,524.0,log1p
4,2022-03-27,569.0,63.16126391854289,879.0,log1p
4,2022-04-10,223.0,101.77561354690323,879.0,log1p
4,2022-04-24,122.0,55.01985953286305,879.0,log1p
4,2022-05-08,61.0,59.83822964568911,879.0,log1p
4,2022-05-22,26.0,58.458128447214314,879.0,log1p
4,2022-06-05,14.0,17.264780564121054,879.0,log1p
4,2022-06-19,13.0,7.273741442086235,879.0,log1p
4,2022-07-03,11.0,1.181213844213235,879.0,log1p
4,2022-07-17,3.0,1.3868579479489993,879.0,log1p
4,2022-07-31,1.0,1.9327511660083414,879.0,log1p
4,2022-08-14,0.0,0.4619687759955259,879.0,log1p
4,2022-08-28,0.0,1.0355627531292126,879.0,log1p
4,2022-09-11,0.0,0.12749888374520796,879.0,log1p
4,2022-09-25,0.0,0.028384439026147464,879.0,log1p
4,2022-10-09,6.0,-0.0175404847997751,879.0,log1p
4,2022-10-23,7.0,0.28827833128134683,879.0,log1p
4,2022-11-06,10.0,1.522705969004825,879.0,log1p
4,2022-11-20,0.0,3.4062638282111224,879.0,log1p
4,2022-12-04,0.0,1.7028057964014323,879.0,log1p
4,2022-12-18,2.0,1.1569274042433926,879.0,log1p
4,2023-01-01,2.0,2.112995326033713,879.0,log1p
4,2023-01-15,10.0,2.4084381819713125,879.0,log1p
4,2023-01-29,27.0,5.264749719637817,879.0,log1p
4,2023-02-12,93.0,224.7526800038541,879.0,log1p
4,2023-02-26,250.0,378.5020667094876,879.0,log1p
4,2023-03-12,541.0,336.0949165533311,879.0,log1p
4,2023-03-26,581.0,620.6720455116067,879.0,log1p
4,2023-04-09,762.0,506.18765916904556,879.0,log1p
4,2023-04-23,473.0,152.640842052784,879.0,log1p
4,2023-05-07,225.0,85.05172367242544,879.0,log1p
4,2023-05-21,66.0,191.14542935042513,879.0,log1p
4,2023-06-04,74.0,58.70563008358624,879.0,log1p
4,2023-06-18,32.0,32.464988722584,879.0,log1p
4,2023-07-02,15.0,18.267313956272076,879.0,log1p
4,2023-07-16,13.0,23.959335594981905,879.0,log1p
4,2023-07-30,9.0,9.789031805192115,879.0,log1p
4,2023-08-13,9.0,0.6427770201413241,879.0,log1p
4,2023-08-27,0.0,0.8342798113609523,879.0,log1p
4,2023-09-10,5.0,0.9961833518076698,879.0,log1p
4,2023-09-24,3.0,1.4412942227461392,879.0,log1p
4,2023-10-08,6.0,3.853198769868721,879.0,log1p
4,2023-10-22,3.0,4.065560784180079,879.0,log1p
4,2023-11-05,7.0,1.1351416684028164,879.0,log1p
4,2023-11-19,3.0,0.9908239203184908,879.0,log1p
4,2023-12-03,9.0,3.8819048354420715,879.0,log1p
4,2023-12-17,12.0,2.3732436173609353,879.0,log1p
4,2023-12-31,39.0,3.2747369360915073,879.0,log1p
4,2024-01-14,156.0,19.24659718935001,879.0,log1p
4,2024-01-28,558.0,345.4579327750603,879.0,log1p
4,2024-02-11,1227.0,210.60424664888046,1311.0,log1p
4,2024-02-25,1109.0,382.99036693490274,1311.0,log1p
4,2024-03-10,1849.0,908.4620874924793,1601.0,log1p
4,2024-03-24,1855.0,945.5967734238379,1849.0,log1p
4,2024-04-07,911.0,991.6746526240461,1855.0,log1p
4,2024-04-21,646.0,619.4965532082083,1855.0,log1p
4,2024-05-05,199.0,142.99323399852636,1855.0,log1p
4,2024-05-19,277.0,222.73831573021832,1855.0,log1p
4,2024-06-02,89.0,87.10334100758624,1855.0,log1p
4,2024-06-16,10.0,36.42605180833254,1855.0,log1p
4,2024-06-30,22.0,21.020225241616984,1855.0,log1p
4,2024-07-14,16.0,6.847583663752442,1855.0,log1p
4,2024-07-28,14.0,3.9741788202258266,1855.0,log1p
4,2024-08-11,7.0,3.4983064094636784,1855.0,log1p
4,2024-08-25,7.0,7.102643263132734,1855.0,log1p
4,2024-09-08,6.0,4.861764908372542,1855.0,log1p
4,2024-09-22,3.0,4.257596199437703,1855.0,log1p
4,2024-10-06,1.0,4.29823718924214,1855.0,log1p
4,2024-10-20,0.0,1.877757539398363,1855.0,log1p
4,2024-11-03,4.0,3.599381430623112,1855.0,log1p
4,2024-11-17,1.0,2.006832141196847,1855.0,log1p
4,2024-12-01,19.0,4.580365255887255,1855.0,log1p
4,2024-12-15,32.0,8.15144345240863,1855.0,log1p
4,2024-12-29,47.0,81.2404679645314,1855.0,log1p
4,2025-01-12,161.0,128.63473859738164,1855.0,log1p
4,2025-01-26,383.0,461.49675352146335,1855.0,log1p
4,2025-02-09,917.0,862.241030442809,1855.0,log1p
4,2025-02-23,1801.0,991.5822042620807,1855.0,log1p
4,2025-03-09,2184.0,822.3475591687891,2381.0,log1p
4,2025-03-23,2229.0,1769.160167250778,2381.0,log1p
4,2025-04-06,2159.0,1003.3613383533364,2381.0,log1p
4,2025-04-20,1988.0,866.7108421373312,2381.0,log1p
4,2025-05-04,579.0,284.7997495517094,2381.0,log1p
4,2025-05-18,105.0,310.2654711071045,2381.0,log1p
4,2025-06-01,22.0,164.99783791887663,2381.0,log1p
4,2025-06-15,7.0,40.17089736536249,2381.0,log1p
4,2025-06-29,5.0,10.422537705110035,2381.0,log1p
4,2025-07-13,11.0,5.125040053825593,2381.0,log1p
4,2025-07-27,4.0,2.5630939554572354,2381.0,log1p
4,2025-08-10,6.0,2.0539111604261553,2381.0,log1p
4,2025-08-24,9.0,0.7102453749576741,2381.0,log1p
4,2025-09-07,7.0,3.3212625086503564,2381.0,log1p
4,2025-09-21,4.0,3.1078205493946336,2381.0,log1p
4,2025-10-05,4.0,2.3024929747904683,2381.0,log1p
4,2025-10-19,5.0,1.9361240184503632,2381.0,log1p
4,2025-11-02,3.0,5.758630011317737,2381.0,log1p
4,2025-11-16,1.0,1.4423016645704478,2381.0,log1p
4,2025-11-30,0.0,3.247131972092463,2381.0,log1p
4,2025-12-14,1.0,5.704825049557848,2381.0,log1p
4,2025-12-28,1.0,0.9407714537808821,2381.0,log1p
8,2020-03-15,0.0,7.092835450178936,64.0,log1p
8,2020-03-29,0.0,0.5249983500473633,64.0,log1p
8,2020-04-12,0.0,1.1221269642617158,64.0,log1p
8,2020-04-26,0.0,0.2367421235827667,64.0,log1p
8,2020-05-10,0.0,-0.07043782196790971,64.0,log1p
8,2020-05-24,0.0,0.07431962637760625,64.0,log1p
8,2020-06-07,0.0,0.14613575448065064,64.0,log1p
8,2020-06-21,0.0,-0.07377526036589262,64.0,log1p
8,2020-07-05,0.0,0.00215417999062103,64.0,log1p
8,2020-07-19,0.0,0.000784683757849126,64.0,log1p
8,2020-08-02,0.0,0.029640226592447215,64.0,log1p
8,2020-08-16,0.0,-0.03812211442900646,64.0,log1p
8,2020-08-30,0.0,-0.0479455152864648,64.0,log1p
8,2020-09-13,0.0,-0.05902674395779249,64.0,log1p
8,2020-09-27,0.0,-0.07666347648763325,64.0,log1p
8,2020-10-11,0.0,0.14074583165034016,64.0,log1p
8,2020-10-25,0.0,-0.01888984835329924,64.0,log1p
8,2020-11-08,0.0,1.525437103471959,64.0,log1p
8,2020-11-22,0.0,1.2492334047190519,64.0,log1p
8,2020-12-06,0.0,0.6555065485064936,64.0,log1p
8,2020-12-20,0.0,1.9527688733774962,64.0,log1p
8,2021-01-03,0.0,1.384365698738798,64.0,log1p
8,2021-01-17,0.0,3.064800913088641,64.0,log1p
8,2021-01-31,1.0,5.042399363819405,64.0,log1p
8,2021-02-14,12.0,4.273355854493764,64.0,log1p
8,2021-02-28,8.0,17.730744489271682,64.0,log1p
8,2021-03-14,9.0,2.144704023883641,64.0,log1p
8,2021-03-28,0.0,3.032666170425885,64.0,log1p
8,2021-04-11,1.0,19.581927976634777,64.0,log1p
8,2021-04-25,0.0,1.2163324804742575,64.0,log1p
8,2021-05-09,1.0,0.2551186336173874,64.0,log1p
8,2021-05-23,1.0,0.20020631373975334,64.0,log1p
8,2021-06-06,0.0,0.22834054628682682,64.0,log1p
8,2021-06-20,0.0,-0.1052280516237873,64.0,log1p
8,2021-07-04,0.0,-0.02117589284359661,64.0,log1p
8,2021-07-18,0.0,0.12776506212279376,64.0,log1p
8,2021-08-01,0.0,0.08714437449557443,64.0,log1p
8,2021-08-15,0.0,0.006527649846513844,64.0,log1p
8,2021-08-29,0.0,-0.02822981850197764,64.0,log1p
8,2021-09-12,0.0,0.06924531593388926,64.0,log1p
8,2021-09-26,0.0,0.05592918421414307,64.0,log1p
8,2021-10-10,1.0,0.09280036575488088,64.0,log1p
8,2021-10-24,0.0,0.06885141978723136,64.0,log1p
8,2021-11-07,1.0,0.5499893531562212,64.0,log1p
8,2021-11-21,2.0,0.8950717482240438,64.0,log1p
8,2021-12-05,1.0,1.5136985001208934,64.0,log1p
8,2021-12-19,9.0,1.5118241843207505,64.0,log1p
8,2022-01-02,51.0,3.1608115734975177,64.0,log1p
8,2022-01-16,269.0,13.422468815682468,203.0,log1p
8,2022-01-30,482.0,29.01261870543719,463.0,log1p
8,2022-02-13,753.0,6.492102190745055,524.0,log1p
8,2022-02-27,569.0,32.746725044943574,879.0,log1p
8,2022-03-13,223.0,105.675800724817,879.0,log1p
8,2022-03-27,122.0,57.797478796784,879.0,log1p
8,2022-04-10,61.0,17.797629674104346,879.0,log1p
8,2022-04-24,26.0,10.539608776734894,879.0,log1p
8,2022-05-08,14.0,16.61785363583013,879.0,log1p
8,2022-05-22,13.0,2.7483363957959086,879.0,log1p
8,2022-06-05,11.0,3.2531677879892875,879.0,log1p
8,2022-06-19,3.0,2.0460914166530424,879.0,log1p
8,2022-07-03,1.0,0.11512855870680964,879.0,log1p
8,2022-07-17,0.0,0.553900785077986,879.0,log1p
8,2022-07-31,0.0,0.2233746176146491,879.0,log1p
8,2022-08-14,0.0,-0.01930128442650436,879.0,log1p
8,2022-08-28,0.0,0.5118975103074616,879.0,log1p
8,2022-09-11,6.0,0.06517549035455153,879.0,log1p
8,2022-09-25,7.0,1.4844859570904059,879.0,log1p
8,2022-10-09,10.0,3.593565591089805,879.0,log1p
8,2022-10-23,0.0,0.28364160785939163,879.0,log1p
8,2022-11-06,0.0,2.2142680284855367,879.0,log1p
8,2022-11-20,2.0,4.750307721387616,879.0,log1p
8,2022-12-04,2.0,0.7979072528123247,879.0,log1p
8,2022-12-18,10.0,0.37626887736172276,879.0,log1p
8,2023-01-01,27.0,124.78776593158715,879.0,log1p
8,2023-01-15,93.0,2.978041226408737,879.0,log1p
8,2023-01-29,250.0,11.163841483408586,879.0,log1p
8,2023-02-12,541.0,1132.6740685333418,879.0,log1p
8,2023-02-26,581.0,337.46831099607084,879.0,log1p
8,2023-03-12,762.0,147.20863186250335,879.0,log1p
8,2023-03-26,473.0,65.61001873469787,879.0,log1p
8,2023-04-09,225.0,393.33140652708727,879.0,log1p
8,2023-04-23,66.0,30.69903963632669,879.0,log1p
8,2023-05-07,74.0,31.7137872177835,879.0,log1p
8,2023-05-21,32.0,35.897245584723414,879.0,log1p
8,2023-06-04,15.0,17.201907501023687,879.0,log1p
8,2023-06-18,13.0,8.407000463098845,879.0,log1p
8,2023-07-02,9.0,12.557877467919901,879.0,log1p
8,2023-07-16,9.0,2.8466774060296545,879.0,log1p
8,2023-07-30,0.0,1.7370937990385962,879.0,log1p
8,2023-08-13,5.0,-0.14050974311414474,879.0,log1p
8,2023-08-27,3.0,0.36250406089883613,879.0,log1p
8,2023-09-10,6.0,3.2726545750287843,879.0,log1p
8,2023-09-24,3.0,4.874759060402303,879.0,log1p
8,2023-10-08,7.0,2.4463366120781673,879.0,log1p
8,2023-10-22,3.0,1.6736686605464322,879.0,log1p
8,2023-11-05,9.0,1.468257582513134,879.0,log1p
8,2023-11-19,12.0,6.849602094220895,879.0,log1p
8,2023-12-03,39.0,7.892565828098705,879.0,log1p
8,2023-12-17,156.0,11.653961248561446,879.0,log1p
8,2023-12-31,558.0,170.72748638188565,879.0,log1p
8,2024-01-14,1227.0,223.56146667120154,1311.0,log1p
8,2024-01-28,1109.0,316.87755799312583,1311.0,log1p
8,2024-02-11,1849.0,239.4640073498652,1601.0,log1p
8,2024-02-25,1855.0,693.0902001405057,1849.0,log1p
8,2024-03-10,911.0,431.51449287263625,1855.0,log1p
8,2024-03-24,646.0,558.8259880386938,1855.0,log1p
8,2024-04-07,199.0,272.35347759318915,1855.0,log1p
8,2024-04-21,277.0,178.27495810138035,1855.0,log1p
8,2024-05-05,89.0,39.01105732447376,1855.0,log1p
8,2024-05-19,10.0,32.46489814480213,1855.0,log1p
8,2024-06-02,22.0,10.780932358517488,1855.0,log1p
8,2024-06-16,16.0,14.456459817400185,1855.0,log1p
8,2024-06-30,14.0,10.622355293604087,1855.0,log1p
8,2024-07-14,7.0,1.0131731927439658,1855.0,log1p
8,2024-07-28,7.0,2.162441320589139,1855.0,log1p
8,2024-08-11,6.0,2.2742794520157608,1855.0,log1p
8,2024-08-25,3.0,3.290385618475254,1855.0,log1p
8,2024-09-08,1.0,5.033617395752804,1855.0,log1p
8,2024-09-22,0.0,2.0604007342464126,1855.0,log1p
8,2024-10-06,4.0,7.963594275031994,1855.0,log1p
8,2024-10-20,1.0,2.5798933765719014,1855.0,log1p
8,2024-11-03,19.0,6.16312967369355,1855.0,log1p
8,2024-11-17,32.0,21.876140785031367,1855.0,log1p
8,2024-12-01,47.0,5.829849387506265,1855.0,log1p
8,2024-12-15,161.0,11.315001644816725,1855.0,log1p
8,2024-12-29,383.0,422.6716362469343,1855.0,log1p
8,2025-01-12,917.0,411.7753750684503,1855.0,log1p
8,2025-01-26,1801.0,1241.0524383663585,1855.0,log1p
8,2025-02-09,2184.0,1751.37799023247,2381.0,log1p
8,2025-02-23,2229.0,870.158854389578,2381.0,log1p
8,2025-03-09,2159.0,463.01435624857237,2381.0,log1p
8,2025-03-23,1988.0,615.7375126265592,2381.0,log1p
8,2025-04-06,579.0,246.78074506995358,2381.0,log1p
8,2025-04-20,105.0,320.2327745496711,2381.0,log1p
8,2025-05-04,22.0,38.338430383279146,2381.0,log1p
8,2025-05-18,7.0,20.702641754336824,2381.0,log1p
8,2025-06-01,5.0,10.398839531972461,2381.0,log1p
8,2025-06-15,11.0,10.143410417834094,2381.0,log1p
8,2025-06-29,4.0,4.887980670044889,2381.0,log1p
8,2025-07-13,6.0,1.4802401032650097,2381.0,log1p
8,2025-07-27,9.0,2.836995584150562,2381.0,log1p
8,2025-08-10,7.0,2.1367663628870837,2381.0,log1p
8,2025-08-24,4.0,2.3509515103399163,2381.0,log1p
8,2025-09-07,4.0,3.739013533669185,2381.0,log1p
8,2025-09-21,5.0,4.838467280328503,2381.0,log1p
8,2025-10-05,3.0,3.419892082294348,2381.0,log1p
8,2025-10-19,1.0,2.7373187620006387,2381.0,log1p
8,2025-11-02,0.0,3.385615525702118,2381.0,log1p
8,2025-11-16,1.0,1.4916601766513633,2381.0,log1p
8,2025-11-30,1.0,8.957349278868653,2381.0,log1p
12,2020-03-15,0.0,11.254154096083882,64.0,log1p
12,2020-03-29,0.0,4.707616096091715,64.0,log1p
12,2020-04-12,0.0,0.21549300175811067,64.0,log1p
12,2020-04-26,0.0,0.19269906414512047,64.0,log1p
12,2020-05-10,0.0,-0.008846493325116807,64.0,log1p
12,2020-05-24,0.0,-0.10810584441989611,64.0,log1p
12,2020-06-07,0.0,0.05499968723703815,64.0,log1p
12,2020-06-21,0.0,-0.01443157686360028,64.0,log1p
12,2020-07-05,0.0,0.012896054890843592,64.0,log1p
12,2020-07-19,0.0,-0.004993610640088057,64.0,log1p
12,2020-08-02,0.0,0.009500367875242815,64.0,log1p
12,2020-08-16,0.0,-0.019426358619259402,64.0,log1p
12,2020-08-30,0.0,0.050734271432827396,64.0,log1p
12,2020-09-13,0.0,0.11382855148158084,64.0,log1p
12,2020-09-27,0.0,0.47569060343941727,64.0,log1p
12,2020-10-11,0.0,0.7364997243934666,64.0,log1p
12,2020-10-25,0.0,1.2162811564351252,64.0,log1p
12,2020-11-08,0.0,1.8196314895114145,64.0,log1p
12,2020-11-22,0.0,1.3338441098023757,64.0,log1p
12,2020-12-06,0.0,4.109637453835796,64.0,log1p
12,2020-12-20,0.0,3.3427321678509476,64.0,log1p
12,2021-01-03,1.0,6.161386307312544,64.0,log1p
12,2021-01-17,12.0,5.527225999287976,64.0,log1p
12,2021-01-31,8.0,24.36662945221004,64.0,log1p
12,2021-02-14,9.0,7.884429371024393,64.0,log1p
12,2021-02-28,0.0,15.363594947240838,64.0,log1p
12,2021-03-14,1.0,10.353798833498955,64.0,log1p
12,2021-03-28,0.0,1.8787886598566503,64.0,log1p
12,2021-04-11,1.0,5.33306512481353,64.0,log1p
12,2021-04-25,1.0,0.8605620989633025,64.0,log1p
12,2021-05-09,0.0,0.26419763244142946,64.0,log1p
12,2021-05-23,0.0,0.2565425343942594,64.0,log1p
12,2021-06-06,0.0,-0.04136805370888995,64.0,log1p
12,2021-06-20,0.0,0.042231585915014275,64.0,log1p
12,2021-07-04,0.0,0.007274822549767686,64.0,log1p
12,2021-07-18,0.0,-0.0251127585388435,64.0,log1p
12,2021-08-01,0.0,-0.0059146458555202,64.0,log1p
12,2021-08-15,0.0,0.11424820602864376,64.0,log1p
12,2021-08-29,0.0,0.06939597462972642,64.0,log1p
12,2021-09-12,1.0,0.14090038483204095,64.0,log1p
12,2021-09-26,0.0,0.24552028842428156,64.0,log1p
12,2021-10-10,1.0,0.14528169526826532,64.0,log1p
12,2021-10-24,2.0,0.18090019438361316,64.0,log1p
12,2021-11-07,1.0,1.1125280533785529,64.0,log1p
12,2021-11-21,9.0,0.6317646890940626,64.0,log1p
12,2021-12-05,51.0,3.7383561522969764,64.0,log1p
12,2021-12-19,269.0,1.1103524833033054,203.0,log1p
12,2022-01-02,482.0,3.919291824718138,463.0,log1p
12,2022-01-16,753.0,10.8690822769489,524.0,log1p
12,2022-01-30,569.0,91.08456405017074,879.0,log1p
12,2022-02-13,223.0,5.069905070498664,879.0,log1p
12,2022-02-27,122.0,4.2740302444167595,879.0,log1p
12,2022-03-13,61.0,33.3280510148198,879.0,log1p
12,2022-03-27,26.0,16.872919756688567,879.0,log1p
12,2022-04-10,14.0,10.616209814974743,879.0,log1p
12,2022-04-24,13.0,21.351745212711133,879.0,log1p
12,2022-05-08,11.0,10.661400775713009,879.0,log1p
12,2022-05-22,3.0,2.4272645884087867,879.0,log1p
12,2022-06-05,1.0,1.2572839147867985,879.0,log1p
12,2022-06-19,0.0,0.4718329093697273,879.0,log1p
12,2022-07-03,0.0,0.04297058024240262,879.0,log1p
12,2022-07-17,0.0,0.08438997870157197,879.0,log1p
12,2022-07-31,0.0,0.3867501007821879,879.0,log1p
12,2022-08-14,6.0,0.014786670600435686,879.0,log1p
12,2022-08-28,7.0,1.0001490522274745,879.0,log1p
12,2022-09-11,10.0,1.1388472290245208,879.0,log1p
12,2022-09-25,0.0,2.7497960265445673,879.0,log1p
12,2022-10-09,0.0,0.7724489834446926,879.0,log1p
12,2022-10-23,2.0,2.328703021871216,879.0,log1p
12,2022-11-06,2.0,8.672018778427793,879.0,log1p
12,2022-11-20,10.0,4.213000411320695,879.0,log1p
12,2022-12-04,27.0,3.7849635698458277,879.0,log1p
12,2022-12-18,93.0,16.12683777436051,879.0,log1p
12,2023-01-01,250.0,293.3619770128727,879.0,log1p
12,2023-01-15,541.0,1.4497195961682692,879.0,log1p
12,2023-01-29,581.0,6.356330558380421,879.0,log1p
12,2023-02-12,762.0,357.3400344137787,879.0,log1p
12,2023-02-26,473.0,10.444801226180331,879.0,log1p
12,2023-03-12,225.0,11.378572185754708,879.0,log1p
12,2023-03-26,66.0,21.15389916116977,879.0,log1p
12,2023-04-09,74.0,22.019800857264666,879.0,log1p
12,2023-04-23,32.0,18.79788092332219,879.0,log1p
12,2023-05-07,15.0,15.288206666694432,879.0,log1p
12,2023-05-21,13.0,19.946745909895757,879.0,log1p
12,2023-06-04,9.0,15.70250690340843,879.0,log1p
12,2023-06-18,9.0,2.3650586013042276,879.0,log1p
12,2023-07-02,0.0,3.31819925101876,879.0,log1p
12,2023-07-16,5.0,2.6905283608563875,879.0,log1p
12,2023-07-30,3.0,1.8182898289926321,879.0,log1p
12,2023-08-13,6.0,4.340478135012018,879.0,log1p
12,2023-08-27,3.0,3.0940594965526595,879.0,log1p
12,2023-09-10,7.0,5.266321095739647,879.0,log1p
12,2023-09-24,3.0,4.640309219111207,879.0,log1p
12,2023-10-08,9.0,2.4241606633781347,879.0,log1p
12,2023-10-22,12.0,8.089836073101653,879.0,log1p
12,2023-11-05,39.0,18.26801778790739,879.0,log1p
12,2023-11-19,156.0,21.67131003114427,879.0,log1p
12,2023-12-03,558.0,25.120688922064645,879.0,log1p
12,2023-12-17,1227.0,203.21285121160477,1311.0,log1p
12,2023-12-31,1109.0,212.45116852831117,1311.0,log1p
12,2024-01-14,1849.0,576.9592276487601,1601.0,log1p
12,2024-01-28,1855.0,421.22589873251474,1849.0,log1p
12,2024-02-11,911.0,485.66580274413377,1855.0,log1p
12,2024-02-25,646.0,607.0078123157961,1855.0,log1p
12,2024-03-10,199.0,114.76182634579278,1855.0,log1p
12,2024-03-24,277.0,67.80686672439009,1855.0,log1p
12,2024-04-07,89.0,95.93477162501006,1855.0,log1p
12,2024-04-21,10.0,54.53041833478387,1855.0,log1p
12,2024-05-05,22.0,12.234962949838211,1855.0,log1p
12,2024-05-19,16.0,15.126250590774939,1855.0,log1p
12,2024-06-02,14.0,9.563847053046013,1855.0,log1p
12,2024-06-16,7.0,8.03803655958262,1855.0,log1p
12,2024-06-30,7.0,2.9128127396395014,1855.0,log1p
12,2024-07-14,6.0,0.7319584630691623,1855.0,log1p
12,2024-07-28,3.0,1.419084265985614,1855.0,log1p
12,2024-08-11,1.0,4.3509689689064635,1855.0,log1p
12,2024-08-25,0.0,1.865280476869166,1855.0,log1p
12,2024-09-08,4.0,6.1303805655405075,1855.0,log1p
12,2024-09-22,1.0,5.895288293584709,1855.0,log1p
12,2024-10-06,19.0,11.986805888913555,1855.0,log1p
12,2024-10-20,32.0,28.821431667891645,1855.0,log1p
12,2024-11-03,47.0,4.805122984481667,1855.0,log1p
12,2024-11-17,161.0,40.29739913006,1855.0,log1p
12,2024-12-01,383.0,12.548993969329747,1855.0,log1p
12,2024-12-15,917.0,401.426941372834,1855.0,log1p
12,2024-12-29,1801.0,816.4038830026246,1855.0,log1p
12,2025-01-12,2184.0,708.416044273141,2381.0,log1p
12,2025-01-26,2229.0,1197.2707617795443,2381.0,log1p
12,2025-02-09,2159.0,434.9441743709892,2381.0,log1p
12,2025-02-23,1988.0,532.6169715878793,2381.0,log1p
12,2025-03-09,579.0,39.04485400558723,2381.0,log1p
12,2025-03-23,105.0,173.95774448955393,2381.0,log1p
12,2025-04-06,22.0,53.769266503109165,2381.0,log1p
12,2025-04-20,7.0,16.636166964647977,2381.0,log1p
12,2025-05-04,5.0,8.571180682567684,2381.0,log1p
12,2025-05-18,11.0,6.766883805803032,2381.0,log1p
12,2025-06-01,4.0,14.85223516015332,2381.0,log1p
12,2025-06-15,6.0,10.337407402050573,2381.0,log1p
12,2025-06-29,9.0,1.0650432670811916,2381.0,log1p
12,2025-07-13,7.0,1.9496966379828162,2381.0,log1p
12,2025-07-27,4.0,0.6987145677840206,2381.0,log1p
12,2025-08-10,4.0,2.377660685684871,2381.0,log1p
12,2025-08-24,5.0,1.9314137683996249,2381.0,log1p
12,2025-09-07,3.0,6.620199807055419,2381.0,log1p
12,2025-09-21,1.0,4.315404004053232,2381.0,log1p
12,2025-10-05,0.0,6.5174215864105465,2381.0,log1p
12,2025-10-19,1.0,11.206531915246197,2381.0,log1p
12,2025-11-02,1.0,12.761621598926991,2381.0,log1p
