h,real,pred,conjunto
1,0.0,6.470481478242428,M0_clima6
1,2.0,0.9339643685317248,M0_clima6
1,1.0,3.5613895992557807,M0_clima6
1,0.0,1.1794012124256343,M0_clima6
1,1.0,0.45492972842832524,M0_clima6
1,0.0,0.043841481296015894,M0_clima6
1,0.0,0.13707491696700622,M0_clima6
1,0.0,-0.16039358540919402,M0_clima6
1,0.0,-0.5481703190010956,M0_clima6
1,0.0,0.0798170330350266,M0_clima6
1,0.0,0.2649473474146038,M0_clima6
1,0.0,-0.17925092463327744,M0_clima6
1,0.0,-0.2277715771190521,M0_clima6
1,0.0,-0.020280720740499494,M0_clima6
1,0.0,-0.08417016320003107,M0_clima6
1,0.0,-0.08280255875432134,M0_clima6
1,0.0,-0.0897422058821263,M0_clima6
1,0.0,-0.10954919975159569,M0_clima6
1,0.0,0.35049220001254827,M0_clima6
1,0.0,0.4067607565645172,M0_clima6
1,0.0,0.2946358697964702,M0_clima6
1,0.0,1.5222800195551123,M0_clima6
1,0.0,0.3156515856095648,M0_clima6
1,0.0,1.214966048764761,M0_clima6
1,2.0,-0.26464818322563277,M0_clima6
1,1.0,-0.054430062855228625,M0_clima6
1,1.0,-0.09185622661161254,M0_clima6
1,9.0,1.8741969769141902,M0_clima6
1,12.0,8.61790490480815,M0_clima6
1,7.0,5.974187248415504,M0_clima6
1,5.0,6.804622049626645,M0_clima6
1,1.0,-1.1624453587373749,M0_clima6
1,0.0,0.08101409956884306,M0_clima6
1,0.0,-0.08384275744897121,M0_clima6
1,0.0,-0.2214830526203206,M0_clima6
1,0.0,-0.10363460717560563,M0_clima6
1,0.0,0.08508036213503194,M0_clima6
1,0.0,-0.05031223762416569,M0_clima6
1,0.0,-0.1308925592876309,M0_clima6
1,0.0,-0.003349665477737906,M0_clima6
1,0.0,0.03963555205285665,M0_clima6
1,0.0,0.02015800047275881,M0_clima6
1,0.0,0.3411819242268953,M0_clima6
1,0.0,0.5446426040309476,M0_clima6
1,0.0,0.16318680114325612,M0_clima6
1,0.0,0.24468558613243838,M0_clima6
1,0.0,0.501720276716504,M0_clima6
1,0.0,0.18821136423824483,M0_clima6
1,0.0,1.3718623414819329,M0_clima6
1,2.0,0.3578089027701352,M0_clima6
1,20.0,14.821251995418447,M0_clima6
1,203.0,46.90814717584029,M0_clima6
1,463.0,81.93431135565667,M0_clima6
1,524.0,285.972880679447,M0_clima6
1,879.0,565.0936393230152,M0_clima6
1,344.0,596.5419977710299,M0_clima6
1,313.0,201.53687076321108,M0_clima6
1,92.0,149.7116566919745,M0_clima6
1,17.0,16.37769722669193,M0_clima6
1,19.0,9.295818320392879,M0_clima6
1,24.0,11.124346743569625,M0_clima6
1,11.0,18.808069372088454,M0_clima6
1,3.0,11.2921171478954,M0_clima6
1,3.0,-0.3870740533454511,M0_clima6
1,2.0,0.18337362181374547,M0_clima6
1,3.0,0.48489285768430435,M0_clima6
1,1.0,1.1320973893641353,M0_clima6
1,1.0,0.7573313856110004,M0_clima6
1,0.0,0.4586118850355976,M0_clima6
1,11.0,1.8161500766052707,M0_clima6
1,9.0,13.162064405216903,M0_clima6
1,4.0,6.820168762920923,M0_clima6
1,1.0,2.750033637985461,M0_clima6
1,3.0,-0.367810505199885,M0_clima6
1,0.0,1.2197271551499929,M0_clima6
1,0.0,2.2960965418497943,M0_clima6
1,7.0,29.665194769661177,M0_clima6
1,37.0,56.290465354802684,M0_clima6
1,199.0,142.30309701956898,M0_clima6
1,360.0,418.18293763808185,M0_clima6
1,589.0,571.519637777547,M0_clima6
1,760.0,745.0322978186439,M0_clima6
1,540.0,537.5960478088625,M0_clima6
1,450.0,480.15892151771214,M0_clima6
1,219.0,207.42577667080474,M0_clima6
1,76.0,61.075708734437306,M0_clima6
1,52.0,34.5871932091844,M0_clima6
1,25.0,39.78488199878762,M0_clima6
1,18.0,19.73331362783579,M0_clima6
1,9.0,7.749538361372713,M0_clima6
1,1.0,5.674584440637728,M0_clima6
1,3.0,5.001520410539518,M0_clima6
1,5.0,1.175930586567256,M0_clima6
1,4.0,3.088056790744612,M0_clima6
1,7.0,1.6980876166241954,M0_clima6
1,0.0,5.367870517235698,M0_clima6
1,3.0,0.8522497052478043,M0_clima6
1,3.0,11.136730173491157,M0_clima6
1,10.0,1.9531498788016495,M0_clima6
1,11.0,5.238240596184237,M0_clima6
1,30.0,15.652083188665722,M0_clima6
1,80.0,69.812586007649,M0_clima6
1,249.0,208.12101368625645,M0_clima6
1,1311.0,632.3704002160761,M0_clima6
1,995.0,1111.0962231586925,M0_clima6
1,1601.0,792.2330020805707,M0_clima6
1,1783.0,1367.6669614094724,M0_clima6
1,1347.0,1719.0924183201078,M0_clima6
1,1510.0,909.999064432167,M0_clima6
1,520.0,1108.5873801501136,M0_clima6
1,263.0,151.22593684290206,M0_clima6
1,194.0,262.1227102503907,M0_clima6
1,22.0,65.08294852172624,M0_clima6
1,13.0,2.465905731533345,M0_clima6
1,13.0,15.374790846763236,M0_clima6
1,13.0,17.671808721245263,M0_clima6
1,9.0,11.04560085016473,M0_clima6
1,10.0,4.3242794647643175,M0_clima6
1,3.0,9.114338925883654,M0_clima6
1,2.0,7.180305452392767,M0_clima6
1,3.0,3.4017411519421654,M0_clima6
1,2.0,2.326354842611386,M0_clima6
1,7.0,1.57354000220395,M0_clima6
1,5.0,2.5164500538985743,M0_clima6
1,1.0,2.3725916293743463,M0_clima6
1,26.0,48.02260705548236,M0_clima6
1,37.0,51.57142144531128,M0_clima6
1,75.0,81.09761111110946,M0_clima6
1,245.0,354.34992704099255,M0_clima6
1,494.0,392.4634712866391,M0_clima6
1,1199.0,931.375436469082,M0_clima6
1,2381.0,1502.1034552005133,M0_clima6
1,2247.0,1723.7990306692159,M0_clima6
1,2212.0,2169.9972507033267,M0_clima6
1,1944.0,2159.290764249027,M0_clima6
1,883.0,1976.0500893420478,M0_clima6
1,257.0,269.9356819826977,M0_clima6
1,50.0,206.03248282086116,M0_clima6
1,13.0,4.232470319206945,M0_clima6
1,9.0,11.032570629523978,M0_clima6
1,4.0,2.223729905299064,M0_clima6
1,9.0,6.459654631617266,M0_clima6
1,8.0,2.531939091143226,M0_clima6
1,3.0,3.0791884818350796,M0_clima6
1,6.0,6.544665877807184,M0_clima6
1,5.0,7.988139729251916,M0_clima6
1,8.0,4.099209308175669,M0_clima6
1,0.0,3.8239336183300754,M0_clima6
1,2.0,3.451045958277803,M0_clima6
1,2.0,2.488855279315426,M0_clima6
1,1.0,3.2839770782063193,M0_clima6
1,2.0,4.5120312770938185,M0_clima6
1,1.0,8.536592115359861,M0_clima6
1,1.0,1.685628889084646,M0_clima6
4,3.0,14.235106650357375,M0_clima6
4,0.0,-2.228179632427128,M0_clima6
4,0.0,-0.22194310678861692,M0_clima6
4,0.0,1.9988576939667944,M0_clima6
4,0.0,0.1049675669065287,M0_clima6
4,0.0,-0.02096279066567456,M0_clima6
4,0.0,-0.12522066767152398,M0_clima6
4,0.0,0.27627086397291994,M0_clima6
4,0.0,0.4860492740300047,M0_clima6
4,0.0,-0.03614239638890615,M0_clima6
4,0.0,0.023171959851977522,M0_clima6
4,0.0,0.40296907849639235,M0_clima6
4,0.0,0.387375310093579,M0_clima6
4,0.0,-0.04918194870748681,M0_clima6
4,0.0,0.5514641886306665,M0_clima6
4,0.0,-0.052625641600540216,M0_clima6
4,0.0,-0.1592907136893593,M0_clima6
4,0.0,0.29153730149852075,M0_clima6
4,0.0,0.756321795458633,M0_clima6
4,0.0,0.8496765454199892,M0_clima6
4,0.0,2.0946258626325176,M0_clima6
4,0.0,0.4896201807126337,M0_clima6
4,0.0,-0.38211573283450906,M0_clima6
4,0.0,5.209384500357377,M0_clima6
4,0.0,4.641561553204821,M0_clima6
4,1.0,4.88962137980317,M0_clima6
4,12.0,0.3608755901930128,M0_clima6
4,8.0,1.440000866177455,M0_clima6
4,9.0,41.92075519457285,M0_clima6
4,0.0,9.84717341561632,M0_clima6
4,1.0,-1.227860601058582,M0_clima6
4,0.0,1.356676923381344,M0_clima6
4,1.0,0.41960987632319774,M0_clima6
4,1.0,-0.09989651090763287,M0_clima6
4,0.0,0.28565334816177596,M0_clima6
4,0.0,0.5649269263817391,M0_clima6
4,0.0,-0.05573424131132772,M0_clima6
4,0.0,-0.021912574284015673,M0_clima6
4,0.0,0.07778644667977536,M0_clima6
4,0.0,-0.04841478211179449,M0_clima6
4,0.0,-0.013206823189784106,M0_clima6
4,0.0,-0.00011457834447966601,M0_clima6
4,0.0,0.02579453755149271,M0_clima6
4,1.0,0.40463648714925526,M0_clima6
4,0.0,0.450532252913797,M0_clima6
4,1.0,1.7627671415883448,M0_clima6
4,2.0,1.2590792951515766,M0_clima6
4,1.0,1.7621404911803376,M0_clima6
4,9.0,1.0821309257674359,M0_clima6
4,51.0,7.918457678222251,M0_clima6
4,269.0,157.85771909800218,M0_clima6
4,482.0,69.66342505593246,M0_clima6
4,753.0,269.34595653646875,M0_clima6
4,569.0,548.909496660401,M0_clima6
4,223.0,489.1204995412762,M0_clima6
4,122.0,295.2609393861629,M0_clima6
4,61.0,182.5081791946285,M0_clima6
4,26.0,49.11209741870361,M0_clima6
4,14.0,12.6982470284817,M0_clima6
4,13.0,9.514129016015186,M0_clima6
4,11.0,1.3944552140308393,M0_clima6
4,3.0,4.523564445661696,M0_clima6
4,1.0,9.029123828616008,M0_clima6
4,0.0,0.7546320517674314,M0_clima6
4,0.0,0.765155376953959,M0_clima6
4,0.0,-0.033855906466859834,M0_clima6
4,0.0,0.153810107699925,M0_clima6
4,6.0,0.279335517246186,M0_clima6
4,7.0,1.2323908025783648,M0_clima6
4,10.0,2.995925028612285,M0_clima6
4,0.0,8.653167761021143,M0_clima6
4,0.0,1.9414220624238254,M0_clima6
4,2.0,9.073105445979182,M0_clima6
4,2.0,30.366464853886146,M0_clima6
4,10.0,3.332221380026558,M0_clima6
4,27.0,-3.3479728174843855,M0_clima6
4,93.0,269.8925309235087,M0_clima6
4,250.0,310.4559682122263,M0_clima6
4,541.0,342.2333112880759,M0_clima6
4,581.0,673.7712520519491,M0_clima6
4,762.0,475.36857150688814,M0_clima6
4,473.0,237.06235279559937,M0_clima6
4,225.0,159.8785426778354,M0_clima6
4,66.0,206.1073616294539,M0_clima6
4,74.0,92.84578255725376,M0_clima6
4,32.0,15.272627439842651,M0_clima6
4,15.0,19.632580004873756,M0_clima6
4,13.0,19.18398964666657,M0_clima6
4,9.0,8.924247038443523,M0_clima6
4,9.0,2.277225069232124,M0_clima6
4,0.0,1.1556327101017867,M0_clima6
4,5.0,1.170069445073465,M0_clima6
4,3.0,1.6228405915522026,M0_clima6
4,6.0,4.150440837448731,M0_clima6
4,3.0,2.630729570110694,M0_clima6
4,7.0,1.9133336778741348,M0_clima6
4,3.0,2.1081730381747725,M0_clima6
4,9.0,-2.294007462533523,M0_clima6
4,12.0,5.042359538805506,M0_clima6
4,39.0,13.445177199008183,M0_clima6
4,156.0,145.13339812988661,M0_clima6
4,558.0,196.6520324898606,M0_clima6
4,1227.0,332.4393756018244,M0_clima6
4,1109.0,949.5120715209713,M0_clima6
4,1849.0,510.99295930095866,M0_clima6
4,1855.0,699.2611178151265,M0_clima6
4,911.0,1638.24112973058,M0_clima6
4,646.0,1338.9575656186812,M0_clima6
4,199.0,-144.0952769515351,M0_clima6
4,277.0,75.10668158072674,M0_clima6
4,89.0,70.94446668929575,M0_clima6
4,10.0,32.06349495404519,M0_clima6
4,22.0,43.166339513248715,M0_clima6
4,16.0,10.595311795781537,M0_clima6
4,14.0,17.943251597398472,M0_clima6
4,7.0,4.675270976939081,M0_clima6
4,7.0,6.632471105870989,M0_clima6
4,6.0,9.016173723817744,M0_clima6
4,3.0,4.224299592509257,M0_clima6
4,1.0,7.158232676384448,M0_clima6
4,0.0,2.784013125353244,M0_clima6
4,4.0,2.1500828438772897,M0_clima6
4,1.0,1.3028841073208262,M0_clima6
4,19.0,2.4946427675488736,M0_clima6
4,32.0,7.059894008302757,M0_clima6
4,47.0,105.58982496449367,M0_clima6
4,161.0,211.86607020503837,M0_clima6
4,383.0,365.88553348314076,M0_clima6
4,917.0,1040.2281499487865,M0_clima6
4,1801.0,1246.0407340417073,M0_clima6
4,2184.0,888.7264380892759,M0_clima6
4,2229.0,1914.6756777209757,M0_clima6
4,2159.0,1295.293541987154,M0_clima6
4,1988.0,1622.351317418032,M0_clima6
4,579.0,1101.4264849224633,M0_clima6
4,105.0,497.91582879178117,M0_clima6
4,22.0,47.605909174712245,M0_clima6
4,7.0,25.504433917312912,M0_clima6
4,5.0,11.73140851311615,M0_clima6
4,11.0,5.099447958715366,M0_clima6
4,4.0,4.061026598196683,M0_clima6
4,6.0,6.32870650615143,M0_clima6
4,9.0,1.9947742930239156,M0_clima6
4,7.0,4.018820673097997,M0_clima6
4,4.0,3.895322666782212,M0_clima6
4,4.0,4.100367991957594,M0_clima6
4,5.0,2.7286293488594455,M0_clima6
4,3.0,5.748991692223461,M0_clima6
4,1.0,5.130261143741668,M0_clima6
4,0.0,4.692018921383838,M0_clima6
4,1.0,0.12964953782000102,M0_clima6
4,1.0,21.620679078950452,M0_clima6
8,0.0,35.65675685225327,M0_clima6
8,0.0,6.420417153065747,M0_clima6
8,0.0,7.356425833059508,M0_clima6
8,0.0,2.4999339665142855,M0_clima6
8,0.0,0.12313605345996756,M0_clima6
8,0.0,-0.034440944568067455,M0_clima6
8,0.0,0.08958178889486265,M0_clima6
8,0.0,-0.17981886057747878,M0_clima6
8,0.0,-0.04391423597640352,M0_clima6
8,0.0,-0.022145747908255208,M0_clima6
8,0.0,0.05356081344390571,M0_clima6
8,0.0,-0.1073876825318971,M0_clima6
8,0.0,-0.004095301547417414,M0_clima6
8,0.0,0.04729351418417093,M0_clima6
8,0.0,-0.30889917020051366,M0_clima6
8,0.0,0.2036253062159131,M0_clima6
8,0.0,-0.18455383720899232,M0_clima6
8,0.0,1.4314696351601937,M0_clima6
8,0.0,0.19221818513344244,M0_clima6
8,0.0,0.6023921343490737,M0_clima6
8,0.0,1.989975392900956,M0_clima6
8,0.0,4.393688931945112,M0_clima6
8,0.0,0.3192385858514014,M0_clima6
8,1.0,12.635611000252098,M0_clima6
8,12.0,9.172758039431452,M0_clima6
8,8.0,8.441134154522958,M0_clima6
8,9.0,0.7523018576442753,M0_clima6
8,0.0,15.130243276437225,M0_clima6
8,1.0,30.092212630563807,M0_clima6
8,0.0,15.60572276813682,M0_clima6
8,1.0,-1.001679350952921,M0_clima6
8,1.0,0.5291718298123494,M0_clima6
8,0.0,0.522410687696199,M0_clima6
8,0.0,0.0316517759982347,M0_clima6
8,0.0,0.2640150103792862,M0_clima6
8,0.0,0.12620154029779246,M0_clima6
8,0.0,0.03323102446448233,M0_clima6
8,0.0,-0.01780040088085168,M0_clima6
8,0.0,0.018780239823231393,M0_clima6
8,0.0,0.17176725486963076,M0_clima6
8,0.0,0.07923661137132261,M0_clima6
8,1.0,0.09000710120000426,M0_clima6
8,0.0,0.059122002609708936,M0_clima6
8,1.0,0.5744979764625544,M0_clima6
8,2.0,-0.2492129824518392,M0_clima6
8,1.0,1.7596177688543408,M0_clima6
8,9.0,0.02476572867316321,M0_clima6
8,51.0,3.515921596797293,M0_clima6
8,269.0,31.03117077303403,M0_clima6
8,482.0,96.44039953760513,M0_clima6
8,753.0,125.53080025707516,M0_clima6
8,569.0,136.11558818419635,M0_clima6
8,223.0,253.181546951947,M0_clima6
8,122.0,86.25569818156202,M0_clima6
8,61.0,81.67426856240449,M0_clima6
8,26.0,45.2615611616117,M0_clima6
8,14.0,44.9946110681183,M0_clima6
8,13.0,-19.45799862753435,M0_clima6
8,11.0,15.985224755935711,M0_clima6
8,3.0,5.617633699159252,M0_clima6
8,1.0,0.5467813859962598,M0_clima6
8,0.0,0.23869678130102195,M0_clima6
8,0.0,17.039982723282282,M0_clima6
8,0.0,0.16219380317899543,M0_clima6
8,0.0,0.4048456117412502,M0_clima6
8,6.0,0.16395258584413647,M0_clima6
8,7.0,2.3890417194708404,M0_clima6
8,10.0,3.5552347620651137,M0_clima6
8,0.0,0.6849014697846993,M0_clima6
8,0.0,9.229342191257276,M0_clima6
8,2.0,8.593182345106941,M0_clima6
8,2.0,5.214333060408279,M0_clima6
8,10.0,14.076030922855988,M0_clima6
8,27.0,262.8238615810336,M0_clima6
8,93.0,-6.640820232091665,M0_clima6
8,250.0,112.32799366215473,M0_clima6
8,541.0,730.3863488836254,M0_clima6
8,581.0,411.0191565866234,M0_clima6
8,762.0,141.1802402639835,M0_clima6
8,473.0,206.91947010821994,M0_clima6
8,225.0,488.48244944309556,M0_clima6
8,66.0,62.97827736157713,M0_clima6
8,74.0,25.872911476620377,M0_clima6
8,32.0,35.77686379010375,M0_clima6
8,15.0,59.563249805790406,M0_clima6
8,13.0,5.2127577637510445,M0_clima6
8,9.0,4.075583767172836,M0_clima6
8,9.0,2.6207407241664633,M0_clima6
8,0.0,1.6497230149642699,M0_clima6
8,5.0,1.1374448764902179,M0_clima6
8,3.0,1.669803280108752,M0_clima6
8,6.0,3.619686360939561,M0_clima6
8,3.0,4.76095518417472,M0_clima6
8,7.0,3.9861344926768076,M0_clima6
8,3.0,2.5151351004129547,M0_clima6
8,9.0,1.6910487713338163,M0_clima6
8,12.0,3.045458346743142,M0_clima6
8,39.0,41.76724739544728,M0_clima6
8,156.0,11.342052798890462,M0_clima6
8,558.0,109.18340748050728,M0_clima6
8,1227.0,357.3772554959464,M0_clima6
8,1109.0,756.6648737614328,M0_clima6
8,1849.0,1373.8901867347747,M0_clima6
8,1855.0,784.8526237754952,M0_clima6
8,911.0,195.7845602756787,M0_clima6
8,646.0,273.5154440572418,M0_clima6
8,199.0,466.1215474002083,M0_clima6
8,277.0,284.1399530643304,M0_clima6
8,89.0,67.77168466228422,M0_clima6
8,10.0,26.234304253277756,M0_clima6
8,22.0,-12.864697600602788,M0_clima6
8,16.0,26.366431658137046,M0_clima6
8,14.0,85.28318439633898,M0_clima6
8,7.0,7.341499588799284,M0_clima6
8,7.0,2.54261680056241,M0_clima6
8,6.0,3.154420093889522,M0_clima6
8,3.0,2.7490518110805393,M0_clima6
8,1.0,1.9821955024163074,M0_clima6
8,0.0,2.398608531062292,M0_clima6
8,4.0,4.55304472081179,M0_clima6
8,1.0,0.883482126291626,M0_clima6
8,19.0,3.8877078473406237,M0_clima6
8,32.0,23.224012225292572,M0_clima6
8,47.0,2.4641152177499257,M0_clima6
8,161.0,56.26495064332921,M0_clima6
8,383.0,759.8171911718958,M0_clima6
8,917.0,662.250103559364,M0_clima6
8,1801.0,1341.7800517349501,M0_clima6
8,2184.0,2199.8645288031776,M0_clima6
8,2229.0,1682.1237833904847,M0_clima6
8,2159.0,594.3730057339602,M0_clima6
8,1988.0,723.285826271319,M0_clima6
8,579.0,239.7711150168542,M0_clima6
8,105.0,511.0906833640317,M0_clima6
8,22.0,147.46863550294123,M0_clima6
8,7.0,-69.7210263413981,M0_clima6
8,5.0,16.177165243886783,M0_clima6
8,11.0,7.729757384072709,M0_clima6
8,4.0,1.6223119807865252,M0_clima6
8,6.0,2.4002813440991875,M0_clima6
8,9.0,2.415679831788875,M0_clima6
8,7.0,2.8038145027669747,M0_clima6
8,4.0,3.1696330177074237,M0_clima6
8,4.0,3.0532058131522035,M0_clima6
8,5.0,-0.4424391080309923,M0_clima6
8,3.0,7.31296189421377,M0_clima6
8,1.0,2.9089698487644484,M0_clima6
8,0.0,5.043873733007625,M0_clima6
8,1.0,3.4177519100715883,M0_clima6
8,1.0,10.591810086815812,M0_clima6
12,0.0,21.86062354870984,M0_clima6
12,0.0,37.969402704150646,M0_clima6
12,0.0,3.7458726760582675,M0_clima6
12,0.0,1.6350203160067058,M0_clima6
12,0.0,0.5919244402179246,M0_clima6
12,0.0,-0.04750936038464393,M0_clima6
12,0.0,0.03726328089696873,M0_clima6
12,0.0,-0.11620665790087238,M0_clima6
12,0.0,0.0774712640994801,M0_clima6
12,0.0,-0.09148224371197676,M0_clima6
12,0.0,0.024381391647765455,M0_clima6
12,0.0,-0.14020444123562706,M0_clima6
12,0.0,0.14845306567326644,M0_clima6
12,0.0,0.3758106593717771,M0_clima6
12,0.0,1.313142157024765,M0_clima6
12,0.0,0.8773321639276046,M0_clima6
12,0.0,2.5884265714442924,M0_clima6
12,0.0,2.2531128852038607,M0_clima6
12,0.0,1.8794442069858943,M0_clima6
12,0.0,4.914558152060013,M0_clima6
12,0.0,2.9757417265988733,M0_clima6
12,1.0,6.916450396022814,M0_clima6
12,12.0,9.200037870575713,M0_clima6
12,8.0,38.94903795864852,M0_clima6
12,9.0,29.780517857906236,M0_clima6
12,0.0,9.735961814108625,M0_clima6
12,1.0,37.29067293032465,M0_clima6
12,0.0,4.643442310748992,M0_clima6
12,1.0,7.573201988561048,M0_clima6
12,1.0,1.6455847658678986,M0_clima6
12,0.0,0.5115419596458494,M0_clima6
12,0.0,0.8419443404387887,M0_clima6
12,0.0,0.03219560010748455,M0_clima6
12,0.0,0.07883981272133672,M0_clima6
12,0.0,-0.011712002558936068,M0_clima6
12,0.0,-0.07806441622598931,M0_clima6
12,0.0,0.0009523386283570468,M0_clima6
12,0.0,-0.03466583378141269,M0_clima6
12,0.0,0.16468171927722655,M0_clima6
12,1.0,-0.23116266703812066,M0_clima6
12,0.0,0.37826974826873017,M0_clima6
12,1.0,0.3307918426983607,M0_clima6
12,2.0,-0.45011399341522806,M0_clima6
12,1.0,1.6076450487702956,M0_clima6
12,9.0,-1.6553011821143697,M0_clima6
12,51.0,3.2314587340831737,M0_clima6
12,269.0,1.3953793952811981,M0_clima6
12,482.0,13.152715289464957,M0_clima6
12,753.0,108.00939221837102,M0_clima6
12,569.0,287.1263196030373,M0_clima6
12,223.0,72.35860336031617,M0_clima6
12,122.0,336.44319530563325,M0_clima6
12,61.0,53.56730907398983,M0_clima6
12,26.0,-18.902642563378325,M0_clima6
12,14.0,12.226571733151912,M0_clima6
12,13.0,18.272027277097347,M0_clima6
12,11.0,12.526839364901598,M0_clima6
12,3.0,8.570421264731262,M0_clima6
12,1.0,1.3181083908758664,M0_clima6
12,0.0,0.4272535482551779,M0_clima6
12,0.0,0.5053478207068399,M0_clima6
12,0.0,0.893316324373974,M0_clima6
12,0.0,2.2419911201208857,M0_clima6
12,6.0,0.40888648501972213,M0_clima6
12,7.0,3.844273799079158,M0_clima6
12,10.0,2.508401343744528,M0_clima6
12,0.0,6.310389658369125,M0_clima6
12,0.0,2.706941534345032,M0_clima6
12,2.0,1.1270514627613595,M0_clima6
12,2.0,2.798789327758608,M0_clima6
12,10.0,8.906986881714168,M0_clima6
12,27.0,18.341809498728207,M0_clima6
12,93.0,8.341514189999724,M0_clima6
12,250.0,355.72302600134014,M0_clima6
12,541.0,58.53768743429363,M0_clima6
12,581.0,23.44799462214725,M0_clima6
12,762.0,199.09817901868348,M0_clima6
12,473.0,109.91274974000747,M0_clima6
12,225.0,71.4357585024004,M0_clima6
12,66.0,-11.333962214283455,M0_clima6
12,74.0,179.26782214380148,M0_clima6
12,32.0,25.786735784419033,M0_clima6
12,15.0,10.528308831368488,M0_clima6
12,13.0,15.651273117105822,M0_clima6
12,9.0,9.096455737718594,M0_clima6
12,9.0,0.6151379821720795,M0_clima6
12,0.0,1.528966486137497,M0_clima6
12,5.0,1.222706884537934,M0_clima6
12,3.0,1.5050645637997946,M0_clima6
12,6.0,3.5836137215932555,M0_clima6
12,3.0,3.3988663854406957,M0_clima6
12,7.0,5.0977564442453165,M0_clima6
12,3.0,2.6122617891451805,M0_clima6
12,9.0,4.119943879465087,M0_clima6
12,12.0,7.722898824478768,M0_clima6
12,39.0,10.347376184584853,M0_clima6
12,156.0,59.657952726140415,M0_clima6
12,558.0,91.52498203662117,M0_clima6
12,1227.0,271.9752081756457,M0_clima6
12,1109.0,729.1541187564152,M0_clima6
12,1849.0,953.4935649934063,M0_clima6
12,1855.0,230.9830237269247,M0_clima6
12,911.0,241.32225910086362,M0_clima6
12,646.0,278.12701580003585,M0_clima6
12,199.0,229.94750835891872,M0_clima6
12,277.0,67.99561143878753,M0_clima6
12,89.0,134.95713420342645,M0_clima6
12,10.0,118.39233144885434,M0_clima6
12,22.0,8.01659642573091,M0_clima6
12,16.0,23.690095093074014,M0_clima6
12,14.0,8.987151559963301,M0_clima6
12,7.0,9.278063953766752,M0_clima6
12,7.0,3.404971494545098,M0_clima6
12,6.0,-3.1660427228654973,M0_clima6
12,3.0,2.1067177702036624,M0_clima6
12,1.0,3.063851465437114,M0_clima6
12,0.0,2.957763619816625,M0_clima6
12,4.0,-2.887753435840886,M0_clima6
12,1.0,3.519150904512705,M0_clima6
12,19.0,10.955855903171532,M0_clima6
12,32.0,8.51576928245481,M0_clima6
12,47.0,3.3662744535247415,M0_clima6
12,161.0,318.1892950159773,M0_clima6
12,383.0,211.96412414458132,M0_clima6
12,917.0,497.9404933463669,M0_clima6
12,1801.0,1254.775593805433,M0_clima6
12,2184.0,2004.067051251439,M0_clima6
12,2229.0,1741.1283678493558,M0_clima6
12,2159.0,1013.3353530849496,M0_clima6
12,1988.0,545.4947700400904,M0_clima6
12,579.0,153.25275702168534,M0_clima6
12,105.0,273.40892705790657,M0_clima6
12,22.0,37.28247945688365,M0_clima6
12,7.0,27.177843047915005,M0_clima6
12,5.0,-6.834866109326462,M0_clima6
12,11.0,7.319571354084093,M0_clima6
12,4.0,16.7665673222894,M0_clima6
12,6.0,3.2958288340052175,M0_clima6
12,9.0,2.706551264166894,M0_clima6
12,7.0,2.2747744854779715,M0_clima6
12,4.0,1.7479845460841852,M0_clima6
12,4.0,1.936982197791991,M0_clima6
12,5.0,0.35607623024430557,M0_clima6
12,3.0,4.185966854037745,M0_clima6
12,1.0,3.707548107825679,M0_clima6
12,0.0,3.165441256875503,M0_clima6
12,1.0,20.03441645679003,M0_clima6
12,1.0,4.602928310487512,M0_clima6
1,0.0,3.9764855453261605,M1_clima6_vetor
1,2.0,1.0992984664075487,M1_clima6_vetor
1,1.0,2.586087709359453,M1_clima6_vetor
1,0.0,1.3599704452793864,M1_clima6_vetor
1,1.0,0.22512458594770862,M1_clima6_vetor
1,0.0,-0.24162212118673349,M1_clima6_vetor
1,0.0,0.2558963471210823,M1_clima6_vetor
1,0.0,-0.08817827048854919,M1_clima6_vetor
1,0.0,-0.9126923727965216,M1_clima6_vetor
1,0.0,0.3135358141906124,M1_clima6_vetor
1,0.0,0.07359963244024174,M1_clima6_vetor
1,0.0,0.3801453306131033,M1_clima6_vetor
1,0.0,-0.2207407321130586,M1_clima6_vetor
1,0.0,0.6210430287302514,M1_clima6_vetor
1,0.0,-0.28461256443364225,M1_clima6_vetor
1,0.0,-0.18578908963608107,M1_clima6_vetor
1,0.0,-0.08810270903591447,M1_clima6_vetor
1,0.0,-0.090496923771584,M1_clima6_vetor
1,0.0,0.3335637924104027,M1_clima6_vetor
1,0.0,0.28379399857925314,M1_clima6_vetor
1,0.0,0.3792884560377737,M1_clima6_vetor
1,0.0,1.2838564947063758,M1_clima6_vetor
1,0.0,-0.33665315561216297,M1_clima6_vetor
1,0.0,0.9638082775656185,M1_clima6_vetor
1,2.0,-0.07439948134212544,M1_clima6_vetor
1,1.0,-0.14348964226516198,M1_clima6_vetor
1,1.0,0.7774981102208787,M1_clima6_vetor
1,9.0,2.684143940689408,M1_clima6_vetor
1,12.0,10.398144207644552,M1_clima6_vetor
1,7.0,7.200056209221368,M1_clima6_vetor
1,5.0,6.634754431037219,M1_clima6_vetor
1,1.0,0.16901581948615468,M1_clima6_vetor
1,0.0,0.25929189292305294,M1_clima6_vetor
1,0.0,0.5937123747866077,M1_clima6_vetor
1,0.0,-0.20255623897056418,M1_clima6_vetor
1,0.0,0.006573121323308589,M1_clima6_vetor
1,0.0,0.19121175037230045,M1_clima6_vetor
1,0.0,-0.1220874073497267,M1_clima6_vetor
1,0.0,-0.12879352629586444,M1_clima6_vetor
1,0.0,-0.04615756264344714,M1_clima6_vetor
1,0.0,0.20041597889489646,M1_clima6_vetor
1,0.0,0.053937294419819724,M1_clima6_vetor
1,0.0,0.22069650718940573,M1_clima6_vetor
1,0.0,0.5185607513960847,M1_clima6_vetor
1,0.0,0.2709115596208831,M1_clima6_vetor
1,0.0,0.3571652208399077,M1_clima6_vetor
1,0.0,0.9497921257311808,M1_clima6_vetor
1,0.0,0.650489753169257,M1_clima6_vetor
1,0.0,0.537009271434391,M1_clima6_vetor
1,2.0,0.14650814856841518,M1_clima6_vetor
1,20.0,13.237129336997436,M1_clima6_vetor
1,203.0,49.56028269699942,M1_clima6_vetor
1,463.0,155.4219328244356,M1_clima6_vetor
1,524.0,351.5027234779219,M1_clima6_vetor
1,879.0,613.0931071436445,M1_clima6_vetor
1,344.0,589.9959643210752,M1_clima6_vetor
1,313.0,226.9184889643981,M1_clima6_vetor
1,92.0,90.42195769006469,M1_clima6_vetor
1,17.0,83.99304548649071,M1_clima6_vetor
1,19.0,24.617801062284826,M1_clima6_vetor
1,24.0,7.688159977115426,M1_clima6_vetor
1,11.0,11.43561945570659,M1_clima6_vetor
1,3.0,9.162397134992071,M1_clima6_vetor
1,3.0,-0.5642112605833645,M1_clima6_vetor
1,0.0,0.2740582574424126,M1_clima6_vetor
1,0.0,0.16121312358541978,M1_clima6_vetor
1,6.0,0.06975541049598939,M1_clima6_vetor
1,7.0,5.990772174380214,M1_clima6_vetor
1,10.0,8.023369101248184,M1_clima6_vetor
1,0.0,2.360788798868381,M1_clima6_vetor
1,0.0,2.444814879657153,M1_clima6_vetor
1,2.0,-2.5077083516050114,M1_clima6_vetor
1,2.0,4.627251883637659,M1_clima6_vetor
1,10.0,2.5016041887501244,M1_clima6_vetor
1,27.0,47.00508222426058,M1_clima6_vetor
1,93.0,12.853416115238028,M1_clima6_vetor
1,250.0,315.1638768654766,M1_clima6_vetor
1,541.0,516.6428638877807,M1_clima6_vetor
1,581.0,587.3111957733032,M1_clima6_vetor
1,762.0,570.4747283500859,M1_clima6_vetor
1,473.0,368.19880861027934,M1_clima6_vetor
1,225.0,559.9148314335605,M1_clima6_vetor
1,66.0,226.79822093856455,M1_clima6_vetor
1,74.0,63.718508440813174,M1_clima6_vetor
1,32.0,32.99887951356854,M1_clima6_vetor
1,15.0,23.38087631883686,M1_clima6_vetor
1,13.0,19.75383024894524,M1_clima6_vetor
1,9.0,7.705491783449879,M1_clima6_vetor
1,9.0,0.10732730576849452,M1_clima6_vetor
1,0.0,0.9975487662462907,M1_clima6_vetor
1,5.0,4.450140999395308,M1_clima6_vetor
1,3.0,1.0534722180561653,M1_clima6_vetor
1,6.0,10.47434136242506,M1_clima6_vetor
1,3.0,2.749392788915763,M1_clima6_vetor
1,7.0,0.6993924747587683,M1_clima6_vetor
1,3.0,7.430034229321543,M1_clima6_vetor
1,9.0,15.885157173234525,M1_clima6_vetor
1,12.0,11.832316834779583,M1_clima6_vetor
1,39.0,65.04783178010618,M1_clima6_vetor
1,156.0,133.73476066610684,M1_clima6_vetor
1,558.0,466.5136758888306,M1_clima6_vetor
1,1227.0,784.4611664914153,M1_clima6_vetor
1,1109.0,741.5256279081958,M1_clima6_vetor
1,1849.0,791.8253276433167,M1_clima6_vetor
1,1855.0,1426.5219780938994,M1_clima6_vetor
1,194.0,222.9381641914734,M1_clima6_vetor
1,22.0,41.63648479151498,M1_clima6_vetor
1,13.0,10.920774149002476,M1_clima6_vetor
1,13.0,16.57384208944697,M1_clima6_vetor
1,13.0,13.6163357832369,M1_clima6_vetor
1,9.0,12.076325872604766,M1_clima6_vetor
1,10.0,9.26042846236621,M1_clima6_vetor
1,3.0,8.423582470526524,M1_clima6_vetor
1,2.0,7.019165596086475,M1_clima6_vetor
1,3.0,3.5716873143322307,M1_clima6_vetor
1,2.0,2.1645198648605897,M1_clima6_vetor
1,7.0,1.475922522396156,M1_clima6_vetor
1,5.0,3.8755683850433122,M1_clima6_vetor
1,1.0,2.6685629526281076,M1_clima6_vetor
1,26.0,38.91910373882688,M1_clima6_vetor
1,37.0,53.08384290064764,M1_clima6_vetor
1,75.0,72.28945929694135,M1_clima6_vetor
1,245.0,293.6549229988602,M1_clima6_vetor
1,494.0,385.91583506903095,M1_clima6_vetor
1,1199.0,970.4236928567892,M1_clima6_vetor
1,2381.0,1246.1109136220343,M1_clima6_vetor
1,2247.0,1644.1026357032404,M1_clima6_vetor
1,2212.0,1995.0477150825807,M1_clima6_vetor
1,1944.0,2185.2663902269987,M1_clima6_vetor
1,883.0,1980.6769018389186,M1_clima6_vetor
1,257.0,416.37923182114133,M1_clima6_vetor
1,50.0,79.31789721612267,M1_clima6_vetor
1,13.0,15.23533566029151,M1_clima6_vetor
1,9.0,12.418785813495047,M1_clima6_vetor
1,4.0,2.5790392328701457,M1_clima6_vetor
1,9.0,6.932384791306216,M1_clima6_vetor
1,8.0,2.680245683924795,M1_clima6_vetor
1,3.0,3.430149229697465,M1_clima6_vetor
1,6.0,7.22497170712741,M1_clima6_vetor
1,5.0,6.853631825324886,M1_clima6_vetor
1,8.0,3.699263043442308,M1_clima6_vetor
1,0.0,3.6283626232921087,M1_clima6_vetor
1,2.0,2.4555542048001238,M1_clima6_vetor
1,2.0,2.7662534703361494,M1_clima6_vetor
1,1.0,2.392957019856436,M1_clima6_vetor
1,2.0,3.1401669594560833,M1_clima6_vetor
1,1.0,8.592622598772982,M1_clima6_vetor
1,1.0,-4.544278827402879,M1_clima6_vetor
4,3.0,8.47057021959021,M1_clima6_vetor
4,0.0,-0.01714382468378684,M1_clima6_vetor
4,0.0,-1.6818205981802745,M1_clima6_vetor
4,0.0,1.7187609552121632,M1_clima6_vetor
4,0.0,0.1252183859999673,M1_clima6_vetor
4,0.0,-0.3379823635554548,M1_clima6_vetor
4,0.0,-0.21058489424092297,M1_clima6_vetor
4,0.0,0.5134746302183851,M1_clima6_vetor
4,0.0,0.019182462690682283,M1_clima6_vetor
4,0.0,-0.016651991568441483,M1_clima6_vetor
4,0.0,-0.044591011202022864,M1_clima6_vetor
4,0.0,0.6445014616972996,M1_clima6_vetor
4,0.0,0.24942239835020547,M1_clima6_vetor
4,0.0,-0.07606757031240036,M1_clima6_vetor
4,0.0,0.3199365953172833,M1_clima6_vetor
4,0.0,0.009829777153909328,M1_clima6_vetor
4,0.0,-0.19655424226269294,M1_clima6_vetor
4,0.0,0.4623268666335148,M1_clima6_vetor
4,0.0,0.2518948491919281,M1_clima6_vetor
4,0.0,0.3661393334253676,M1_clima6_vetor
4,0.0,1.6733290143225226,M1_clima6_vetor
4,0.0,-0.008137258503108981,M1_clima6_vetor
4,0.0,1.4368613192218398,M1_clima6_vetor
4,0.0,6.1927409729189105,M1_clima6_vetor
4,0.0,3.44889545499744,M1_clima6_vetor
4,1.0,5.052933306324083,M1_clima6_vetor
4,12.0,2.4821498821948773,M1_clima6_vetor
4,8.0,-0.4431545034007721,M1_clima6_vetor
4,9.0,42.724241798757696,M1_clima6_vetor
4,0.0,9.554544428497007,M1_clima6_vetor
4,1.0,-2.9796923358405043,M1_clima6_vetor
4,0.0,-2.253756061903438,M1_clima6_vetor
4,1.0,0.7963122630262213,M1_clima6_vetor
4,1.0,-0.056362485734596214,M1_clima6_vetor
4,0.0,0.5090182436157996,M1_clima6_vetor
4,0.0,0.6714262440831389,M1_clima6_vetor
4,0.0,-0.09430758714026499,M1_clima6_vetor
4,0.0,-0.010214019065873003,M1_clima6_vetor
4,0.0,0.15053104030581915,M1_clima6_vetor
4,0.0,0.038136119135450036,M1_clima6_vetor
4,0.0,0.0177048990649006,M1_clima6_vetor
4,0.0,0.014335438996791648,M1_clima6_vetor
4,0.0,0.33857374030104165,M1_clima6_vetor
4,1.0,0.6917083902647854,M1_clima6_vetor
4,0.0,0.6743025741428191,M1_clima6_vetor
4,1.0,1.4711637111035496,M1_clima6_vetor
4,2.0,-0.7002934130518624,M1_clima6_vetor
4,1.0,-0.7121838310447736,M1_clima6_vetor
4,9.0,0.2204602431698493,M1_clima6_vetor
4,51.0,9.221988399590607,M1_clima6_vetor
4,269.0,110.74666739327535,M1_clima6_vetor
4,482.0,56.155136836714334,M1_clima6_vetor
4,753.0,337.37330585711527,M1_clima6_vetor
4,569.0,695.3322439382331,M1_clima6_vetor
4,223.0,415.04188490820906,M1_clima6_vetor
4,122.0,388.2231964657636,M1_clima6_vetor
4,61.0,189.47970944805613,M1_clima6_vetor
4,26.0,45.73986462600748,M1_clima6_vetor
4,14.0,9.157572033901035,M1_clima6_vetor
4,13.0,13.545365230917037,M1_clima6_vetor
4,11.0,1.7592190430609007,M1_clima6_vetor
4,3.0,6.821584530872095,M1_clima6_vetor
4,1.0,6.4345526839879845,M1_clima6_vetor
4,0.0,0.6249482392598711,M1_clima6_vetor
4,0.0,0.32071321723727936,M1_clima6_vetor
4,11.0,0.3286881715755829,M1_clima6_vetor
4,9.0,0.47904614899090436,M1_clima6_vetor
4,4.0,10.233074870000506,M1_clima6_vetor
4,1.0,2.7137588307239255,M1_clima6_vetor
4,3.0,-0.9060638416429633,M1_clima6_vetor
4,0.0,0.6390683957847634,M1_clima6_vetor
4,0.0,-3.785528378545475,M1_clima6_vetor
4,7.0,5.667329269092762,M1_clima6_vetor
4,37.0,136.2781681929718,M1_clima6_vetor
4,199.0,565.0847788976463,M1_clima6_vetor
4,360.0,73.12198205809001,M1_clima6_vetor
4,589.0,457.68745735170916,M1_clima6_vetor
4,760.0,486.4696584735075,M1_clima6_vetor
4,540.0,375.8713399295896,M1_clima6_vetor
4,450.0,223.47917957772003,M1_clima6_vetor
4,219.0,221.45780017467354,M1_clima6_vetor
4,76.0,158.61329616331574,M1_clima6_vetor
4,52.0,81.22628945845412,M1_clima6_vetor
4,25.0,22.794641993041036,M1_clima6_vetor
4,18.0,14.958613865749063,M1_clima6_vetor
4,9.0,13.680677500521107,M1_clima6_vetor
4,1.0,3.55956027475371,M1_clima6_vetor
4,3.0,0.6718232631563089,M1_clima6_vetor
4,5.0,0.1412322225309545,M1_clima6_vetor
4,4.0,2.3756147422958973,M1_clima6_vetor
4,7.0,4.345796901637098,M1_clima6_vetor
4,0.0,2.5338186617953404,M1_clima6_vetor
4,3.0,4.886005051265472,M1_clima6_vetor
4,3.0,1.4256258605304186,M1_clima6_vetor
4,10.0,2.7996243717560723,M1_clima6_vetor
4,11.0,14.253854080842398,M1_clima6_vetor
4,30.0,13.332081570743874,M1_clima6_vetor
4,80.0,114.5906138983944,M1_clima6_vetor
4,249.0,230.4506002748362,M1_clima6_vetor
4,1311.0,592.5423636058699,M1_clima6_vetor
4,995.0,591.8520523195691,M1_clima6_vetor
4,1601.0,1020.0265602242947,M1_clima6_vetor
4,1783.0,603.1965716442996,M1_clima6_vetor
4,1347.0,1250.3315453278135,M1_clima6_vetor
4,1510.0,1131.133083517016,M1_clima6_vetor
4,10.0,54.116384408750434,M1_clima6_vetor
4,22.0,17.6248108029015,M1_clima6_vetor
4,16.0,9.27933219699678,M1_clima6_vetor
4,14.0,4.720001284815874,M1_clima6_vetor
4,7.0,5.374031966149645,M1_clima6_vetor
4,7.0,6.1516809239758805,M1_clima6_vetor
4,6.0,4.444815407305554,M1_clima6_vetor
4,3.0,5.060667419966845,M1_clima6_vetor
4,1.0,5.171781111195916,M1_clima6_vetor
4,0.0,1.2760550642904245,M1_clima6_vetor
4,4.0,2.787624668509285,M1_clima6_vetor
4,1.0,2.0144711523399703,M1_clima6_vetor
4,19.0,3.5672645546889217,M1_clima6_vetor
4,32.0,20.147584739166028,M1_clima6_vetor
4,47.0,117.20248044746093,M1_clima6_vetor
4,161.0,135.31017530411143,M1_clima6_vetor
4,383.0,530.5437116511328,M1_clima6_vetor
4,917.0,547.8284185211133,M1_clima6_vetor
4,1801.0,957.3263359162705,M1_clima6_vetor
4,2184.0,1306.6891362520905,M1_clima6_vetor
4,2229.0,1847.7177835871832,M1_clima6_vetor
4,2159.0,765.2422254698934,M1_clima6_vetor
4,1988.0,1204.9368483238243,M1_clima6_vetor
4,579.0,809.8113797611477,M1_clima6_vetor
4,105.0,295.7567320357823,M1_clima6_vetor
4,22.0,-44.03576753842491,M1_clima6_vetor
4,7.0,9.768938518575391,M1_clima6_vetor
4,5.0,16.52932787228573,M1_clima6_vetor
4,11.0,5.579102378791217,M1_clima6_vetor
4,4.0,3.5286310812339177,M1_clima6_vetor
4,6.0,4.661951070014535,M1_clima6_vetor
4,9.0,2.8438847439511012,M1_clima6_vetor
4,7.0,4.488010914076095,M1_clima6_vetor
4,4.0,5.062750258761357,M1_clima6_vetor
4,4.0,4.2349689357863305,M1_clima6_vetor
4,5.0,2.864323050237179,M1_clima6_vetor
4,3.0,3.834464583556094,M1_clima6_vetor
4,1.0,3.895983196712874,M1_clima6_vetor
4,0.0,11.793831360670213,M1_clima6_vetor
4,1.0,11.224926901245071,M1_clima6_vetor
4,1.0,15.533403667887457,M1_clima6_vetor
8,0.0,29.30032200468899,M1_clima6_vetor
8,0.0,3.5743624413907322,M1_clima6_vetor
8,0.0,5.284831473472905,M1_clima6_vetor
8,0.0,-1.2094671829652945,M1_clima6_vetor
8,0.0,0.07147149652110094,M1_clima6_vetor
8,0.0,-0.295787451940538,M1_clima6_vetor
8,0.0,-0.05633743448264456,M1_clima6_vetor
8,0.0,-0.15503903929564541,M1_clima6_vetor
8,0.0,0.08840117040465495,M1_clima6_vetor
8,0.0,0.12480176250826962,M1_clima6_vetor
8,0.0,0.061182971169093436,M1_clima6_vetor
8,0.0,-0.2568104319712613,M1_clima6_vetor
8,0.0,-0.006276588064508613,M1_clima6_vetor
8,0.0,-0.04709534418387733,M1_clima6_vetor
8,0.0,-0.0159096725817396,M1_clima6_vetor
8,0.0,0.1595386771598638,M1_clima6_vetor
8,0.0,0.4357760727435209,M1_clima6_vetor
8,0.0,1.7148860606095973,M1_clima6_vetor
8,0.0,1.6896299366416754,M1_clima6_vetor
8,0.0,0.9201423313989949,M1_clima6_vetor
8,0.0,1.51970190256757,M1_clima6_vetor
8,0.0,7.637346481788513,M1_clima6_vetor
8,0.0,4.73352047315111,M1_clima6_vetor
8,1.0,12.051816355024327,M1_clima6_vetor
8,12.0,9.763785451453236,M1_clima6_vetor
8,8.0,5.791603038246457,M1_clima6_vetor
8,9.0,0.3547423005693361,M1_clima6_vetor
8,0.0,11.03386377130057,M1_clima6_vetor
8,1.0,19.92770723149793,M1_clima6_vetor
8,0.0,9.160049379090111,M1_clima6_vetor
8,1.0,-0.550831257674986,M1_clima6_vetor
8,1.0,-0.2255057504834332,M1_clima6_vetor
8,0.0,0.3269803783702122,M1_clima6_vetor
8,0.0,0.16408071258179321,M1_clima6_vetor
8,0.0,0.39856613023959314,M1_clima6_vetor
8,0.0,0.4380796870645816,M1_clima6_vetor
8,0.0,0.054947624788199145,M1_clima6_vetor
8,0.0,-0.04858348751117411,M1_clima6_vetor
8,0.0,-0.02526564380235695,M1_clima6_vetor
8,0.0,-0.006942231593175973,M1_clima6_vetor
8,0.0,0.22257323069077917,M1_clima6_vetor
8,1.0,0.3064125932368038,M1_clima6_vetor
8,0.0,0.26304269161914684,M1_clima6_vetor
8,1.0,0.5299781347842883,M1_clima6_vetor
8,2.0,-0.11816399716169701,M1_clima6_vetor
8,1.0,1.8723942074394921,M1_clima6_vetor
8,9.0,-1.854462074307061,M1_clima6_vetor
8,51.0,13.168728958304586,M1_clima6_vetor
8,269.0,48.42798429065751,M1_clima6_vetor
8,482.0,63.11426533804865,M1_clima6_vetor
8,753.0,216.65996812371893,M1_clima6_vetor
8,569.0,336.3866595168176,M1_clima6_vetor
8,223.0,263.00716277181886,M1_clima6_vetor
8,122.0,484.0755689619534,M1_clima6_vetor
8,61.0,31.39471455826611,M1_clima6_vetor
8,26.0,37.688726437965244,M1_clima6_vetor
8,14.0,29.76601226367129,M1_clima6_vetor
8,13.0,7.3729306686815494,M1_clima6_vetor
8,11.0,1.4428476979774763,M1_clima6_vetor
8,3.0,1.9007529701518355,M1_clima6_vetor
8,1.0,0.910879721609254,M1_clima6_vetor
8,0.0,0.6946027727939827,M1_clima6_vetor
8,0.0,3.651305355234165,M1_clima6_vetor
8,0.0,0.39383763399789423,M1_clima6_vetor
8,9.0,0.35160930866328866,M1_clima6_vetor
8,4.0,0.7362612190344733,M1_clima6_vetor
8,1.0,0.161929480541806,M1_clima6_vetor
8,3.0,2.3130218328114283,M1_clima6_vetor
8,0.0,0.9671242577766306,M1_clima6_vetor
8,0.0,1.649827091650587,M1_clima6_vetor
8,7.0,3.265188486803303,M1_clima6_vetor
8,37.0,24.59816128032371,M1_clima6_vetor
8,199.0,91.87932503885614,M1_clima6_vetor
8,360.0,264.63881840507133,M1_clima6_vetor
8,589.0,472.3856730048437,M1_clima6_vetor
8,760.0,464.4981600090013,M1_clima6_vetor
8,540.0,53.51943511334954,M1_clima6_vetor
8,450.0,281.0523257506497,M1_clima6_vetor
8,219.0,199.52524917938024,M1_clima6_vetor
8,76.0,-6.180235674214359,M1_clima6_vetor
8,52.0,26.164054815806495,M1_clima6_vetor
8,25.0,25.84586819243404,M1_clima6_vetor
8,18.0,33.02172101380227,M1_clima6_vetor
8,9.0,14.274427440171323,M1_clima6_vetor
8,1.0,5.349220016598378,M1_clima6_vetor
8,3.0,3.34744309429561,M1_clima6_vetor
8,5.0,2.1978750654906785,M1_clima6_vetor
8,4.0,3.185579762992404,M1_clima6_vetor
8,7.0,3.7754898323207824,M1_clima6_vetor
8,0.0,5.493842893491296,M1_clima6_vetor
8,3.0,4.394812687953686,M1_clima6_vetor
8,3.0,3.858636822991517,M1_clima6_vetor
8,10.0,2.6164564919720523,M1_clima6_vetor
8,11.0,-1.0056057984057192,M1_clima6_vetor
8,30.0,11.425017296093955,M1_clima6_vetor
8,80.0,14.971925947842234,M1_clima6_vetor
8,249.0,116.38925714134743,M1_clima6_vetor
8,1311.0,515.836005987572,M1_clima6_vetor
8,995.0,396.69256937096634,M1_clima6_vetor
8,1601.0,1171.032000555368,M1_clima6_vetor
8,1783.0,1126.4767697726581,M1_clima6_vetor
8,1347.0,1538.6937397280444,M1_clima6_vetor
8,1510.0,84.8034771484131,M1_clima6_vetor
8,520.0,150.96950434982713,M1_clima6_vetor
8,263.0,214.90820806202512,M1_clima6_vetor
8,16.0,4.595230273765479,M1_clima6_vetor
8,14.0,11.132085544465363,M1_clima6_vetor
8,7.0,6.40984010487114,M1_clima6_vetor
8,7.0,2.126147970402445,M1_clima6_vetor
8,6.0,2.7354020542258706,M1_clima6_vetor
8,3.0,2.673360236079785,M1_clima6_vetor
8,1.0,3.1018205573720214,M1_clima6_vetor
8,0.0,3.556459859789967,M1_clima6_vetor
8,4.0,2.938555792316297,M1_clima6_vetor
8,1.0,4.209648035882974,M1_clima6_vetor
8,19.0,2.7873813121792366,M1_clima6_vetor
8,32.0,4.848440531721575,M1_clima6_vetor
8,47.0,36.74782031981403,M1_clima6_vetor
8,161.0,69.35185316018632,M1_clima6_vetor
8,383.0,129.35244557182673,M1_clima6_vetor
8,917.0,803.9857808408862,M1_clima6_vetor
8,1801.0,1134.7322659475085,M1_clima6_vetor
8,2184.0,2087.1018407680845,M1_clima6_vetor
8,2229.0,1830.84391807531,M1_clima6_vetor
8,2159.0,957.6112649141796,M1_clima6_vetor
8,1988.0,745.3875142075512,M1_clima6_vetor
8,579.0,251.55034479508194,M1_clima6_vetor
8,105.0,414.5606907444073,M1_clima6_vetor
8,22.0,243.547102708088,M1_clima6_vetor
8,7.0,44.68650964815334,M1_clima6_vetor
8,5.0,-3.4848421696407823,M1_clima6_vetor
8,11.0,11.955924347282618,M1_clima6_vetor
8,4.0,7.340660387975415,M1_clima6_vetor
8,6.0,2.506643387423223,M1_clima6_vetor
8,9.0,2.88557119990534,M1_clima6_vetor
8,7.0,4.370719455157409,M1_clima6_vetor
8,4.0,3.744030541798932,M1_clima6_vetor
8,4.0,3.7036869226048608,M1_clima6_vetor
8,5.0,4.27382863219568,M1_clima6_vetor
8,3.0,4.428237584517402,M1_clima6_vetor
8,1.0,3.6086579722674337,M1_clima6_vetor
8,0.0,5.381733029599727,M1_clima6_vetor
8,1.0,5.253473180939553,M1_clima6_vetor
8,1.0,44.4103923765042,M1_clima6_vetor
12,0.0,21.339019968502146,M1_clima6_vetor
12,0.0,35.9382940108067,M1_clima6_vetor
12,0.0,6.9346317865274365,M1_clima6_vetor
12,0.0,0.5504697875797147,M1_clima6_vetor
12,0.0,0.6219064009767317,M1_clima6_vetor
12,0.0,-0.057761046944415,M1_clima6_vetor
12,0.0,0.0635003521976377,M1_clima6_vetor
12,0.0,-0.32691015258589173,M1_clima6_vetor
12,0.0,-0.016858355810828098,M1_clima6_vetor
12,0.0,-0.17682322921453844,M1_clima6_vetor
12,0.0,0.010099127360831371,M1_clima6_vetor
12,0.0,-0.38601174199593696,M1_clima6_vetor
12,0.0,0.06800750019560989,M1_clima6_vetor
12,0.0,0.37815567487533286,M1_clima6_vetor
12,0.0,0.7654903615179462,M1_clima6_vetor
12,0.0,1.0358254219688496,M1_clima6_vetor
12,0.0,3.0478218270481796,M1_clima6_vetor
12,0.0,2.51994720907697,M1_clima6_vetor
12,0.0,2.3152516314263347,M1_clima6_vetor
12,0.0,5.162401059992608,M1_clima6_vetor
12,0.0,3.907477958840912,M1_clima6_vetor
12,1.0,8.09761094365145,M1_clima6_vetor
12,12.0,11.007055365084941,M1_clima6_vetor
12,8.0,41.22070243708888,M1_clima6_vetor
12,9.0,37.383444928023856,M1_clima6_vetor
12,0.0,2.252561329301157,M1_clima6_vetor
12,1.0,35.8376670520345,M1_clima6_vetor
12,0.0,5.312371316163129,M1_clima6_vetor
12,1.0,6.089264374965199,M1_clima6_vetor
12,1.0,1.189366918415176,M1_clima6_vetor
12,0.0,-0.23639324142249074,M1_clima6_vetor
12,0.0,0.812487103470414,M1_clima6_vetor
12,0.0,0.04134833695189281,M1_clima6_vetor
12,0.0,-0.05929466392249063,M1_clima6_vetor
12,0.0,-0.03910973268659578,M1_clima6_vetor
12,0.0,-0.026461210585481357,M1_clima6_vetor
12,0.0,-0.009791842538970788,M1_clima6_vetor
12,0.0,0.016562319512445908,M1_clima6_vetor
12,0.0,0.16237457745002354,M1_clima6_vetor
12,1.0,0.2571282939780096,M1_clima6_vetor
12,0.0,0.727987465909142,M1_clima6_vetor
12,1.0,0.48865890002691226,M1_clima6_vetor
12,2.0,-0.32246845979868843,M1_clima6_vetor
12,1.0,1.539864793840991,M1_clima6_vetor
12,9.0,-1.548416797527826,M1_clima6_vetor
12,51.0,8.992309022753997,M1_clima6_vetor
12,269.0,46.090221448373946,M1_clima6_vetor
12,482.0,150.77487999974,M1_clima6_vetor
12,753.0,295.26084780891676,M1_clima6_vetor
12,569.0,240.1538327391818,M1_clima6_vetor
12,223.0,113.99008090927741,M1_clima6_vetor
12,122.0,428.8726092895599,M1_clima6_vetor
12,61.0,112.73103214667313,M1_clima6_vetor
12,26.0,4.421947548117071,M1_clima6_vetor
12,14.0,-0.6486188068890189,M1_clima6_vetor
12,13.0,14.298143145235485,M1_clima6_vetor
12,11.0,22.956525050152866,M1_clima6_vetor
12,3.0,-4.253804673813819,M1_clima6_vetor
12,1.0,-1.034036273811062,M1_clima6_vetor
12,0.0,1.3661095633007774,M1_clima6_vetor
12,0.0,0.27565765974456513,M1_clima6_vetor
12,0.0,0.5336663423597297,M1_clima6_vetor
12,0.0,2.5287437691054095,M1_clima6_vetor
12,6.0,0.4492638085185528,M1_clima6_vetor
12,1.0,1.9373060167779474,M1_clima6_vetor
12,3.0,0.3796343972664294,M1_clima6_vetor
12,0.0,1.3223180760429887,M1_clima6_vetor
12,0.0,4.4396276040719025,M1_clima6_vetor
12,7.0,5.936663171378726,M1_clima6_vetor
12,37.0,-0.6024140574143226,M1_clima6_vetor
12,199.0,47.89585566719262,M1_clima6_vetor
12,360.0,445.1090727793925,M1_clima6_vetor
12,589.0,98.28565078116884,M1_clima6_vetor
12,760.0,223.64796292566805,M1_clima6_vetor
12,540.0,11.447905054870397,M1_clima6_vetor
12,450.0,141.3603392103171,M1_clima6_vetor
12,219.0,78.99183121220354,M1_clima6_vetor
12,76.0,160.51709932537307,M1_clima6_vetor
12,52.0,4.030341555876936,M1_clima6_vetor
12,25.0,18.1276438065857,M1_clima6_vetor
12,18.0,24.776287234904398,M1_clima6_vetor
12,9.0,21.580427282775624,M1_clima6_vetor
12,1.0,7.6294850217765084,M1_clima6_vetor
12,3.0,6.193140943908807,M1_clima6_vetor
12,5.0,1.599940309633353,M1_clima6_vetor
12,4.0,1.8830270695951568,M1_clima6_vetor
12,7.0,1.0100818815376882,M1_clima6_vetor
12,0.0,3.786265431091882,M1_clima6_vetor
12,3.0,2.19798581970264,M1_clima6_vetor
12,3.0,0.9172318404335691,M1_clima6_vetor
12,10.0,1.8016167297655634,M1_clima6_vetor
12,11.0,3.3255749565471127,M1_clima6_vetor
12,30.0,9.9817912680971,M1_clima6_vetor
12,80.0,45.36693800255441,M1_clima6_vetor
12,249.0,43.52605035074807,M1_clima6_vetor
12,1311.0,232.9260396413477,M1_clima6_vetor
12,995.0,658.1810689701705,M1_clima6_vetor
12,1601.0,1056.1252542396762,M1_clima6_vetor
12,1783.0,1095.680914362234,M1_clima6_vetor
12,1347.0,694.3696696195692,M1_clima6_vetor
12,1510.0,123.60180836973807,M1_clima6_vetor
12,520.0,292.4839924966895,M1_clima6_vetor
12,263.0,114.16626795590949,M1_clima6_vetor
12,194.0,89.4821403866705,M1_clima6_vetor
12,22.0,97.502768133266,M1_clima6_vetor
12,7.0,0.8960646585796913,M1_clima6_vetor
12,7.0,2.896530864964343,M1_clima6_vetor
12,6.0,1.6036790132820162,M1_clima6_vetor
12,3.0,1.236200201791494,M1_clima6_vetor
12,1.0,3.1782823072686384,M1_clima6_vetor
12,0.0,2.506440423580097,M1_clima6_vetor
12,4.0,3.198140040438511,M1_clima6_vetor
12,1.0,2.3657056932628304,M1_clima6_vetor
12,19.0,4.0996373180120855,M1_clima6_vetor
12,32.0,7.623952543704875,M1_clima6_vetor
12,47.0,13.122634477419192,M1_clima6_vetor
12,161.0,19.373491968134815,M1_clima6_vetor
12,383.0,205.10602513157306,M1_clima6_vetor
12,917.0,783.3944901796006,M1_clima6_vetor
12,1801.0,817.3879428951291,M1_clima6_vetor
12,2184.0,1886.1607390391982,M1_clima6_vetor
12,2229.0,1522.14626286183,M1_clima6_vetor
12,2159.0,773.933199362492,M1_clima6_vetor
12,1988.0,504.7704349939249,M1_clima6_vetor
12,579.0,198.7861642801376,M1_clima6_vetor
12,105.0,256.6618395421496,M1_clima6_vetor
12,22.0,100.16122189055002,M1_clima6_vetor
12,7.0,6.923792464020752,M1_clima6_vetor
12,5.0,-4.916185858832779,M1_clima6_vetor
12,11.0,1.6166170377145592,M1_clima6_vetor
12,4.0,2.9005576179289836,M1_clima6_vetor
12,6.0,4.431881149788656,M1_clima6_vetor
12,9.0,2.160139608685013,M1_clima6_vetor
12,7.0,2.349605280265872,M1_clima6_vetor
12,4.0,1.6457589187035646,M1_clima6_vetor
12,4.0,4.306240553346676,M1_clima6_vetor
12,5.0,2.3146303803556743,M1_clima6_vetor
12,3.0,2.9795496374683887,M1_clima6_vetor
12,1.0,4.314298503095944,M1_clima6_vetor
12,0.0,11.652320632330362,M1_clima6_vetor
12,1.0,2.8766111070368257,M1_clima6_vetor
12,1.0,14.08624369969836,M1_clima6_vetor
